id,createdDate,updatedDate,version,authorizationId,agentId,storageAggregatorId,type
01b3adec-f38f-414f-9376-7988b9483795,"2024-08-27 14:18:49.000112","2024-08-28 15:09:37.553177",1,b124b1cf-79a4-44eb-900b-d4b357412fd3,3c2ddd6d-28cc-44ae-822d-1c075eb4e52a,79519bcd-a757-49c9-9650-32c729f3f13c,user
030dbb5d-0fab-4bac-b194-4676bdd4550d,"2024-03-25 10:54:35.730395","2024-08-28 15:09:41.886167",1,123c7574-b591-4f7a-bde3-a30ebdcc4a6c,1e2d1704-e6e2-4668-b04f-5446d995182b,958a4fe9-ecdf-42c2-892b-081c9d1f151b,organization
05b83616-5306-43f6-a38e-f7246b270681,"2024-07-26 12:01:21.917018","2024-08-28 15:09:40.439058",2,0513cdd4-fd9b-4986-9665-fcb839ba4618,c6c3d871-0713-47c5-9949-5458127c8155,b01829bc-38c7-428c-be9c-c35e3c7f6b29,user
064a3f21-949f-4abb-81d9-10c880046a24,"2024-03-25 10:54:32.755737","2024-08-28 15:09:41.528918",1,cd971c69-5ca6-4350-8133-c6313bc6888a,949a1611-c880-4ac5-bcd3-c422ce3fd324,ed3c3aad-eb59-407e-b8e1-35b8583b072b,organization
06b0da0a-c975-421e-96c0-429259238717,"2024-08-27 14:18:26.714781","2024-08-28 15:09:38.676222",1,e4f5f134-36f9-4234-820d-411910ed2bfe,eb46f072-f8e7-4adc-b348-0fba0ce90373,6a0ad6e2-cd82-4683-9eeb-42c151f6b1ed,user
06e3c69e-1b31-4770-855b-6047d50dbd67,"2024-03-25 10:54:36.846565","2024-08-28 15:09:41.362120",1,899d91bf-02b2-41aa-908c-69d4e7f77589,8a3adfad-d7e0-4909-9e6f-5acaec169eef,fb1579ad-9700-4b5e-863c-590672fe4250,organization
07187d99-8391-4663-8621-c4047c124048,"2024-06-03 13:32:35.535827","2024-08-28 15:09:39.107820",2,67451437-7d29-4106-bf3d-9d201560ca1c,7acb96c0-3aee-4894-a17b-290f3009f163,459c2714-53fb-4d6f-a7ed-1a0647dafb0c,user
08138512-7619-4ed9-a91f-03d3f74b169e,"2024-08-12 07:27:03.096224","2024-08-28 15:09:42.564769",2,ca59eaa4-3009-4dda-aa49-e4a4250540e8,d440bb0b-a15a-45eb-83e9-f1422f2afd55,09173a46-4489-447b-b76a-bf325060dde8,organization
09051aec-e643-4e53-b0b6-7acc1580641c,"2024-08-27 14:18:28.439046","2024-08-28 15:09:37.391471",1,fcff3dd7-66bb-47de-ac3d-1cafdadee80a,e90ce378-cfab-4c77-a7b1-8e135bc1a56f,95ca0d61-dca6-4232-8e73-ffefd0645e88,user
09d0b819-5c81-4995-ba6f-ea9728e118cb,"2024-08-27 14:18:48.734432","2024-08-28 15:09:38.582476",1,e19bc723-bd3f-4f06-9d32-6a660b68084a,aa690913-26ed-4d4e-9073-c4ed83260782,2631e34d-c18b-4b33-9dd8-2094a9a5eefe,user
0b5e4cd2-1cbe-4ea1-93bd-0498e3568330,"2024-06-25 12:40:06.630561","2024-08-28 15:09:43.757453",2,9af00e3e-16ef-41fb-af34-500bdfde4ca3,6bf4cf52-493f-41e0-9ae5-051e4d54ef53,8d06774c-1b09-4b55-97fa-d76d902fc6f6,organization
0b8aa6cc-65c4-49f0-9a2b-4af03036bb12,"2024-03-25 10:54:34.051939","2024-08-28 15:09:43.912058",1,bb583bcf-432b-44e8-8436-0b1a981cd3c3,f05b4d88-ce4b-471f-ae1c-2c0aec8f8c9e,f628fe32-8028-4ad0-8917-da5357373006,organization
0b973eef-1e1e-429c-8f1d-2b0f3398c25e,"2024-08-27 14:18:30.667384","2024-08-28 15:09:40.944508",1,955a1a6b-93dc-4dc2-9a8d-338ad2f7d100,d045b782-ed25-4498-a7f0-cf7d501a5d02,41d5daf0-65d7-4b4d-9939-beb66eb541c8,user
0e089d76-519f-422e-b3b2-ea2ffa9ac6af,"2024-07-01 07:27:02.118277","2024-08-28 15:09:37.485350",2,4617bcfa-857b-496d-85fd-9eb5ecf06b19,14d73892-ae3f-4663-83ef-7d6aec2bb559,ade4819a-602f-4818-8ade-5abc845d3770,user
0e7b9791-7496-4671-b392-ec90931c6804,"2024-06-05 09:43:27.070490","2024-08-28 15:09:40.719539",2,73171257-987a-4a6f-b9e0-5e0d1b38910b,a7079ef2-558e-4961-9d26-e111304be975,22432d97-f4a2-4553-8f7f-2322ab05003b,user
141912f4-5304-43de-ae27-93132f295277,"2024-03-25 10:54:33.218864","2024-08-28 15:09:43.501570",1,9cb19f58-7cfb-4840-bfbf-c34ceae4d4ca,c1ac07dc-63eb-4fdd-8dec-24038fb1dd51,f23d44d0-dcb0-4fd7-aebc-aeaadb800d15,organization
1511a142-cf8f-4644-bcb4-9e2c14d117a3,"2024-03-25 10:54:30.969954","2024-08-28 15:09:42.533293",1,e35bbe49-c478-4116-935d-8c7b5ee95ebc,96fead7f-b881-48ab-9179-f831be43344c,4d57c054-6120-4948-be01-2f8cb8a72579,organization
15cccbc6-30f3-4546-93a1-82460e8da1cf,"2024-08-27 14:18:22.677395","2024-08-28 15:09:39.300358",1,90a2eff7-0920-4c0f-920c-66e048a6924c,3208ff36-551c-44e4-9a59-ad9c54a2c6b1,69d36007-07b1-4675-97d4-b73adf7b9841,user
16651281-9212-4d25-8d2b-7e9b314185fe,"2024-06-04 13:54:30.417418","2024-08-28 15:09:40.536635",2,f43bca8a-1b1e-4581-bbb5-75f2d2fbc9fd,cee0d921-b726-4fc5-81ef-37edef259752,7b4b59a4-f219-4dcd-94eb-9312dfbdc19e,user
18ea69f9-7676-48f5-87ac-3144f2ed77fb,"2024-08-27 14:18:35.881748","2024-08-28 15:09:38.380894",1,8599d8b0-26ef-4e09-aa7f-78fdeda59326,4bbb636b-97f6-4bdf-af22-f38770554294,1aab44e9-5e08-4579-9a3a-3eb3a8c4cbba,user
19956d54-9d34-4ba9-9862-c644afa2d455,"2024-08-27 14:18:23.356220","2024-08-28 15:09:40.310430",1,cefcb8cd-ef9f-479e-8215-d0d76a9dab48,f7dd8000-b6e1-4324-b2c7-c4e7c0f23548,23173c88-5da6-4dc4-bd74-bc9909de0c9e,user
1a2b11a6-cd7f-4b67-8d6e-aa00caf9b8da,"2024-08-29 08:01:26.731036","2024-08-29 08:01:26.731036",1,9eabfd10-4c17-4f91-9a21-cf2b85fccd89,8f76296b-d670-4147-8742-085adab50981,d2ccfcb8-184f-420d-8da5-025dad5061c8,user
1cf4f71e-de66-4869-aa35-973ddc6f6690,"2024-08-27 14:18:12.625143","2024-08-28 15:09:39.465774",1,6dd72b9d-60f0-46a6-98e3-58907f9ab178,ffb832fb-82ec-44e3-833f-0a7c5be33daa,cdc593e1-7646-4986-a87e-7fe3dc98db18,user
1e08a6f5-bc37-4b20-a857-507e67688572,"2024-08-27 14:18:38.764117","2024-08-28 15:09:40.909659",1,aabc7083-6589-4c3e-a2fc-2da31b17cb2d,921e10b8-5409-4a1f-aa80-4b71912ba73f,8cc3442d-c352-4506-9551-3e70256c6ce0,user
1f4f0bed-8c3e-4e64-b599-4d9a2297aa43,"2024-08-27 14:19:08.634743","2024-08-28 15:09:44.234168",1,91c6b5b8-da17-4cea-8689-d13bb146506b,9e9ef625-5a2b-4745-ae96-eb740e11f56f,c7e4fac3-780a-4650-a64d-b8c2a9f095b6,organization
1facf0a0-394c-4241-ae11-fe9b2530c844,"2024-08-27 14:18:35.590541","2024-08-28 15:09:37.584784",1,06b400b2-e2e8-4bfc-9e13-4d00648c2e2f,aa7c80db-e2bb-4db9-abe3-09284695d87d,1f3043d2-3be2-41b9-a0be-d13eda10edcc,user
200e2621-51cb-4722-8cbd-96eb46bc7d11,"2024-08-27 14:18:12.899210","2024-08-28 15:09:40.817327",1,e78eee30-6098-42d2-9290-dc5c1a3150e0,4a094d2c-7e8b-44f4-b7d1-1bdad821943a,9431763c-c79b-43d6-907a-c3c466e8558a,user
202a2301-5e6a-43ab-a65c-cbcaa3a41461,"2024-03-25 10:54:37.738527","2024-08-28 15:09:42.503432",1,c736e9c1-1503-4f24-8672-30157d6fee6e,0ee5abf4-006d-48f5-85e8-41541bc5ce8f,022d92e7-a8ce-4e39-8c1c-605ab92c33c2,organization
249580c4-9cb1-4f43-abac-0c567a28da11,"2024-08-27 14:18:26.157043","2024-08-28 15:09:38.288045",1,11b021a4-0d57-43e0-917c-68434b846a10,da04ddb8-a6ff-49fa-9c33-030d407867e4,4298c206-ec88-4830-8408-d0831140a953,user
24d089ae-9e23-483b-a1fb-d430f7b652ed,"2024-03-25 10:54:37.393817","2024-08-28 15:09:42.820051",1,8e16863c-129c-4d08-864c-1bbd81fb2ae3,62ee7a51-26d0-49c1-ac7b-43de016e1089,d60f055e-25ca-4daa-860f-327bd62e805d,organization
259699a0-1d02-4e10-aeeb-5a5caff9d31c,"2024-08-27 14:18:48.194235","2024-08-28 15:09:39.913718",1,ac141472-dc1b-4e49-83d4-e6273f24819d,ee2f70f8-a50b-446a-9611-ed998c4906c4,d025aadd-eba1-481e-86c9-0d8deb3b368c,user
25ac229b-19ab-47ec-80ae-58100f9ba844,"2024-08-27 14:19:10.383627","2024-08-28 15:09:42.626977",1,a30e855c-b0ef-4b75-ac27-48ecec8e864c,ff996241-aa64-4af5-a81b-05048c596b2b,4d4e77e4-a111-4b55-9042-24b6353daece,organization
292e155a-9023-4495-a821-47861e2fa0c0,"2024-08-12 13:07:19.645707","2024-08-28 15:09:37.165787",2,f5695fd0-f6e7-466f-9d52-82b47f16b593,09be2c63-8e35-4860-8c6e-46cb378f773e,6ac0fe7f-f3a2-4b58-a53a-6b9aabe1a698,user
29622a75-8df0-4767-989c-2fd051a28d63,"2024-08-27 14:18:43.428393","2024-08-28 15:09:40.043466",1,6c9e1529-751b-48d3-9674-788c8f19976c,e31fc4e8-889d-40ee-8427-874b662c009a,ed02dcb3-76b9-454e-98cf-c6cd6726328b,user
2a1e1e2e-0f3f-41b7-b9fc-45a4dd77be5f,"2024-04-08 09:19:54.977819","2024-08-28 15:09:42.111815",5,85adecba-84ff-43ad-a7b5-8ac0c0441ca4,c40e3d86-7895-462a-a45d-af09a4006405,ff7925b7-fe8b-4cab-a7be-f3544100e2ee,organization
2cabf609-2714-4d45-ab71-fb02be2b3b17,"2024-07-08 11:19:38.219893","2024-08-28 15:09:39.723584",2,6606ac33-ac91-4832-b3f7-32d9a1016a07,d3deefe9-d5a7-4b06-b769-fd55d04146f8,2a4da4ea-dd17-4be0-a60f-b81428e1733e,user
2cffd3b5-95ba-48f4-949a-b279d8d2eb96,"2024-07-05 13:59:50.156300","2024-08-28 15:09:36.853434",2,27d25cfc-d0f7-471b-b6a0-e594ef237c24,fb5741f2-d05b-43a7-b58f-8fb096efbdb4,0427a44a-3aea-48d2-814f-8bf3e371d958,user
2e507477-614e-47da-955f-57f02a9b1fe3,"2024-08-27 14:18:31.969841","2024-08-28 15:09:38.454691",1,03889c10-6ae2-4526-8f8b-4bb6110fae37,69b27191-6936-4afb-a302-c517de27d209,cc0d761e-70e9-49b7-b6b1-e40343d15491,user
2ffc1c34-629b-4231-ae6b-1bea89787a9d,"2024-03-25 10:54:31.824391","2024-08-28 15:09:41.639775",1,1a6fbef7-438d-4a5f-a3a7-b25fb91061ec,9ee8e8be-4733-4176-aa1a-a04fe9c99c62,42f2da0c-e096-4c4e-a3f6-5dcdef78f08e,organization
303b969b-ea50-4fc7-bf60-9ac285301ab5,"2024-09-10 10:01:56.362537","2024-09-10 10:01:56.362537",1,a00dcda3-66e3-41a7-8055-2861f01ca551,7195012c-23bc-4fab-81b9-8a7554f39086,da93b34d-2e2c-461d-91e0-26f4d78dab9b,user
3163333a-2eb7-49d1-a1fe-aeacc653eea9,"2024-08-27 14:18:39.565473","2024-08-28 15:09:36.784797",1,4809ccd8-fdbf-4a26-998e-aeab918daaf2,312b4fce-9b63-4b5d-ba7d-fad83f3dcefb,66edc591-5feb-446a-877e-31067f3b58f4,user
337a703c-f4c2-4bf7-abba-c92d35285707,"2024-08-27 14:18:44.268732","2024-08-28 15:09:36.528776",1,a11a8063-66cb-432c-b878-8b26e3df2196,d2a6a745-1e8c-40d8-a01d-a7493fcb76ca,15dc9377-af4a-4e6b-9e90-38b21e12b31d,user
3406f12b-f696-45e7-9d0c-fce1f4c4512f,"2024-08-29 07:10:01.820642","2024-08-29 07:10:01.820642",1,13b385ff-4af8-4837-9a2f-76e89dab7b75,108dcdce-627f-4aeb-b489-350cd44f449b,a49409eb-f286-48d1-a316-cdabd4feeddb,organization
36440b9f-9fb7-4828-8248-923107c4b1fe,"2024-04-08 10:26:55.539986","2024-08-28 15:09:44.142738",5,9e2f8678-8ab2-44e8-823b-0d3a350c6738,696a16d8-a677-4d8f-8835-61094bd2212c,62523e19-3385-42e7-8ec9-92192dbe3ea3,organization
36722fef-8577-40e7-801b-be8f3731a8bf,"2024-08-27 14:18:46.566103","2024-08-28 15:09:38.525881",1,25aef8d6-e286-4cb9-b7cb-87ce9b7dd3db,77e8f82f-c5f8-4b99-aa6e-99fb9a129cd2,d76d569b-d41c-4a1f-9091-03281275ff50,user
3705bd64-619b-40e9-9231-34142e0b1b0a,"2024-03-25 10:54:32.591260","2024-08-28 15:09:41.914584",1,45bb45ac-e25e-422f-9427-07007f72e36e,26336256-d327-429e-b11c-594cb9612ed5,dab01049-8628-47c1-ad10-ee3c07fb19a7,organization
37919989-dbff-414b-bbcb-540f551a244b,"2024-08-27 14:18:16.771451","2024-08-28 15:09:39.886940",1,fa907f12-a13e-40ff-87e3-58e9dbe067c6,9cf8ac44-5ee9-4cde-a7b4-94d50ef75339,54f3ffae-c91e-495d-b64c-f92fa15dc43e,user
37baa7f0-75c9-4545-8190-7fd388947077,"2024-08-27 14:18:37.066011","2024-08-28 15:09:38.354011",1,11d32ed1-6e25-422d-957d-2a05ee1e346a,fd3a3089-413d-463e-8c71-98c27e43ec95,d4369f87-e423-45b5-a297-e68af894aaa1,user
37dce215-5717-4fd5-af9c-5a06028e6a24,"2024-08-27 14:18:22.145138","2024-08-28 15:09:40.627861",1,7621c5b9-8e45-4563-b363-0d0c8c852364,84221c15-e3f4-4dde-bc90-af5f964c28c2,cf17eaba-1ab0-43fc-9087-86ef4e353027,user
38416b43-1ad3-41a3-b41b-6b6477463558,"2024-08-27 14:18:41.661366","2024-08-28 15:09:38.967575",1,4cfeebf5-df15-495b-af30-d8fc4efeff8d,fa78f9c1-acf1-47a1-832f-8e8e40ef6ea8,dc23d99a-fa2c-4938-945b-c9f037dcca29,user
39d0ad73-5bd5-4998-b7fb-28436df1fac3,"2024-03-25 10:54:35.393758","2024-08-28 15:09:43.308486",1,f5a7a2a6-a762-4d82-90f0-36b9871082d6,b0adbef6-6fa1-4ce5-918a-3249a8fe8091,a4907515-2cfa-448c-b3ab-82f8f342c45a,organization
3a3c6377-42d4-4e6f-919e-00a0f0c40b44,"2024-03-25 10:54:37.659532","2024-08-28 15:09:42.724592",1,622626f7-61b8-4540-ac75-f77fcaadbd7e,e98f0f91-63ff-4e23-a806-af56171f2099,56a583a4-a0c4-4e12-9f0c-fb7f9944e46c,organization
3ad3a8d7-b21c-42ea-850f-eb5eed5cc967,"2024-08-27 14:18:24.419833","2024-08-28 15:09:38.840211",1,41444bc5-7bc5-4972-9e59-7de707680b6e,076e4853-8fc9-4740-9c8a-ade3accf2231,38397329-2e37-4424-a916-6d0bf47a9c3d,user
3ede4aba-94f3-4c53-9c4e-46b587a7e859,"2024-08-27 14:19:12.439395","2024-08-28 15:09:43.664758",1,617d0078-d3a7-4e2c-a13b-1ea0101ba65e,15253a81-a6aa-44a7-8b54-5237c6743623,795ef09d-f187-4f99-9471-d1f56b3ac16d,organization
3f3b7bf9-8f75-441c-a9d0-67d0225cad3e,"2024-03-25 10:54:34.765207","2024-08-28 15:09:41.672093",1,0a413a69-9e0a-408e-a727-82849051fa12,9d4bac61-f457-4d0d-ad2c-20ab97564a9a,42fe2933-4ab8-46c8-bfc5-1ee83fb509c3,organization
3f98f988-40c4-4d96-9e0a-264171b6795b,"2024-08-27 14:18:27.855396","2024-08-28 15:09:36.320387",1,a163f54b-5964-4056-ab71-07e7e91ea1a9,aa053f26-4696-4542-8a58-aa41c9daa828,9dcf484f-1159-4f8f-b4fc-807c21df4fa5,user
3fb26299-737e-43a0-842d-76dca6817418,"2024-08-27 14:18:24.062802","2024-08-28 15:09:39.566075",1,4b2a14a8-1c1e-4b4d-bab8-27c51824eefa,e1903612-b83b-4dec-9057-d285549e557b,60395824-94c7-41b1-bab7-e7c98df32dd6,user
3fbccdfd-1104-44c4-b250-792b99ec3caf,"2024-08-27 14:18:15.694236","2024-08-28 15:09:37.749170",1,8ca20083-4f92-4b37-99b6-6284a0b499d3,052e5580-a634-431d-9d0a-02b7ef937a1f,daedd371-ba53-4e4f-8a3a-66913b668a84,user
405d1500-9830-4d6f-b8c0-bc9d7131ead9,"2024-08-27 14:18:21.310224","2024-08-28 15:09:40.373415",1,7b6ff095-daf4-45d9-b8de-01dc0682b000,0cee82ff-6a2e-4e4d-aa89-1da6f23e1139,1ee24bef-dc59-4408-9d7b-0b62757f5010,user
413176bb-3b54-41f9-8cab-deabf9b57b59,"2024-03-25 10:54:36.693243","2024-08-28 15:09:44.205917",1,b6630884-be92-49c9-8176-b714d512ff7c,92f9980e-c709-40ff-b595-17d5c05df144,dc50e59e-1807-4802-8aaf-21ffdc955f24,organization
41554e14-2a02-45e0-b8e4-669f497e27c0,"2024-03-25 10:54:34.205408","2024-08-28 15:09:43.214751",1,9e8f34ed-0048-42f3-a2ca-8dce5c7f9f49,7879136f-0b58-4ea1-9b57-294a3094e036,2fe87a38-a3a7-4125-bc2b-fe61c8d3580a,organization
42da5a24-72a0-4b21-a330-b640b58c224d,"2024-05-28 13:04:58.869454","2024-08-28 15:09:39.757761",2,d9c506a7-6462-4593-a098-82afc1449d66,b17ee0e9-194c-44e9-9f1d-d274d73c85a4,4c895f42-e2dd-4888-90a3-ccd452e6574c,user
43e3b391-5b40-4ff6-8df3-9ff546f04755,"2024-08-27 14:18:37.655837","2024-08-28 15:09:36.160900",1,96b9b8bf-4774-4506-99cc-3e0c34952e9a,54d74d89-ffdc-4446-9a79-c2a6b34c2e24,aca92622-34e9-4ffa-8614-ca3571765e05,user
44db6a20-2e87-4ffe-aebd-e6fcdb76eb51,"2024-07-01 07:47:11.908705","2024-08-28 15:09:36.998916",2,557bcac2-a073-459f-8f5a-b7f0a53bd400,edf0fe59-c0b2-4d17-afc0-b73503b11260,b4a35ab8-aa5e-452b-8aa4-f372cb0c9cce,user
47525849-77fb-4f27-ae33-e84509d99be5,"2024-08-27 14:18:47.931133","2024-08-28 15:09:38.740562",1,1e8d724e-1f80-4a5d-89ea-883d14d77e3c,fba79b43-e13a-4041-9194-b6934bec968a,1277054b-17ce-4aac-8924-6f39fb7b7f3a,user
47e3d41a-6b65-4592-ab36-f3da0f322cb2,"2024-07-18 12:27:02.390947","2024-08-28 15:09:38.612574",2,35b9a179-c5ae-4bc3-9834-44780b263245,58747382-0051-4363-9b07-01d001a6f67a,fa908310-1544-44a9-989b-1705440b12a9,user
4a103998-f226-4b70-b181-428f04a2ee7e,"2024-08-27 14:18:28.178100","2024-08-28 15:09:40.976689",1,d34d5f55-9e7c-45c3-b563-855276731068,0b052076-fa97-4285-90ec-b62eba55e70f,fa229dc2-f86f-49c3-8dae-5c72d97222f8,user
4a2c9cdd-4cb8-49b6-a954-6b1ab8417800,"2024-03-25 10:54:36.507205","2024-08-28 15:09:41.613733",1,62d57f93-8a75-45da-8ab3-e8b58d17d6c2,7e4593e4-594a-4c2f-8dd3-db3b8dd72d9c,4315c760-98f3-4e11-a1b7-ad3ad35d23af,organization
4ada08fb-d1f4-4d1f-9ded-c55635c2f6f8,"2024-08-12 07:34:54.568600","2024-08-28 15:09:37.134802",2,f95fd40f-2b6b-4f3c-bf7f-396d9c9426ce,8d531277-ba8a-4ce3-8af8-f5c50ff14a98,2aa64140-f484-47a4-851e-df0ecee17547,user
4afbc577-49e7-4aec-8711-f97fa9c19676,"2024-08-27 14:18:13.993381","2024-08-28 15:09:36.818355",1,41b221fd-45db-42b6-a591-18af13de1274,8c35eb23-6589-4d55-a5a0-a3adde85ffb5,fb031bf1-7e19-43b2-96ae-eb3ba3796abc,user
4b37d4d1-d489-4d2b-9b53-4e90e58be45a,"2024-03-25 10:54:38.579830","2024-08-28 15:09:42.054127",1,8d29b2f1-3630-4819-a8ae-f1b196330a89,c85e8d80-604a-49d1-a502-32329c4bb0b2,b55f998f-a643-4236-8527-d01f9e6a71ed,organization
4e1947c1-1bb3-4889-bf0d-58d8708b77fa,"2024-03-25 10:54:34.677238","2024-08-28 15:09:42.660897",1,8c0c1735-2706-40c0-98b1-c4376d525e5d,b169ec09-920e-4b27-9309-9152fac6efe9,90183be4-4d06-40e6-922b-7dd81ff797a9,organization
4e72327e-7101-434d-b729-f4b52ce2c866,"2024-08-27 14:18:29.834679","2024-08-28 15:09:37.324121",1,2dd322fc-ed03-468d-8e99-19ee0509409d,74ec5bcd-a63c-474c-8682-a51797b0fcbd,911c839f-f0da-4f91-bda3-8beab1f29ca5,user
501bf5c3-b03d-4e78-899c-587c44860cf9,"2024-03-25 10:54:35.662302","2024-08-28 15:09:43.408178",1,4887b51e-b5c2-4dc8-acd5-7275e5edec01,cc9f043f-9c20-4231-aa71-213715913f5f,511e2820-4890-44c7-8b11-2a86036eba61,organization
50407031-b53e-4aee-b2b3-070545a507c7,"2024-08-27 14:18:30.920095","2024-08-28 15:09:37.065034",1,2440abfc-6f25-4ccc-afe3-dba978fd2663,1543155e-e310-4ff4-a460-8e87f0cede28,7b1bc8d7-dc0b-4b48-9f0d-45337ce2e8d0,user
50a8a728-e1be-4ba5-90fe-54c163d67972,"2024-07-11 15:44:54.135992","2024-08-28 15:09:41.043496",2,c43fd9ce-dbcd-42c2-83f7-a3075f0855ad,448bb757-0ee5-4a61-9a91-ec7df957ec59,fd66907a-f0c8-45b2-801c-94f32405e23c,user
50b386bb-8e95-4be8-9532-9c1875db3fb5,"2024-08-27 14:18:31.177285","2024-08-28 15:09:36.690064",1,96b893bd-9a8e-4d10-b7a9-80b6971fc203,71cccc34-896a-4348-9fb5-a82f7c574496,49bbdbb9-c240-4bfa-916b-c57351f9cd37,user
5202c451-3d04-4b02-a780-5cad8c41e41d,"2024-08-27 14:18:38.204141","2024-08-28 15:09:39.942161",1,5c538643-3e9d-4b92-b08a-7fd814e25484,b9048d09-8fff-4f05-8975-bc28adc91065,496749c1-e1c4-4345-b7ee-65f00d721248,user
526fa47d-379b-4eb6-8eed-bb215e3815e8,"2024-08-27 14:18:40.566242","2024-08-28 15:09:40.470681",1,7337de7b-b0bc-4a1f-be3d-929cf46aeb0d,2912162b-101d-4a44-89e8-041ee368ea11,d17eee90-ada6-4b2e-9126-2000940d9a0c,user
5288e72a-fda8-4da2-abf8-9db2ce9d31e6,"2024-08-27 14:18:40.844145","2024-08-28 15:09:36.126004",1,a9feae9a-554b-4676-8276-67ef195c43a6,5d417f2f-b55d-4259-9470-93b4a2ba6d41,b1337dff-1ee2-4548-b582-67fca52db603,user
537b8dcd-80aa-4dc8-86ad-79ab1e3ed535,"2024-08-27 14:19:06.377381","2024-08-28 15:09:43.471810",1,8d758244-e3b1-4935-a3ca-5c86f8870890,e2ad1348-1633-4a27-88ee-1561a7712a6f,f8854894-8afc-4509-b809-e781a3ecfb42,organization
53b7a4bd-47f5-410b-a6bd-bec09261edf6,"2024-08-28 15:14:05.608312","2024-08-28 15:14:05.608312",1,a0a82ae7-2f7e-443c-854d-ef15405d6ec1,b4ad4508-ba50-47eb-a006-dc9ffe526b9c,3ca1f26a-aa23-4ea3-85e1-d1918435d52c,user
53cbeb38-0966-462b-8c2c-094faabc358f,"2024-08-27 14:18:43.683161","2024-08-28 15:09:41.011329",1,d2bee64e-9583-4802-bfc0-a15cb465382e,145ce6ff-ab73-4701-bba0-43676c2c8794,7a9f1469-fb78-417e-b87f-66063673485c,user
578ebcd0-d021-4ded-a14f-5ad6b7891bdc,"2024-06-05 09:36:59.422448","2024-08-28 15:09:38.161176",2,423a002e-fe80-44b7-b55c-3a02644cc415,ff2cf02a-63ca-46cc-b4e2-db7dde4b9533,ec48bc4e-aab0-4460-87d2-482297ee683f,user
57929b09-28b7-4e46-83e4-bdfeb4b6097b,"2024-08-27 14:18:23.647663","2024-08-28 15:09:36.960783",1,38d4b274-6aa2-4424-8cef-bb6c0e615a49,2011ea7d-9ef9-43c6-8290-129bdc7d1b3e,6eb428e0-0570-4456-b91e-ddaead4dd19a,user
58cfd006-0c5c-4ae4-bd38-6d820625739c,"2024-08-27 14:18:39.288865","2024-08-28 15:09:41.107892",1,965d6a50-32cd-4f87-aeb1-18c24857fd0b,2776fd4b-65fe-45e1-ad6f-884f6e2adae9,f693d7f2-f267-4641-b6c2-5dd4028e3f27,user
5ab4e4dc-cd6c-4c51-9b9c-a22480f5df6d,"2024-06-03 11:31:01.311474","2024-08-28 15:09:41.167333",2,fdaa06f3-f619-4f62-93f5-83cebc486a5e,066ce040-bafa-4490-adb9-04db69ccaee8,b5403c20-03d1-4015-9204-0ccfe1bf2378,organization
5b5c47b0-2b44-4d38-9ca9-4b23d06072db,"2024-03-25 10:54:30.591515","2024-08-28 15:09:41.200435",1,13612fca-efbc-419a-9a70-f970547f04e7,f598fbec-e0a7-4512-922b-ed935d6f7303,90f833bd-93c6-47b3-82e2-19655a2ace73,organization
5be625e6-9990-45a5-a23f-58615d461d2c,"2024-08-27 14:18:15.418403","2024-08-28 15:09:37.784135",1,def268db-d9e2-484a-8118-1d7309754154,374e0612-2e1f-4852-97b6-289d95f65a19,634517ed-9da4-4efa-ab0d-4871e8bae1e5,user
5bec81b8-dcf4-45b6-af88-4f41094a8d3b,"2024-08-27 14:18:25.847649","2024-08-28 15:09:39.496131",1,d7cf4189-a61e-4331-8cae-c60b0855accb,6bc1d4fb-1833-4746-9630-76e406c7b4a1,ec213c2e-2f83-426d-8028-722d9877bf7b,user
5bfc4164-f720-4047-803c-c1551e112f44,"2024-07-01 08:37:37.608355","2024-08-28 15:09:39.855073",2,1ef59f8a-e20c-43c7-a163-908775bee0a0,2666594f-483f-4ebd-b443-f337dbcb8127,3224fc5d-9787-4502-a0cb-d56761645002,user
5c9553e0-2942-44e2-83b7-49007cd31ae8,"2024-08-27 14:18:23.078446","2024-08-28 15:09:39.976991",1,fc032df0-0515-40fa-87f7-b0535fef6efe,5fa35702-8fac-4f65-a024-66b26eca11dc,21a9a6ef-7fcf-4c35-91fa-455486e1d684,user
5d034add-972c-4c5c-b085-c95bf3bb8275,"2024-08-27 14:18:15.970383","2024-08-28 15:09:40.209024",1,3c6c9bad-8699-4f08-b2d4-3ca49b328d69,ef7b5a5c-26b2-4f9a-ad82-6970fa531b93,707e2a48-ec89-4447-ab38-f17869213955,user
5d09648f-26a7-4720-896d-ce006a675e55,"2024-08-27 14:18:30.096637","2024-08-28 15:09:36.389747",1,244c1383-40ca-4cd5-a547-610ba7a1221f,f01b9de3-246a-4146-8cad-dc24ffb2a67e,84a77904-f6c9-4635-a63b-86620f1b4bb9,user
5dbcd796-26c2-45bf-99c1-49d8a48367e5,"2024-08-27 14:18:21.047056","2024-08-28 15:09:38.130677",1,2f576886-beb2-4449-94ca-896926b982da,50d82344-f2e3-4bcc-9ada-cc4750c6611c,5c2c7319-590e-495c-bdeb-df4a66e40d2e,user
5dd0df46-e142-4646-9e9d-f4c64c21b3d4,"2024-08-27 14:18:37.339208","2024-08-28 15:09:37.708302",1,d52f667a-85d3-4904-ad90-91b9b324f9b5,9350e520-5828-4e06-85a0-474b041ebaa1,557ec4a0-d4b0-40ab-8e9c-8c91e6d1fa94,user
5ef687e6-caf6-4010-9b79-4a27cd4ddb6f,"2024-06-04 11:31:25.181994","2024-08-28 15:09:36.352312",2,8eaa1010-e9c3-4673-bb6a-15bea39feeca,d15cf0ee-708f-480f-8675-813e4220b446,400e0fa9-9d1c-45b8-b085-dab844a30fc4,user
5f95ea47-dcd9-4b5d-a3ee-1d201dd89366,"2024-08-28 15:17:46.633768","2024-08-28 15:17:46.633768",1,6fa235b5-b841-4151-90d2-f6f90b4a7377,3c928e19-59a1-41e6-8d7d-a8c1eba2fce4,e9075970-ae14-4dac-98f4-85d91450d161,user
6081bf4c-8efa-463d-bb6c-caa69a30e68a,"2024-08-27 14:18:36.548820","2024-08-28 15:09:37.943250",1,a49147b3-a60a-4147-9c5e-b932959c9430,349f6602-e6e7-4169-a007-c3f2bd3c942b,40d4944d-532a-47b5-a6a0-dbb87d2c70de,user
60fd3c9c-e9ff-45cb-9170-0f611e0d4b5a,"2024-03-25 10:54:31.725254","2024-08-28 15:09:42.695416",1,6d84dcdb-14ce-4cf0-ab40-c7a3330238e6,449a7629-784a-4605-a691-86eb7985055c,85dd05f6-2ce5-4193-b40e-8b4a0a9ed9ea,organization
628ced29-38b6-4b1b-b6be-ce408c701420,"2024-08-27 14:18:36.811277","2024-08-28 15:09:40.663653",1,1f0049e6-d00b-4927-a0e5-07e2dda80dd6,534b95f7-7ffe-47ca-83cc-e730e71a39a9,6bf82663-dd99-4019-ace3-624fef6f21b8,user
64e123fe-e431-4b5e-83f9-b6720d094704,"2024-08-27 14:18:42.507240","2024-08-28 15:09:38.905098",1,39fdacd8-1d62-44cc-b30b-ad349c1b8465,9aa09582-4338-4c41-b36a-22fab892dd5d,fdd5fc2b-ea52-49e7-8001-73ed07e4ca0c,user
655729de-cbfb-43eb-a355-9cb07b990bdd,"2024-08-27 14:18:43.986486","2024-08-28 15:09:41.074892",1,02e85621-fcc4-4e21-92f3-1ca1d1677d33,2bf5719d-eb4f-4b09-82af-feb9de62f61c,6f36b918-ba72-4462-8f78-5e275848942f,user
66b70ac3-0dbb-4cf3-9c21-87aa2b1268e8,"2024-04-10 11:14:02.314208","2024-08-28 15:09:42.147419",5,f82ad042-8d83-4f23-821e-9177d971fd35,2d9faa24-0a4c-4834-9ca6-df4fe586aa96,f363670b-ff5e-44f5-9cc4-b7d8be9b70cd,organization
67399e24-5c42-4578-931f-758d3dc2a136,"2024-06-05 15:15:08.262478","2024-08-28 15:09:37.523079",2,b381b9c7-c758-45ef-a31c-96862a1d7515,1e652e4b-9b9a-471a-ae34-07273188707c,ad35fb2e-e3e7-4aef-b4f2-afcf91b5ccae,user
674c1dc4-9536-4cb2-8b9d-3fcb2f861fb3,"2024-08-27 14:18:40.061530","2024-08-28 15:09:39.630704",1,48142eda-b200-46c3-b57c-ae3ae8f076a1,ebb7e19c-508c-4d60-b34c-e6ca9b0b25d4,8754097b-e358-47a1-977c-a3169bddfaf2,user
675cd823-5d68-43a5-8260-70353172140a,"2024-03-25 10:54:35.475871","2024-08-28 15:09:43.178018",1,626e86de-dde2-4588-9f0c-254e89111bea,3a3419c7-0578-44e4-8bda-fef192cdb34c,8c1c6d66-4ee8-4f2b-bf1e-0cd463c53eb3,organization
6d02c0a8-b29f-4890-bdcd-80ff81563d74,"2024-08-27 14:18:59.487226","2024-08-28 15:09:42.021887",1,f54c27e1-00ad-4808-93d4-d7a3d90b1910,fc68afce-06aa-4c54-9d31-92860f8a10a8,cf43f09a-b83b-45e6-97ab-7dca4180304e,organization
6d5240c2-183e-4e9f-8b41-d4606b33d482,"2024-08-27 14:19:07.821465","2024-08-28 15:09:43.635637",1,88f781ae-9b25-454a-a5de-3c1ae9b111c8,5e6a18e6-3607-4ff4-89f2-16b53a21b2a1,cf98ad5c-d768-4a7b-aca7-7273c439b942,organization
6d946c37-0a26-4139-8444-865fd53b7bcb,"2024-03-25 10:54:34.276127","2024-08-28 15:09:44.078649",1,d9bb9b07-09a7-4d5b-9fc9-08f243abd58d,bc50348a-33e2-4cb7-a87e-a1bfb3c23367,38a54883-40c0-4329-82aa-07c362fbfec7,organization
6e5863b7-9851-4c20-bd89-34a387b011a8,"2024-03-25 10:54:35.805835","2024-08-28 15:09:42.888133",1,2cb3d811-fe9c-4ca3-a714-2d3b802c3967,3b8ad6fa-a4b7-4688-9704-de78c2c8c8df,4c67a18c-d2f7-4921-aa88-5301477ce3da,organization
6f40437d-723f-46ba-8d48-234e6878c6a7,"2024-03-25 10:54:38.264279","2024-08-28 15:09:42.790868",1,32f1ed45-f439-4ff9-9b8e-e554075f519d,dea931c1-44a8-425c-b800-c600dc554c84,4e9f44d2-cec0-4372-bbc6-be5d2530f2be,organization
70e19bb6-6aa3-494e-9ac3-d1f8ab17a87e,"2024-08-27 14:19:15.445923","2024-08-28 15:09:42.595654",1,e63dc650-4981-484e-954b-6e8e4fb9829d,3a6a489f-2a87-4a07-89f8-87b68ecf0bd8,7fda1eca-0e9b-403c-a174-c914a3090513,organization
715a08c2-a7ae-4e4f-86fc-c9ce33e78db1,"2024-08-27 14:18:59.176912","2024-08-28 15:09:43.983460",1,7242325a-a575-4c00-9c9c-c4984e22b752,21eeb176-0cf3-4acf-be13-d79bd82658b8,2f3cb343-1d29-426c-b2a8-22588c7f0d8f,organization
71c1be68-92d8-4f22-9602-61ed47d3a390,"2024-08-27 14:18:44.850934","2024-08-28 15:09:39.532380",1,5776a3d8-2e2e-4876-9700-3de70b6f7f97,f50dd5bb-0c58-407b-b5be-95e5e2f9bf87,839300ab-2fa3-48bd-ad09-4f3457858e5e,user
74ee51bc-0ac5-4f10-bd59-80065b12a741,"2024-03-25 10:54:30.067470","2024-08-28 15:09:42.365503",1,3e1e2a46-5ab5-4d26-b22f-4c282e9e6f53,740592c5-1cd3-442c-928b-464d3d0f65af,96522f58-d158-4bb5-98fe-65a9ece199fa,organization
754ada46-3dbf-426a-b783-b0ace8d3ee90,"2024-04-30 18:58:40.865060","2024-08-28 15:09:41.699061",2,2e8cfb3b-2413-4d74-897e-ab33dbf63225,dfe185ea-383d-4888-886c-413130895074,1c7a54c1-3369-425e-870b-f99ba7cbe1c2,organization
756d52ec-775d-4be7-9146-307a107a84cd,"2024-04-08 10:16:25.913498","2024-08-28 15:09:41.267663",5,48401b8b-ea88-4930-9040-8b972f2ca523,65c2eae1-378e-4b5f-b05f-c24ef59c6ab4,1d37fc9a-17a7-4539-bd9b-9121bc665b0a,organization
75c8d87c-4339-4b00-a80e-df4786921720,"2024-07-05 14:04:47.145039","2024-08-28 15:09:43.948870",2,9192d80c-0007-4701-bc2e-ae352143b16a,bfd2a158-08d3-4e84-9f46-0ecf422d8929,a6659095-e2f8-4964-84d1-d3d9cb4df1ec,organization
760673f9-7ddd-4cde-8e5a-7ffe7ed35d5e,"2024-03-25 10:54:37.822692","2024-08-28 15:09:43.008726",1,0a55e3b6-60eb-4f51-a3a1-8b5f36ff6de6,3226cd54-0de2-4ccb-a02d-adf10c599636,57c76eb5-b142-466b-b2f9-edb1a7bc72da,organization
76449e39-b8fa-42a1-90b3-683b22e0e50d,"2024-08-27 14:19:08.187828","2024-08-28 15:09:43.076191",1,a2491acd-d906-43ef-ad62-3bbb2ee233de,90a59c9f-19b0-4a22-9102-6ae5617bd351,9ab9dbb8-c7bf-48d8-8b6b-c0a0809f31a2,organization
774d12d7-be8a-431e-9c3e-88ae1c954e04,"2024-08-27 14:18:42.778410","2024-08-28 15:09:37.258893",1,a507eb3c-45ec-41e3-9276-3465249cc887,9286eab4-1b12-4829-94e3-4db2244e2d6f,47572ee7-8941-44b7-be20-ae6b1930f2f9,user
776727b0-f965-4836-b268-dfda68de1dd3,"2024-08-27 14:18:13.441583","2024-08-28 15:09:38.057570",1,4f175f74-9847-411a-bced-4cf68f55752b,8c85803a-63a7-4ef9-bf8b-c4f9c6ea7dba,fa8660b1-73d2-4588-b931-d8e7863131f0,user
78ea94bf-1831-40dd-ac1d-f0cef0d98f39,"2024-08-27 14:18:38.471426","2024-08-28 15:09:40.078206",1,d53be9c0-8019-4075-aaf0-fd5a34d97e28,8e5d6751-074d-42f2-8947-65186b16eecb,0eabde57-a4e3-418b-8d02-d579658c123c,user
7b2f50ae-25c1-4470-9d51-68c41b6260d0,"2024-03-25 10:54:30.501448","2024-08-28 15:09:41.556066",1,8c5638d6-19d9-43d3-933f-31651df97b0b,9a079c53-b6a9-4472-a3c1-f88036087c83,176aa140-0887-4c71-9473-8d8a020fd0c4,organization
7d971bf6-b6d1-4203-ae5e-b57889f6afa5,"2024-03-25 10:54:34.988756","2024-08-28 15:09:42.853223",1,fe81d199-00bd-4d4f-aaeb-8187b3ce9796,25542633-45cb-4af4-a9bc-837d3fedc74c,2df9a901-c40a-497d-932b-ba94bd455c5e,organization
7da74bd0-b7e4-4310-a21b-78a1635f76e3,"2024-08-27 14:18:43.172685","2024-08-28 15:09:36.625216",1,86e46f5a-1250-49fd-b916-26b31fb50cfc,0a5fe439-0102-4ee7-9ae8-61f2a74455f0,909ac74a-d6cb-45fc-af02-95e3deaa12af,user
7f708aca-b187-4542-9fc1-a73f3f7b87a4,"2024-06-05 10:23:17.681910","2024-08-28 15:09:38.643229",2,f595178b-e937-45f2-abaf-359175fe818f,a2a86f7f-6f41-46ab-8994-d95628f40fe1,70a2f7e4-31f2-4f45-9abf-c1c8312d93fe,user
7fdb30b0-9a4a-4e54-8548-5ec10a97cd1e,"2024-08-27 14:18:24.712271","2024-08-28 15:09:40.404272",1,a93a8ee8-5268-4454-95bf-54424d6ff9a3,bdb9ec56-44b4-4753-8fbf-12db5a4f7fca,d7cf9fda-9715-4f05-bfc5-726e3ad646c6,user
80fa2573-cda8-4cab-b845-8be46047db99,"2024-08-27 14:18:41.380351","2024-08-28 15:09:40.146906",1,f5b858c9-a40b-4799-aead-b8d681e8d084,e4f4ef36-f634-4d6a-a3f6-556a7b00b777,ac0fe50e-acfc-43d8-9276-d5ecdba15f60,user
810faff9-b73d-4ad5-aa7e-4ffaac481273,"2024-08-27 14:18:19.696528","2024-08-28 15:09:36.560982",1,7f1d9593-a7e4-43fd-a337-5b6179d5bfd7,16919fa6-18cb-4b05-baa7-d7ad16a30f9a,0965a556-3234-437f-8919-85cf11b783ec,user
8201bf5a-c589-419a-9a3b-9d4d4e8be98c,"2024-08-27 14:18:28.711184","2024-08-28 15:09:37.848604",1,e4ee0664-8f23-4270-b66e-942e41afe192,c23d92b7-810f-43d7-b58f-a9d686f6a175,f3efb8bb-2eab-42e6-91c5-97cd11c4ccae,user
84e634ba-e4ae-4a4c-a1d4-0af2ebc082d9,"2024-03-25 10:54:30.897011","2024-08-28 15:09:42.964729",1,7e150ec3-5c8a-44f6-8eba-66dce8032baf,c371b63b-657a-4d8f-a24d-d3201881c99b,b73c68b5-d63e-4d2a-90f1-1500735bcb3f,organization
857fbe9f-d51f-4a1f-857e-2a01eb1b3da9,"2024-03-25 10:54:31.911314","2024-08-28 15:09:43.609170",1,4e0f194a-9718-4434-89ba-c2104937a1db,75b67cc8-e4dd-48f8-9f8e-ef389ffe1a7c,75a32bc8-8da0-4d19-979c-9e0553d25e6e,organization
85999501-8dad-43a8-89e1-a3ca096cf4ca,"2024-07-11 15:15:08.606714","2024-08-28 15:09:36.421069",2,2a39ef55-6833-401b-ba5e-5fc7bfdbedd1,2b7eedff-e156-415e-b195-6ab2d2a52b73,c04a76ca-e15f-4aab-848e-d37d37b06e4d,user
85b8ff5f-7da5-4fcc-bdff-3e93a59c5d67,"2024-03-25 10:54:32.351525","2024-08-28 15:09:42.459305",1,5343661a-6fcf-4d75-8d26-15e77ab24237,5507010e-411c-4cd2-9634-ce726b6a2b95,1c1b8093-4924-428e-bfa3-17d205905d00,organization
862ba7eb-c393-411e-8258-fec0c31ee019,"2024-08-27 14:18:13.720215","2024-08-28 15:09:40.566143",1,a42ce6d1-72b6-4849-9e7d-ef02f3cb8da3,3f820dd4-44f5-4757-a23b-c0de75715232,fac48c24-1e28-4432-a92a-433480af13f6,user
88d1a6f2-0f60-40f1-ac77-dc0a03d31adc,"2024-08-27 14:18:53.719956","2024-08-28 15:09:42.204475",1,b9eaae4a-5743-43fa-befe-9ea8245540cf,4ca090be-377e-44a9-aa81-7f701447a916,a64bcc22-cf2f-48c7-ae13-4cf974126eb1,organization
89b950ad-9cbb-4499-9b4e-ca10e3b631d8,"2024-03-25 10:54:32.273512","2024-08-28 15:09:41.583816",1,77874f0f-5ced-43b6-83ff-6480afe003f5,1ed46958-b59c-44ff-9e63-05ca6226abf9,10ef6284-cfc8-4cdc-8f0d-16f40e03eb72,organization
8b6edec0-af1b-4732-ba1c-dd8c51f6dd3c,"2024-07-19 10:25:52.813956","2024-08-28 15:09:40.178718",2,10d46ffb-3d50-4e97-ba1b-8742c710f02b,0a695fec-c85f-4d55-bd85-bd6106209c45,0449d61d-5f38-4e58-922e-72064bb84f8c,user
8d3bd705-1a06-4f76-b3e0-b1f721ee6742,"2024-08-27 14:18:21.597042","2024-08-28 15:09:38.258364",1,848ba166-77a9-40e9-9465-bc04748f44ae,dae8589b-8704-4e7e-bda6-d8a82466cd17,4eb3fac7-5baf-4d70-ad63-d97baf932345,user
8e1ac03e-eda2-47c6-98b1-38e7f688e4bb,"2024-03-25 10:54:36.943613","2024-08-28 15:09:43.722931",1,73f34f40-5538-4215-80b5-01a1dce6f145,0b0dab02-1ca0-4080-ac41-de89d721d9e8,dd349380-319e-4215-938d-ce8ebffdbcf8,organization
8e6f275b-7af2-4a37-ac8b-b18ed98c58aa,"2024-03-25 10:54:38.343463","2024-08-28 15:09:43.570338",1,6251378d-3dd3-4a30-9967-987fbf7c0a4e,c23ac768-e54d-4b7c-ad05-03b8c7c1c13a,07a30325-de74-47cf-9334-1724ec48b0b5,organization
8f4851a2-d22c-4d7e-b2ee-74c2fcdb726c,"2024-03-25 10:54:32.087839","2024-08-28 15:09:41.332909",1,77c97edb-4f4e-43d4-816f-ec9d37114e2b,c3c51471-d2f5-4d89-8185-883ec9ebc111,b8204316-b012-4dc4-8df1-ed3f2abd7cf3,organization
929ec38f-a32b-44be-9e92-85a634920cf6,"2024-08-27 14:18:44.533382","2024-08-28 15:09:36.656451",1,00cf35fd-12e9-4c4d-90c1-bf7d9d903c34,3d8e75ca-e531-4771-b860-2e15e8e18a8c,d47f0549-464d-45c6-ac19-81d6a119237a,user
92c8a91c-1797-4f70-9aa3-e0e6f5f2922a,"2024-08-27 14:18:34.191504","2024-08-28 15:09:36.048019",1,f520a6e3-aae2-426a-afa3-a55eada8fad8,a9f529ae-2df2-4d42-9982-971a2bbdc65f,aca5e43a-54cc-4386-acaa-cbf1d53bc6c2,user
9339f986-c269-4e0a-ab10-aad733c0d172,"2024-08-27 14:18:30.412904","2024-08-28 15:09:39.398342",1,386e35a1-45ba-4cf1-8fb1-51121c5b4224,deb06964-037f-4f29-9aba-4ff2c0f00bed,f22c1676-b903-47b4-aad3-0cbff0718df7,user
94299cff-0bcf-4780-a980-ca404b05e399,"2024-03-25 10:54:33.380485","2024-08-28 15:09:41.301354",1,9a79c227-9718-4ffe-840b-739a4b1550bf,1f34679f-064f-432b-8baf-6a41710d6d23,b08f354f-4956-48cf-9cfd-124cdf6549e5,organization
94fafbe6-95c1-4ece-9475-9898e94f0267,"2024-06-28 12:04:02.368345","2024-08-28 15:09:35.942158",2,0c09ed5b-71ae-4c56-b443-cc18449ffcef,81d86c2d-a601-409e-8955-c3942eeb5d4f,3cf91889-f314-49e0-8162-34b19bce1656,user
950a7544-501e-4e8f-9252-8c48903c64e0,"2024-03-25 10:54:35.867468","2024-08-28 15:09:41.956170",1,07258a32-4c13-4bcc-a1bd-bcab00688ffd,c773b47c-a862-41b3-9060-22a8d772f7c8,9c441231-9a1d-4ac5-b823-1b65f306f2b9,organization
956bee82-a24c-47bb-aede-f3b5582abccb,"2024-03-25 10:54:36.429046","2024-08-28 15:09:43.374649",1,a693bb35-3767-4196-9b21-5c6bf16f15b8,eb5ca72e-1e2a-48bf-b461-c55bb6043f98,a81ee15e-5c95-4c64-acb7-0d8310cb1765,organization
965bcc3a-4433-488c-9d76-8e648c575c09,"2024-08-27 14:19:15.185934","2024-08-28 15:09:42.268344",1,f80e1c22-5b57-4579-aadb-6bce9abfbb33,7cc9b438-1b89-4621-bffb-45ba47b0c93c,05057c24-ecc0-4f7e-8ce9-b5477d4f334a,organization
9671d5e7-770b-495c-9bdf-65a8f7d4ac09,"2024-08-14 06:39:48.339293","2024-08-28 15:09:38.487851",2,4f3830e9-ab42-4507-9807-5e598503e492,d2014c7c-52e9-4bda-a21c-42b0f85d9331,60d6f3cb-95d0-4299-afec-8eb72dbb5fb7,user
96a59c7c-4241-481c-b876-e291cc6c9375,"2024-03-25 10:54:29.979918","2024-08-28 15:09:43.280083",1,ed3f3d26-e34d-4414-b514-669a4d4be287,809ec5b6-e496-425a-bf2e-af68920d871d,4f54e41d-66fa-43ae-adf3-5de98cc04739,organization
96c5d10c-060f-40bd-a2a6-42d6673b9ea2,"2024-08-27 14:19:14.675024","2024-08-28 15:09:42.430733",1,7754a38a-1ff8-4368-aaee-d1371285cd24,64fcb66c-2de9-428a-acab-ccbd53d3ad5c,7259d1f1-892a-4927-8ace-077769970e7d,organization
974984ac-f2c7-4ae5-9f4b-a1086fcdc4a7,"2024-07-01 10:35:36.987496","2024-08-28 15:09:41.457501",2,389e1cd8-ae80-4307-b61d-91d15173a83a,aee23023-336b-4cb1-98fc-0e4d46427f9b,b5f18254-cf4c-4721-9d91-f366bfc5edfc,organization
982fdd7f-2f2b-4554-b0e4-967e12386585,"2024-08-27 14:18:46.283796","2024-08-28 15:09:38.099021",1,afef98a5-a92c-4860-8bb2-751a8384727a,f912c0d2-0aeb-4001-9fdc-a6089d2f2ef3,adc72e2c-c29a-48c5-ac12-62da702384ec,user
9adee845-8f0c-4d1a-b244-b1d3bb595518,"2024-08-27 14:18:34.476610","2024-08-28 15:09:40.877737",1,b6a607ce-4a85-40df-b892-26ec41bfbcc8,e0d5395b-6678-4448-8d9c-ef87142cd739,d7cbc4b6-36af-4d78-94ca-7ae49cbe0053,user
9b5ec15b-ab1a-4be7-b68a-e81abdd83db8,"2024-08-27 14:18:31.697019","2024-08-28 15:09:37.678975",1,19a974af-bc9e-4c37-9089-0c80ad1562a9,6300d87d-45c4-46df-8427-542f16580e63,9833d5a9-41cb-437c-8b0d-96463f3b9008,user
9e5d4123-eed7-4894-b2b8-cc1b624ea357,"2024-08-27 14:18:33.919006","2024-08-28 15:09:37.226532",1,ebcefdce-1b2f-4a73-ab01-da185ca8e91f,df6f957d-b279-4930-b078-f189c4035051,27555f22-64b5-4ffd-aa53-fa07429c4c78,user
a0333c32-d62b-49fe-a4e5-caf93e47935c,"2024-08-27 14:18:46.836607","2024-08-28 15:09:41.133800",1,e4241044-cfac-4d38-bf95-3f6b7d39704b,95c6b508-cdf1-40e6-808a-047f06bc30b5,b866c8a1-458b-4249-b704-c1a430595e4a,user
a06964b0-2308-4702-9d23-792f70c3f4de,"2024-06-03 09:25:55.790510","2024-08-28 15:09:43.816628",2,7180198c-f1c7-4b14-a7cc-c3392f7d0370,d3c2721e-4d6b-410a-b6bd-5104403797a7,1d2185d3-88e1-4289-931b-3f231c2040de,organization
a0d57196-f710-41c6-b43d-64c6ccc453a6,"2024-06-03 11:36:03.862562","2024-08-28 15:09:40.754257",2,369190f6-d3ad-48b3-81f6-bbcecfd4cc74,2fc55cdc-6922-422c-9cbf-03379d74e475,7cbc0bb1-b8d8-4e90-86ff-ade9dd3f1496,user
a10d0ecb-f6c5-4695-9ce2-5ab21fafb356,"2024-08-27 14:19:10.123214","2024-08-28 15:09:43.245086",1,ac4282d6-30db-47a5-a7fd-7b4032219262,4bc53990-b0e7-4968-bc92-2b1bd0e08b7c,434fe15e-39b4-4af5-8517-3cbac9eecfb4,organization
a12d5aa8-3c26-4903-a1ea-7b13684c2b58,"2024-04-08 10:32:30.383814","2024-08-28 15:09:41.853949",5,2f848f1d-2fa0-49d7-b6c0-bf924fb8cf7d,3e7e8ec2-77a8-47df-b97a-2e9e047b3957,f9ccdd3e-43cd-4e0a-8d89-c1262c4b6836,organization
a200de3b-0a16-497c-898e-1abb5434c244,"2024-08-27 14:18:16.506541","2024-08-28 15:09:40.597709",1,4c9b323f-66a1-4ea7-8b2f-ffe3a3d2cbc6,97dccb22-2ba8-4582-ad7b-2e70d2b4ad0c,7601ee8b-10c0-4ad3-bf07-afdfb44ba106,user
a2c00103-8a26-4c85-9eff-596ef4d39d46,"2024-03-25 10:54:35.157343","2024-08-28 15:09:44.012104",1,32edcd97-5913-4c08-aa2f-074584d8f9f2,6c4c2faa-9c6a-4b1a-943e-8f0cacefd80c,d5014640-7f16-4c3e-8b6e-8fca69d7f237,organization
a32c8f48-4c55-4e57-818a-884cf8b2bfbe,"2024-03-25 10:54:33.721443","2024-08-28 15:09:43.342210",1,059573bf-4776-4607-8637-4001fb38ffd7,e0f9837a-d1c8-41b3-8152-184d24852e6f,47d17f6f-22db-447d-bad6-fcafbba3139f,organization
a333a838-68d7-47d9-9c1c-07e3a155ad87,"2024-08-27 14:18:58.864355","2024-08-28 15:09:42.177336",1,a8064800-595b-4d4f-8e04-a7794b87baf3,0f9a7ad5-f5ec-4bc5-a0c0-9e2d545ef934,3ea57234-1f3a-4bc6-b7f3-1439d0bb33e8,organization
a378044a-68f5-4d42-8b7f-653c33c3c52e,"2024-08-27 14:18:15.163316","2024-08-28 15:09:36.920470",1,ecf74c39-b0eb-4228-bb89-7ad41d2bfcf5,180be4c8-6a96-4d51-aca8-0a6c9c5449b4,fc19477d-eaf5-455c-ba1b-42eb19879a1e,user
a4d38e19-c3ef-459e-bdba-1ef299f7e891,"2024-07-05 08:31:15.334813","2024-08-28 15:09:43.881844",2,4bfbb35a-d0ce-4247-9818-0869b41539fd,3508f9cc-6592-4826-8c62-c9e7d60b5a1e,323c8f42-2f07-45ad-b574-8066d6b739a7,organization
a5d322e9-08f1-49ac-b2bf-968acbc8ce76,"2024-08-27 14:18:35.024086","2024-08-28 15:09:36.287290",1,613dee2b-bb12-4c3d-b173-58e641dc92ea,7af1a7d2-970a-4b30-8ff1-1ecc460fc7f1,75b4365d-e550-48fd-a550-6c8f6310b964,user
a6d46f84-4dae-48c1-b59d-78e0c1f24a3d,"2024-08-27 14:18:42.262367","2024-08-28 15:09:40.849200",1,bc76446d-3d61-4794-96ec-0b008c551873,57c3a185-0713-4593-afbf-e5a827c1adc5,78e428c4-2fa1-4b11-a614-4b584ded124b,user
a6e3b064-56fc-4caa-8ff1-f08a3ad7b6a6,"2024-06-05 08:53:02.713848","2024-08-28 15:09:36.085863",2,a9c3bf17-7ca5-44ee-9a7e-977b4a404681,dd741a98-5c7e-4d8e-baf1-558b7b419a3e,3d6428b6-3d09-4e44-a408-b4425f345c25,user
a83b9661-fa4a-40ab-b5c3-3e33a5ab323c,"2024-04-08 09:59:57.262029","2024-08-28 15:09:42.295702",5,8fc25d63-8586-4923-b7c6-394b323ab480,64861113-4c43-4a3a-806e-d28ea38dcb92,b6d227c4-8d08-4834-b812-cd4b6cf6946c,organization
a9822c68-40a2-4a63-b315-4d2c6f5bffc4,"2024-08-27 14:18:27.002180","2024-08-28 15:09:36.190498",1,d5d0767d-05ec-4555-8d80-56e85d4f262c,a3ff95a0-31bb-4e47-8005-ef6bbdaf966e,f5a2b5d2-c78c-407e-9020-f224c89d824e,user
a9d64f8c-5769-4f57-86c6-e18a41a92b08,"2024-08-27 14:18:29.570696","2024-08-28 15:09:36.018112",1,5ba3056a-e627-4c66-a799-4a7533e29f4f,f06cc594-4e35-4464-ab37-2f7fbf03b129,21c6e488-4b1e-490d-921f-5c26689ce4e1,user
aad71a31-9115-40ca-af87-f33c2972c298,"2024-08-27 14:18:25.035591","2024-08-28 15:09:37.196694",1,186926ec-39aa-429a-aaa9-4c0769f59e29,5809c20e-64b4-4ebf-9234-dc09ff27f759,ba687f53-26b5-497b-b111-bdc4570502bd,user
abe1d483-1150-4a46-ab46-4622da39cdb7,"2024-03-25 10:54:35.319499","2024-08-28 15:09:41.493678",1,280c40c3-7bf2-4b27-9715-a308c66e565f,19308b7f-19ce-4356-9cf1-e643a22edc0b,755fa66b-74d5-40b5-b501-7be92317eee9,organization
ac898f94-3010-4a62-bc4a-10105fbc64f4,"2024-07-01 12:32:58.269729","2024-08-28 15:09:38.804938",2,10edaee2-a3cf-4fb3-bab1-a58d6540b1f4,514f4a97-2937-48f2-b05a-8ede141d81d7,0c5e094f-59ac-4875-a8df-60ef1daecb86,user
ad440f1c-8dae-4edc-a6d5-22ac7cec0450,"2024-07-05 15:02:17.745947","2024-08-28 15:09:40.781778",2,1ba5b435-52a6-48ce-8fd8-0022717ff95f,425d19d4-f81a-4a65-a927-982d0ffffe1d,611e3931-ef82-468f-a672-5f9553c556aa,user
af16e1e2-d192-47c5-8367-fd2ecf1b365c,"2024-08-27 14:18:25.571704","2024-08-28 15:09:39.168243",1,5622af02-a9b3-43c2-9785-2983e121298f,2edf09f9-4ccb-4502-acf5-755de0767c01,0aa671c7-1279-46a6-ad95-f44168a601c2,user
af189caf-b8ad-4d2b-8ced-3b1bf6fa4c96,"2024-07-05 14:10:24.466015","2024-08-28 15:09:38.936283",2,96da1ae9-35d2-4a34-bdd3-cecaf4cb5aec,8996a47d-ef8a-4508-9006-3bd6726579f7,f683d237-bd36-420d-b23c-331c39a7ad98,user
b0ade88f-19f8-4857-a6d5-460f0f52ed32,"2024-03-25 10:54:33.973949","2024-08-28 15:09:39.427114",1,62bc03e7-3603-42d4-928e-1833241d1382,d271146c-3f22-4989-b05a-ce1227fc0427,c6c459cd-68d4-44bb-8f48-2fd2a7f4645c,user
b1f08f97-5af5-44ee-b91a-9b9b2b5c4580,"2024-03-25 10:54:34.908090","2024-08-28 15:09:41.394616",1,b5ea963b-ca5c-42a7-b7b2-827c0d4b5e7e,85eff7ad-a55a-4f14-92d3-af237891096d,c0e15691-26f4-4d33-9aa1-e7ce0ce5fd49,organization
b29438f5-afdd-436b-8d01-7c667412f4a5,"2024-03-25 10:54:34.603543","2024-08-28 15:09:43.785914",1,76b2c3c9-f1ff-4d43-b580-671e4b575a12,e5674643-ee90-4b71-a026-a1e12227e9c9,1dce53a5-26e3-4bbe-9ec8-a6e166917db3,organization
b63df24b-c27d-4c51-a2a5-a2a784c97a44,"2024-08-27 14:18:27.554015","2024-08-28 15:09:38.556160",1,0541e49c-91de-4042-a20e-21dde0ca891b,32868cd5-ac05-4f2f-a201-5bc1e9e2a238,bb6f8004-e49f-44bc-952c-aeb7e966ad87,user
b65a5394-b214-48eb-b621-b0700288ea34,"2024-08-27 14:19:07.517922","2024-08-28 15:09:43.439662",1,4409713c-d18c-4a84-b241-b3b5734f9d6d,8268f423-84c4-4c28-be67-ceaa6cccd904,3d219ed3-6e0f-40bc-a2a2-2d12a46d4248,organization
b666b710-ad7c-45d1-af51-9aa63ac810c3,"2024-06-25 13:57:42.435529","2024-08-28 15:09:40.280199",2,9fd0cb1e-7f29-48a0-8341-d9a168479687,4aa6a1f4-e7a2-4466-b3e6-8af9f112d7de,8b3828af-6c3a-48ca-b8f5-bf0fc36c709f,user
b666fd38-ce1b-4e31-bf74-2729604a1943,"2024-06-28 11:27:00.153004","2024-08-28 15:09:38.774446",2,7cf74e57-260f-458e-bfa3-d525ff526ee9,2def069c-666e-4501-8289-dfcf74d6d10d,cbee73ba-22ab-41e3-bcde-e8d58862b509,user
b73e8b0e-b20f-40cf-9f76-beec241e9cde,"2024-06-03 08:27:34.800168","2024-08-28 15:09:42.398494",2,68bd0873-2fd5-4cce-980b-ba8b1cb34a59,b8535587-59cf-4158-8851-60cf184bb7bb,eb25eafc-641e-4db2-b68c-7c30cc338414,organization
b7a90bf7-82a4-457c-a158-21e0c4788cc6,"2024-08-27 14:18:17.173577","2024-08-28 15:09:38.321745",1,52a9a6e4-4653-4ff0-b9bf-d681e9ee397a,656f7fa2-dfbe-4c25-ab63-e473bc71995a,a8b955a7-0f8b-4a90-9035-2e7428fc49ef,user
bc4e75af-756f-41e6-8516-891e0c4687d5,"2024-06-18 13:24:17.265326","2024-08-28 15:09:36.498143",2,649a1f62-2ebd-4219-8266-62f291148a1e,59cc9926-3847-41b8-b5c0-bf2b29518d08,5e7bdb78-f60f-49ae-ae5f-1cbaae0f811a,user
bd272140-6d7a-423f-b683-9b1d698ca6b6,"2024-03-25 10:54:34.521085","2024-08-28 15:09:44.041692",1,2e493c44-71ac-46ef-ac27-23404afd0763,27e35e73-9914-4988-a1db-16f1690e092e,7ffd79fe-84d8-493d-891d-cd2e0a0e97e7,organization
bd9d2acf-21ad-4576-a649-f39e17cd3af5,"2024-08-27 14:18:20.278561","2024-08-28 15:09:39.002879",1,5876c88a-5034-48fd-863c-2dc38fa2d55a,4c690062-772e-4b21-89a5-83660a4b3775,edfd954f-b4d3-4ac9-bc76-25cfa57487d5,user
bdb65eb7-0183-42e8-82f8-05b7e11170c0,"2024-08-27 14:18:56.735312","2024-08-28 15:09:42.921206",1,a39e87c5-00f2-4cc2-93e7-ee885b79b7d6,c2e91c9c-58b0-4194-a942-e2cf6418c37c,483d53d2-0a60-4b5c-8cd3-62ed2eef341f,organization
bf15fb43-80e7-4817-8463-c4917d15cee5,"2024-08-27 14:52:25.564384","2024-08-28 15:09:40.505160",1,29b502b8-c014-48e3-a5b0-d8deab9f6992,dd34ac48-871c-49f8-94ad-6d7f4eec795b,8cd36830-8599-4b4a-985e-de3609e17a4a,user
c0234642-1edc-44b1-bc37-445fba346456,"2024-08-27 14:18:20.785054","2024-08-28 15:09:39.822799",1,00ac5730-4f4d-4dbd-8fe7-9329c78a44be,744629d3-dec5-4ad0-a5d7-ebf171a30f4f,6da8c392-bfaf-440a-8dfe-fb7a98f5d893,user
c1f152dc-54b9-49a4-99db-517b3f5f53a9,"2024-03-25 10:54:30.332982","2024-08-28 15:09:44.261930",1,ac176d2e-ae84-4a1f-8e40-9fbc627e31e6,945238e2-b3fa-4025-9c4c-51ceb37d8556,329cbf47-0c82-4b13-b6a6-9877365e2dbc,organization
c2163dcf-ced4-43d6-9524-0e7f2e38b575,"2024-08-27 14:18:45.463262","2024-08-28 15:09:36.719646",1,eac15ada-df16-4cfc-abf6-4267f93b523d,285b8b54-7b90-4db4-a401-8f5e72ccafe4,c29967dd-c150-4c32-b92c-42d4d5a08ef4,user
c2f3e930-59fd-40d4-9112-2067243956c2,"2024-08-12 09:43:11.924267","2024-08-28 15:09:37.356924",2,2688dd5b-4201-42a9-a472-1c366cc6ef33,b9b52f2d-a57d-4241-85df-39d4f9233c6f,8b093bb2-c3f2-44d9-a05a-9a610d43b95f,user
c3448633-6b69-4eb7-8bc0-a999eacc7291,"2024-04-10 12:26:05.514378","2024-08-28 15:09:41.733817",5,da140aaa-27ed-4797-9825-3c1524ed0959,0d435f6f-8e32-4864-b498-c97f02381f44,5bd6ba43-9125-4e15-b20e-b61e164bde3c,organization
c3d8de28-5fe5-4610-9401-e70218778ab9,"2024-06-06 07:50:24.537453","2024-08-28 15:09:39.140115",2,2857264b-9de4-47c0-8696-aed0ee54204d,053205b5-dffd-4171-9f10-26bdcb66ee0a,de66090f-4fa3-426f-bb56-cc65e5ab44f8,user
c42bceab-053c-4ac9-a250-3195eccd3997,"2024-03-25 10:54:31.483070","2024-08-28 15:09:41.231694",1,2943bec3-0f75-45fd-907f-9533f3b76c27,a1052f50-cee8-42d1-9b00-d97ca4f0e878,9c7083d0-4a74-4a68-86a2-abffb6dbd8cb,organization
c6b8bdfb-6706-472f-8652-d673c637420d,"2024-08-07 09:23:24.163489","2024-08-28 15:09:36.892166",2,27435d24-0358-413c-9861-ce5022aa052e,df4b35bd-827e-4bf8-96be-f3593e9432a2,5be8a5cc-cc0f-4097-bc6c-e2a715dde0ad,user
c7b07406-7000-402c-9476-74c1ce094b10,"2024-08-12 07:00:35.572815","2024-08-28 15:09:39.333478",2,7414caee-1716-4a1b-9ad6-4dd79ee4bfc6,e44edf22-728f-447e-8cb4-c37ad31a68e8,25451885-9353-456a-a0fe-b9dce1398b02,user
c83bd501-cdf9-4e47-a9c4-26beb7083b68,"2024-08-27 14:18:31.441811","2024-08-28 15:09:40.115216",1,f6a9220d-9413-4bb8-b70b-72e5eafa38b8,5d1f7bef-4f4f-49ed-8927-7c8cee8d99ff,8a1b204f-7d4a-46f7-95c0-957283b523ef,user
c860437a-d5d4-480a-9334-fe2fe4db806f,"2024-08-27 14:18:58.505278","2024-08-28 15:09:44.111418",1,231faca3-ba7d-4fc8-a5f7-d18b213b7f34,3fe349ce-5729-40aa-8be6-8551eb5c9ff2,efc50bfe-90d1-402f-b2c7-322262b7642f,organization
c890884c-23df-41ae-8c39-3945b5195866,"2024-08-28 15:14:06.776552","2024-08-28 15:14:06.776552",1,cf8fe54a-627e-4bf7-af78-2c4d3782ca52,37482af1-86d6-40a5-87f2-48d34b510b77,dd3ea61a-ec02-44d3-9935-0c1b91c35ee4,user
c9025a01-c279-486c-920d-dfc131ca17c4,"2024-05-28 10:24:19.080753","2024-08-28 15:09:39.265326",2,a69d29d5-c427-4530-b928-81458a0f21cc,80b58ff1-981d-452e-8f68-54eb4788130b,d3144cb7-1fc7-4b87-b065-b7c2840ac450,user
c96bec72-34b1-44e0-967d-7826ffe0e248,"2024-08-27 14:19:12.700983","2024-08-28 15:09:41.991725",1,fe9aadbd-b1d1-4f74-abd0-169f252f675f,d4c34ca6-de42-47fe-bcf9-feb9c0b1ef7c,5bd83595-3420-473e-8b9b-30c53536aae0,organization
c980ab0d-eccc-42ed-978c-5eecf9dbe0e0,"2024-06-28 12:13:39.844217","2024-08-28 15:09:37.294223",2,9eb33f12-d55d-4acb-8cc5-b504e705c421,65dfb6a2-a43f-4f68-b096-b5558deaa1d2,6f7b10b5-002c-42f8-a3bc-e6a288334ac9,user
c9886092-38c0-4fbb-a918-c32f4d9786a7,"2024-03-25 10:54:32.166329","2024-08-28 15:09:43.040548",1,9758babf-335f-4555-a390-5909ebaffaba,e0a5c62c-5e8a-4549-9971-b84811d13987,67c3a647-b3c8-467e-acd8-41f7e1454f41,organization
ca3b0f98-1951-469b-9868-f0a4cb54266c,"2024-07-01 07:47:25.824836","2024-08-28 15:09:39.204099",2,049eeb65-abf1-4642-a6b4-d5b2d60be5c9,e25aee13-33a4-4d0d-8b7c-3795e6f6e939,8f91a07c-d2e0-4778-a987-8faeb3c4e9ba,user
cc104c9b-3d2c-4258-8c28-b395cd41cdc8,"2024-07-01 09:21:48.845834","2024-08-28 15:09:40.341193",2,10f09398-cb10-4820-89be-bee51e00251a,3fb4a013-005c-4de2-9785-873e7ac167d6,64b542fb-5aac-4859-8de4-fb749a51304f,user
cf564657-e87e-47f2-89be-ef769e660cd7,"2024-03-25 10:54:33.137083","2024-08-28 15:09:41.772356",1,d8dbbe5d-f2c0-49b5-a272-ce24b6fc0404,27bce4cc-a079-484a-9a60-9a6f8d0e95f4,e8f2f0e8-8e13-4a8c-990e-898d65620503,organization
cf583d43-30b3-4500-a3d7-1a1e090db11e,"2024-08-27 14:18:22.404350","2024-08-28 15:09:38.417275",1,2cfc2c8a-3562-4a88-8807-28238c88689c,440f2d30-cfc6-4927-8915-575c7bec93c3,acd14a26-35c4-48b5-b3e0-49cfb0c9074d,user
d02eabd9-f6bc-49fe-bd93-8a2da953cbc6,"2024-03-25 10:54:36.104933","2024-08-28 15:09:42.756668",1,1a073137-44e0-4840-bc9c-6778f383f0b6,26c8f1f1-a002-4533-b749-1c49ba2441aa,223af7ef-ccb6-4f8c-be7a-93c4189f9bef,organization
d0685da4-2616-409e-9e6f-26fe6982c6aa,"2024-08-27 14:18:27.266117","2024-08-28 15:09:39.078885",1,ba5371c4-dad4-48b1-8873-21cb0e694339,94d8f68f-9041-4a83-9a12-83e25af4a973,0c2998ac-a5ea-4b96-81b1-f7c978b3e1e3,user
d085475d-2a76-4916-9650-3f516acc434d,"2024-08-27 14:18:20.527197","2024-08-28 15:09:37.422879",1,becab3b5-4095-4621-9b2d-46b231fce217,ccb960a3-0f23-4002-a08d-ef9306ffa10c,22ff5589-1b57-49c5-8c28-56cad53459bf,user
d0dad153-cc37-492a-a8e7-a359d9272d7f,"2024-08-27 14:18:25.296407","2024-08-28 15:09:38.197274",1,63216e37-5cf6-43b6-97ee-e7368ff413e1,29f1aee3-56e6-45e0-b0c5-0a32ecff3160,150d4125-18ba-46fe-a69d-b4a934ea06e0,user
d2fd58ee-7214-41e4-a1fb-c4c6efe16d55,"2024-03-25 10:54:31.562851","2024-08-28 15:09:43.542418",1,3f945ffd-59c3-4d18-9d4f-57d7ff8e5d95,7872af9f-235e-4cef-80d0-685ac9bf19ef,63bf6bc2-4365-4e73-af16-c9970596f9c2,organization
d474d2e7-40ff-4460-a4ba-70924201f392,"2024-08-27 14:18:16.238589","2024-08-28 15:09:37.451992",1,afef69e2-0a88-431c-84f8-edf7114f1df8,1efd4c12-64d7-4754-95f7-5ebf3bdd8902,9eb69131-134f-4734-b6dc-c86cf959f255,user
d4cac4d7-6bd2-4c73-871d-c98932c88ce7,"2024-08-27 14:18:47.126266","2024-08-28 15:09:36.750847",1,f3b5496c-5790-4b87-a54e-3a6fb67ae5da,ed27a970-6096-431e-9565-6ba28eb89dd1,51df25cf-f571-4868-b45b-6b233f005865,user
d5bcb662-9192-4ed9-be39-3f7c6de43029,"2024-07-01 10:50:17.468595","2024-08-28 15:09:37.910181",2,0a4dfcd4-b61e-4763-9016-2ae01cd79895,482d570f-2b8e-42ba-9b39-fa481488971f,2f810aaa-5863-4d72-bcd9-b95c2d2dcd00,user
d6f1e961-178b-47a8-9e23-0ab9b5a59782,"2024-08-20 08:34:18.238905","2024-08-28 15:09:37.616535",2,5f696138-7223-4452-b7b7-054f6d19d87f,dab79ef0-f263-49c3-9f01-489c3f3ae227,f5212258-8c4d-48e4-91f3-43d78bcdcaaf,user
d83c35b4-3913-44e9-9080-9cc22a2912a8,"2024-08-12 14:08:06.470539","2024-08-28 15:09:38.710068",2,1c060639-1895-4d6a-b0c8-497611a86ce1,4cba37ec-3d09-434b-b632-cb4a18628352,4c1a3198-a9d9-4901-bace-c3331d54669a,user
d9235eed-7825-4a49-89b6-3cf47e0f3e8e,"2024-08-27 14:18:17.436643","2024-08-28 15:09:37.813459",1,48f22041-98df-46e1-a6af-391a3b0557c8,80abb848-bff9-4c2d-ba16-b75c23da89c3,788afc23-162e-4f08-85d6-fec6815ca154,user
da26769e-1132-4e85-9a78-6ef5c4c9020c,"2024-08-28 15:02:15.589588","2024-08-28 15:02:15.589588",1,7495b21b-de15-484c-bd02-d6ed96dcfd3a,b43dce41-3efd-4c0d-905e-202a3bc5f40d,7e175966-2f61-4963-b632-f0ceddbeb26f,NULL
dce1dc3a-f2a3-4e7f-afe7-e62211ab58a1,"2024-08-27 14:19:00.100509","2024-08-28 15:09:43.850577",1,6afb9aa6-c9f0-41a1-ac56-550eed155d11,cec4521f-091c-4898-8d1a-18ef27a4e58e,6a044371-b600-4e00-9e05-78eb17dfbc7b,organization
dd546781-ae4f-430a-8373-f21ae81bc22a,"2024-08-27 14:18:45.183140","2024-08-28 15:09:36.222338",1,ca68e090-8cca-4d38-af33-8d6d901bfa54,3700c6d1-8c58-4f5c-8db4-4ddb3463e06b,f3d522e4-e19f-4b2d-a48e-5d0ebc5e6070,user
df0b10a5-1203-4c33-9fd3-cb940772e508,"2024-08-27 14:18:19.984138","2024-08-28 15:09:39.659887",1,2f39c7de-7d38-4a97-b03c-fc57cfc3c63b,ae9aacb5-b94d-450c-809a-476d97e425c2,7588b2e2-f8fa-4bc5-a88b-233763ab61a5,user
df743d56-d7c9-45ee-8fe6-89c3b9e3c8f9,"2024-08-27 14:18:37.907765","2024-08-28 15:09:37.987096",1,f7db20a1-0ec5-4d98-b79e-689978f9fb0a,85ea2524-268f-4a8f-bc5a-e8980a171d65,98aebb55-b96a-441f-ab0e-7ca0834c79a7,user
dfd42500-cf96-4334-b96b-adc0957fc5e9,"2024-03-25 10:54:32.851525","2024-08-28 15:09:43.694998",1,9698b6a4-18a4-4a57-921b-e7fcf79591f9,ff71aa4c-5cd0-4e1d-a305-3ae635e0dcf1,c0f1c6bb-1d58-4884-be68-7924c5e1e2e4,organization
e2453bf2-5cb9-4a71-83b7-7380dcaa09b8,"2024-08-14 08:13:23.836535","2024-08-28 15:09:37.877542",2,acab8dbe-1673-4f50-bbff-7951e89e3abc,a02b22e8-de9b-4ce8-9d85-694ce7dac4d7,9db27230-4a54-4555-a81f-f9857c4d3f52,user
e4d0ad3f-9c3a-470c-82a9-06cf07eea95c,"2024-08-27 14:18:40.315081","2024-08-28 15:09:39.791040",1,03831eec-486f-4886-afb0-718e171f1eff,33c0e99a-7adb-4753-9143-8dcb7eb42988,36891398-2ca8-4e61-9662-7fbb75279e83,user
e5d5ef38-e909-4aa9-93ef-4f3cb653a7da,"2024-08-27 14:18:35.299446","2024-08-28 15:09:36.454243",1,613071c2-4887-4612-9895-28d1e2440b57,94ac03c9-f942-4e4b-91aa-4309c7c4d0b9,84f18339-851b-486e-8bcc-b561b7f6c723,user
e6d99503-8a4b-4d53-9600-4467f5fb57d3,"2024-08-27 14:18:39.806973","2024-08-28 15:09:40.009831",1,fa212736-7772-4a93-b6c5-eefb3762fa0f,8729d33c-da60-4d5c-9491-10ac2945d257,8d82e51a-b6ae-410b-b66c-4c01d1511fa6,user
e7d3b3f4-bec5-4e3f-b8ef-177a8076ff74,"2024-03-25 10:54:36.606963","2024-08-28 15:09:42.085159",1,271d13f5-781b-4cbb-afd2-b56fbb537b3a,f8c11449-6ed0-404a-92f8-f93733496b31,7588e109-53d7-4c62-9ab6-f8591091769d,organization
e813f874-c2ae-45c1-a1e3-8735d986d750,"2024-08-27 14:18:41.937590","2024-08-28 15:09:39.597985",1,b3ebd672-49cf-4485-ba4f-5ac93c3b2cb1,b2803aa3-dd6f-4acc-b7fb-e2b2ab14d416,a3f84c84-9525-4391-b538-18ebb1a17745,user
e88eae38-7948-4490-9eb2-a015e568e782,"2024-05-28 08:51:23.118315","2024-08-28 15:09:35.973792",2,e8ea12c0-3eb5-4307-80ae-084f2576a9b4,b5f52ec7-8166-4d21-b54f-5ca61b42f075,8844d4a4-3dcb-42a7-a1a5-1950b31709b0,user
ea1ccd99-7126-42ad-b9df-4abf517c1fdc,"2024-08-27 14:18:48.474942","2024-08-28 15:09:40.241228",1,62961969-9ec1-4632-82ec-f8bbb15bc76c,16c65426-89e6-40cc-a4d8-2f8177f44dd5,a5de6093-e418-41b7-89fe-500890fe769f,user
eb8441b3-713c-439a-9b2f-6d4837921fdf,"2024-08-27 14:18:13.179808","2024-08-28 15:09:36.253450",1,0789b41a-c437-4439-8387-4a07991bbff7,a64ab0f7-eb31-42e9-b8a8-4584959365dc,03d97856-3d34-434b-831a-7c81cf2bdaff,user
ec3586d7-a22a-4e6e-af13-0a1acafaf3b6,"2024-03-25 10:54:30.249150","2024-08-28 15:09:41.813343",1,084fffe3-8f44-40ac-af8e-7fdf4667e4f9,b9240f35-da0b-4796-9417-fab55cde60e0,2963392c-28ef-43f5-9a4b-f6988c11ebc6,organization
ec922e89-c73b-4db3-9d0c-db257fa20876,"2024-03-25 10:54:32.005480","2024-08-28 15:09:42.234933",1,f0ae0896-7c4c-43fb-bb87-e0d0075ac9c8,18487021-cbc7-4391-b3fc-961376c745bb,32f26a43-622d-4871-ad89-479472f4d0dd,organization
ed0580e1-7559-4c0c-9e5b-2f7b51190224,"2024-07-01 09:25:34.298038","2024-08-28 15:09:37.646343",2,b74b5a27-a53f-4d07-b2bd-62682618beaf,64d1d891-3301-43dd-8a08-731d77ed3ec0,2f61a6c9-a1d2-4fcc-95c6-50c7ea6e4980,user
edc63d85-2a32-4417-a181-28cc0219875c,"2024-08-27 14:18:26.435977","2024-08-28 15:09:38.225395",1,954ee409-e01a-4b2e-9431-4ac68a60e4c3,0417f7cc-9766-40ea-847d-e32d486bf823,71307579-ba7e-4c1f-a11c-a055768931bf,user
ee02502b-0744-4e31-9b93-e1386192f606,"2024-08-27 14:18:33.596264","2024-08-28 15:09:38.017286",1,742c929e-fdf6-42b9-8248-12ae44899dfc,8a1c426a-ed44-466b-a73a-c8fe0e3db513,51bff77c-559c-44e3-a9df-ff81c0f866b6,user
f00145ab-5894-45cb-9e50-b9594e496e52,"2024-08-27 14:18:41.129940","2024-08-28 15:09:39.234349",1,2d78aadd-5dd0-4a03-8c6e-f16b05c52e7a,a7b18fb7-92fa-451e-b2c7-e8f70fab286c,36fcf172-6b3f-4a04-afb6-1eb7bcc2b533,user
f3a64e65-8c05-43a8-beba-45300d96bd55,"2024-08-27 14:18:57.021752","2024-08-28 15:09:43.148255",1,baf7003d-7abf-481b-ae22-8379ffdc80bc,66d63ae0-9d70-4975-a30b-a2816d26af5f,37c3aa5b-bee5-4368-9949-94e3e02c2f78,organization
f4612a42-5079-46fc-97a2-f1cdeea1cb0e,"2024-07-01 10:46:27.456171","2024-08-28 15:09:37.031129",2,cc5a90c4-9739-4557-9ee8-ba8efde4a23e,dfa512b0-9610-4c1c-8e34-182c7bbd0254,19dccb2c-5d9a-4035-8cd5-bd627b6e001f,user
f5059ac3-371c-4a32-b5be-96d1661c47ff,"2024-08-27 14:18:14.274002","2024-08-28 15:09:38.872067",1,d011aa3a-01c5-4894-9f66-acb72c8b2e78,10944d32-8bbe-4875-b0cf-24cb7624e583,4a610ad6-abaf-4fa7-aa5b-c7053e63a5e5,user
f53a2e48-bcbd-438b-98cc-946baa8422fc,"2024-08-27 14:18:34.762756","2024-08-28 15:09:40.694171",1,687b8d74-2001-4057-8226-334486c21e7e,96bfc71f-ddbe-478c-8c03-4b2b7e3b3609,20577afc-d442-49e6-a334-55b19fcd2c61,user
f677690a-4822-4892-8aee-023b870b5ffe,"2024-04-29 10:25:33.856479","2024-08-28 15:09:44.173442",5,d9aa42d7-bacf-4358-a185-9a7b38d12563,c1e32649-e562-4355-a538-6099415fd734,81c8d91c-ed12-4461-b38c-4b61057f13a4,organization
f6acfb18-143b-4dbb-848d-a7bc71804a41,"2024-08-27 14:19:06.113209","2024-08-28 15:09:42.328723",1,7dcf4442-0355-4068-bef6-0ed421fa4c1f,6debb5ae-31b6-4d40-bf59-44ba2c3974d4,9bd89666-c7c1-486e-8df9-4b5136f24959,organization
f77d3803-4f2a-4e85-99ce-356d174e2382,"2024-03-25 10:54:35.567105","2024-08-28 15:09:43.109912",1,5454b323-69b6-46d7-8365-2c9a262bf571,9d2ce104-5e07-417a-8959-fa0a9bc6a75b,b193cacd-e372-4e93-9eb2-c292674bf123,organization
f7824289-29f7-4947-9c59-35f290757213,"2024-08-14 08:48:37.969663","2024-08-28 15:09:36.590771",2,f0b9dbda-2004-47fe-af3c-089e60566e66,e883446f-9147-4eed-8de8-2059b11b2d8a,0ed280f8-1100-4743-8559-991383099b04,user
f9ef8cfb-747c-4f46-8446-5fa51a8c44a5,"2024-05-28 13:17:33.509160","2024-08-28 15:09:39.037123",2,77b07ce0-c65d-4a3e-b882-226aea9773ce,8a4fb680-1741-45fa-b490-a23951297876,7b576664-0762-403e-af5f-33dc97a2dec1,user
fa7550c2-78b1-402d-9b22-e8733aa48137,"2024-03-25 10:54:34.130536","2024-08-28 15:09:41.425247",1,2e532da9-afcb-4099-9daf-5b98d9531985,0e90bf1e-8aa9-4be2-9981-29aee9e5ad40,fd226830-9024-43af-8dde-613fa8a65192,organization
fabdf142-ab21-41f1-ab9f-01161ad12936,"2024-08-27 14:18:39.019630","2024-08-28 15:09:39.693781",1,99ff0ea4-1864-4fbc-84ee-6d82650479be,32b4d6ab-0693-4010-b523-0e39784aeb4e,6d8b0268-a5bc-4fdd-991a-d0836be62a53,user
fe5933a6-ad54-460c-a383-b1cbd6a383ab,"2024-08-27 14:18:21.870328","2024-08-28 15:09:39.371278",1,e49f8ec6-5e62-433b-a5f5-595f589972ff,088d6c2d-d010-421d-99ec-638ce49b298c,7960b6fa-63aa-4b9b-8687-7c9b603099c6,user
ff2fa0bd-e34f-46f1-98dc-4f606dc19620,"2024-05-28 08:21:54.853471","2024-06-28 14:12:21.112295",2,59f70e22-162d-495c-b093-2289eaf24a5b,e897d0e2-031e-4921-a5e2-c330bb1fed17,07093537-567f-4df4-b21b-1f4cf2d1902e,NULL
