id,createdDate,updatedDate,version,engine,dataAccessMode,prompt,bodyOfKnowledgeType,bodyOfKnowledgeID,authorizationId,aiServerId,bodyOfKnowledgeLastUpdated
04a5ee36-0566-4208-8e82-9715d7b54522,"2024-06-24 14:32:06.230991","2024-09-11 08:57:33.350508",1,expert,space_profile,"VC1 prompt
",alkemio-space,49198bad-a653-4026-b726-ad4e80831031,e5e858ef-4a5b-46b5-b2b3-c58a8cbe787a,77d23868-f9b9-40f7-a734-f77434e8c1fa,"2024-09-11 08:57:33"
0515a4ed-0f28-4976-93d1-659e74552581,"2024-06-24 14:32:09.312443","2024-09-11 08:57:33.350508",1,guidance,space_profile,"Alkemio Guidance - respond in ENglish.
",none,NULL,d05085d5-c8a6-4c8f-8054-bebf789bffb3,77d23868-f9b9-40f7-a734-f77434e8c1fa,"2024-09-11 08:57:33"
07c99208-1b44-49ca-ad96-9eaaa37c9033,"2024-06-24 14:32:08.984712","2024-09-11 08:57:33.350508",1,expert,space_profile,"VC1 prompt
",alkemio-space,d0684d50-edb8-4372-b585-2adb4c2a1428,404ddff2-8b9c-4871-9823-e2665932d30b,77d23868-f9b9-40f7-a734-f77434e8c1fa,"2024-09-11 08:57:33"
0abb69ab-bdc5-403e-9bd1-e7272c724a4e,"2024-06-28 11:42:32.677229","2024-09-11 08:57:33.350508",2,expert,space_profile,,alkemio-space,5ae4763c-eabd-43d7-be88-ac283d111583,93e009a3-5b2b-4d21-be81-e18f45e739e5,77d23868-f9b9-40f7-a734-f77434e8c1fa,"2024-09-11 08:57:33"
0bec7650-2be0-4027-8d1d-0338134ba229,"2024-08-14 08:42:32.532360","2024-09-11 08:57:33.350508",2,expert,space_profile,,alkemio-space,6378d4b3-7cd3-474f-863a-62f5e7983bd6,2d78a0d5-f939-4cf9-97be-4822dd707b79,77d23868-f9b9-40f7-a734-f77434e8c1fa,"2024-09-11 08:57:33"
0c763b71-2aab-4146-8215-74dc539b0dc7,"2024-08-12 13:21:59.766739","2024-09-11 08:57:33.350508",2,expert,space_profile,,alkemio-space,2c1f0ad9-36a4-435c-a572-5bab32c55c33,eff4d943-e835-4d60-b365-6dd8cecb7971,77d23868-f9b9-40f7-a734-f77434e8c1fa,"2024-09-11 08:57:33"
0f3e0ac7-bc85-4dfe-9f23-ff202429c248,"2024-08-09 10:41:26.670461","2024-09-11 08:57:33.350508",2,expert,space_profile,,alkemio-space,8bcfc764-dd98-431e-9f38-32a17a5cb877,69a2b395-2a62-4c4f-848b-7b2a871b6619,77d23868-f9b9-40f7-a734-f77434e8c1fa,"2024-09-11 08:57:33"
0fceb622-8818-45bd-8b9c-5e9836633097,"2024-08-12 07:12:11.801068","2024-09-11 08:57:33.350508",2,expert,space_profile,,alkemio-space,3b1a3825-b59a-4e38-83ac-4b46341c880d,796971f4-710b-4b3a-a102-d79475606d9d,77d23868-f9b9-40f7-a734-f77434e8c1fa,"2024-09-11 08:57:33"
10b3b694-f63b-483a-aef5-64d6bdd6f931,"2024-06-25 13:30:36.924231","2024-09-11 08:57:33.350508",2,expert,space_profile,,alkemio-space,9eda1b8d-60de-4466-8ebd-71194250e25f,f5fa3ef6-bd17-4114-a7d9-63f93baa8729,77d23868-f9b9-40f7-a734-f77434e8c1fa,"2024-09-11 08:57:33"
1182f48c-9d18-404f-951c-59c7932248f0,"2024-06-26 13:05:55.796115","2024-09-11 08:57:33.350508",2,expert,space_profile,,alkemio-space,7f616cd1-71f1-41ca-b3f0-57d9c247522f,82f0e2fd-3e88-41f7-86c1-f71fc187e48e,77d23868-f9b9-40f7-a734-f77434e8c1fa,"2024-09-11 08:57:33"
1649f90f-9cf9-426d-83b4-24b5257f2989,"2024-08-12 07:24:42.161736","2024-09-11 08:57:33.350508",2,expert,space_profile,,alkemio-space,e92cb7f8-ed7b-4fe2-9eac-b76a1ad5b1ad,f339d31b-ac28-445e-b2fa-e8fe0d59406f,77d23868-f9b9-40f7-a734-f77434e8c1fa,"2024-09-11 08:57:33"
1721b7ba-cf00-48e2-a686-52ca40ac3247,"2024-08-14 06:48:28.034099","2024-09-11 08:57:33.350508",2,expert,space_profile,,alkemio-space,794561a7-7b95-4904-9c63-5183940de42a,8b07fc90-4b08-4501-a6db-d477b75fee54,77d23868-f9b9-40f7-a734-f77434e8c1fa,"2024-09-11 08:57:33"
17953356-044b-4046-8dae-edb1e09a159e,"2024-06-24 14:32:09.613556","2024-09-11 08:57:33.350508",1,community-manager,space_profile,"Alkemio Community Manager
",none,NULL,bc1a8f4a-f8bf-477e-bc07-ed7be591e280,77d23868-f9b9-40f7-a734-f77434e8c1fa,"2024-09-11 08:57:33"
1c386107-9444-455b-839c-dc3d85afa79b,"2024-08-20 09:41:49.368126","2024-09-11 08:57:33.350508",2,expert,space_profile,,alkemio-space,b7f76ceb-afd2-4dda-9685-466da7ce38e2,16b08607-d4c3-4e45-a488-c7598797464a,77d23868-f9b9-40f7-a734-f77434e8c1fa,"2024-09-11 08:57:33"
1db1e6b8-42b3-4c88-b1e0-e93cbff64c94,"2024-09-02 11:12:58.636794","2024-09-11 08:57:33.350508",2,expert,space_profile,,alkemio-space,76be0730-2a45-4bff-b75c-287efcc5eadd,80b746ee-359a-47cf-9c01-092de7fe9a09,77d23868-f9b9-40f7-a734-f77434e8c1fa,"2024-09-11 08:57:33"
1dd1c514-88ee-49d2-9662-7e7f0c821c88,"2024-06-28 11:42:51.878786","2024-09-11 08:57:33.350508",2,expert,space_profile,,alkemio-space,5ae4763c-eabd-43d7-be88-ac283d111583,d6c05e9c-b363-46de-ba44-3f9e2422bff9,77d23868-f9b9-40f7-a734-f77434e8c1fa,"2024-09-11 08:57:33"
1e97676f-88a2-4bdb-9dc2-29e26960e446,"2024-08-12 13:18:36.975030","2024-09-11 08:57:33.350508",2,expert,space_profile,,alkemio-space,fcf57ca4-388c-4351-87bc-61d411e835d4,2a5c38ac-8a33-4889-8b6b-7b097a3019b1,77d23868-f9b9-40f7-a734-f77434e8c1fa,"2024-09-11 08:57:33"
20ea463d-fd9d-4989-99ad-3974119cbdc9,"2024-06-24 14:32:05.893422","2024-09-11 08:57:33.350508",1,community-manager,space_profile,"Imagine you are <strong>Matthew McConaughey, please respond like him using tone, words, etc.</strong>
",none,NULL,ae7add8b-b199-4e78-9afb-1b72015609f7,77d23868-f9b9-40f7-a734-f77434e8c1fa,"2024-09-11 08:57:33"
2419c98a-4cc1-40e7-a3cb-bae412e72d9e,"2024-07-01 08:55:27.078913","2024-09-11 08:57:33.350508",2,expert,space_profile,,alkemio-space,9698c445-5ce1-484a-89a5-43b9d98433d4,33c1e6ec-b195-42c9-861f-eb5799921de1,77d23868-f9b9-40f7-a734-f77434e8c1fa,"2024-09-11 08:57:33"
29302603-9b48-49e2-92be-80e7cfbff9f7,"2024-07-18 12:33:12.278233","2024-09-11 08:57:33.350508",2,expert,space_profile,,alkemio-space,dd51ade6-0a22-4382-8bcf-b107d3870685,868460d1-4c2d-4b11-b440-e750dba2496f,77d23868-f9b9-40f7-a734-f77434e8c1fa,"2024-09-11 08:57:33"
2bf19028-84db-43e5-b96e-ca46cfaad093,"2024-07-01 09:26:12.088756","2024-09-11 08:57:33.350508",2,expert,space_profile,,alkemio-space,776350d6-7b77-44fb-b6f9-d51fe0078b38,249b564d-2095-4c26-b442-7dd8cb02f47b,77d23868-f9b9-40f7-a734-f77434e8c1fa,"2024-09-11 08:57:33"
2c6417b6-4127-438a-822f-ed2402f175f2,"2024-08-09 15:06:22.575864","2024-09-11 08:57:33.350508",2,expert,space_profile,,alkemio-space,a1618f75-07da-41f4-88df-a4ad5ab8e28e,5066e49a-ba40-4b5c-9681-40e31e03c480,77d23868-f9b9-40f7-a734-f77434e8c1fa,"2024-09-11 08:57:33"
2ce8104b-e07f-4dcc-a913-8c95f86d49a5,"2024-08-20 09:25:11.832402","2024-09-11 08:57:33.350508",2,expert,space_profile,,alkemio-space,b7f76ceb-afd2-4dda-9685-466da7ce38e2,51927c85-3fcb-4a59-9c8b-e8d4fe019bad,77d23868-f9b9-40f7-a734-f77434e8c1fa,"2024-09-11 08:57:33"
2d2891de-148a-4c11-8215-23adf04c6a96,"2024-06-24 14:32:10.989999","2024-09-11 08:57:33.350508",1,expert,space_profile,"VC1 prompt
",alkemio-space,30b4dfe7-b8ec-44f3-bab3-d95cfbdc4f9c,a5c4cf38-4cfb-4d56-bdb6-b3e58a461b4e,77d23868-f9b9-40f7-a734-f77434e8c1fa,"2024-09-11 08:57:33"
2fb7dfb2-c0cb-45fa-b67b-9ef7250baf4c,"2024-07-01 07:48:34.996338","2024-09-11 08:57:33.350508",2,expert,space_profile,,alkemio-space,b8a5424f-10e6-47ab-893b-c0e54728fbef,37defcd5-b695-489f-82b3-88c5b8f413bc,77d23868-f9b9-40f7-a734-f77434e8c1fa,"2024-09-11 08:57:33"
30f23c57-9664-4cf1-9aa5-1d7f5d43273d,"2024-07-08 11:41:33.617063","2024-09-11 08:57:33.350508",2,expert,space_profile,,alkemio-space,afb26e6b-484a-44a2-9bd9-599a9ea2b166,4e9b3488-3b47-4b0c-8014-20388f668d39,77d23868-f9b9-40f7-a734-f77434e8c1fa,"2024-09-11 08:57:33"
3196e31d-8f8e-4869-a927-1dd043550e4e,"2024-06-24 14:32:08.533306","2024-09-11 08:57:33.350508",1,expert,space_profile,"VC1 prompt
",alkemio-space,ab96976e-8797-4035-b16e-532c84eaa821,1a1f08ca-57ce-4ee6-9aef-2b77edace2ae,77d23868-f9b9-40f7-a734-f77434e8c1fa,"2024-09-11 08:57:33"
337e038a-bc27-4d4f-a7a4-2a56b5b579ac,"2024-07-08 12:34:39.328585","2024-09-11 08:57:33.350508",2,expert,space_profile,,alkemio-space,5e71f8e7-d091-4193-bed7-5995a8849274,c1f6b119-49fa-46f6-8fb9-18486b93d762,77d23868-f9b9-40f7-a734-f77434e8c1fa,"2024-09-11 08:57:33"
33aff183-b691-4af0-9538-1970a53849a6,"2024-08-23 10:52:23.693699","2024-09-11 08:57:33.350508",2,expert,space_profile,,alkemio-space,1bc1f365-8f46-4d1e-96d3-deb9dcfc4eab,7b179ed9-73a8-4c3b-955d-6ebce4271546,77d23868-f9b9-40f7-a734-f77434e8c1fa,"2024-09-11 08:57:33"
347e89f7-7718-4cd1-bce3-14215158534d,"2024-06-25 11:06:57.189000","2024-09-11 08:57:33.350508",2,expert,space_profile,,alkemio-space,f33d23f5-c1c6-4dd5-aaac-aa85a69ec3cc,766ba1dd-bbd7-4c3c-938c-cfc8b1763c39,77d23868-f9b9-40f7-a734-f77434e8c1fa,"2024-09-11 08:57:33"
37be1f87-60df-4c86-8aba-52d018543368,"2024-06-24 14:32:08.688752","2024-09-11 08:57:33.350508",1,expert,space_profile,"VC1 prompt
",alkemio-space,83d5934a-5399-4b2b-8c6a-a2f913b5f91a,97f6a360-0fba-4c82-817d-34c92db13a30,77d23868-f9b9-40f7-a734-f77434e8c1fa,"2024-09-11 08:57:33"
3913b40d-c3a2-407c-a69c-4a2e4c58efbb,"2024-07-05 13:59:54.678227","2024-09-11 08:57:33.350508",2,expert,space_profile,,alkemio-space,d4186659-f6ea-438e-bf82-36dd5fe1be9f,6e949e2c-7d34-4a5b-bf33-22f76473ae9b,77d23868-f9b9-40f7-a734-f77434e8c1fa,"2024-09-11 08:57:33"
3c3fc7e6-5a2a-428e-a17d-a8e6dca8b0ab,"2024-06-28 23:09:58.637261","2024-09-11 08:57:33.350508",2,expert,space_profile,,alkemio-space,2c1f0ad9-36a4-435c-a572-5bab32c55c33,c2a37ad3-f00e-4a53-9e1e-13e39a2d99cd,77d23868-f9b9-40f7-a734-f77434e8c1fa,"2024-09-11 08:57:33"
3c6d4b1c-0f53-4eb1-af9d-20720c550eda,"2024-06-24 14:32:08.839118","2024-09-11 08:57:33.350508",1,expert,space_profile,"VC1 prompt
",alkemio-space,585f50ba-b600-4f34-a130-7885451f68b8,55fd88b3-045b-4fbb-be37-36a539b7ec7f,77d23868-f9b9-40f7-a734-f77434e8c1fa,"2024-09-11 08:57:33"
3c82a121-7ea0-437f-87df-1c1c77b3581b,"2024-06-24 14:32:10.682037","2024-09-11 08:57:33.350508",1,expert,space_profile,"VC1 prompt
",alkemio-space,49198bad-a653-4026-b726-ad4e80831031,096e0856-5aac-4679-84b1-e43067171e62,77d23868-f9b9-40f7-a734-f77434e8c1fa,"2024-09-11 08:57:33"
3e449a7f-2e8c-4cf9-871b-a5ce4d07e06e,"2024-08-12 14:13:53.538216","2024-09-11 08:57:33.350508",2,expert,space_profile,,alkemio-space,ce9bae7e-2d18-4726-8031-49f3cd595755,6f6df75b-7c04-4188-a7bb-0386be4f058e,77d23868-f9b9-40f7-a734-f77434e8c1fa,"2024-09-11 08:57:33"
3fbdf527-b5b1-415d-a1d5-27d4a5d936ac,"2024-08-09 15:53:38.601964","2024-09-11 08:57:33.350508",2,expert,space_profile,,alkemio-space,863ea57d-c248-49bc-915b-a67776e99828,f7d01b08-60d1-40cb-897b-caa5d8581ea6,77d23868-f9b9-40f7-a734-f77434e8c1fa,"2024-09-11 08:57:33"
401b856f-5063-40e1-9e96-e42cec211392,"2024-08-14 08:13:48.822071","2024-09-11 08:57:33.350508",2,expert,space_profile,,alkemio-space,e9747875-ed68-4b07-af1c-d668bc8010a2,7119fff9-c57c-4aee-8c8d-ec74aa79f4b2,77d23868-f9b9-40f7-a734-f77434e8c1fa,"2024-09-11 08:57:33"
42058ceb-00d2-4116-9bb9-2858c661abac,"2024-07-01 07:27:45.735765","2024-09-11 08:57:33.350508",2,expert,space_profile,,alkemio-space,4847844f-8631-43ca-8414-e4907902f88c,07aeb5aa-63ed-48a3-b58d-6e8246535f40,77d23868-f9b9-40f7-a734-f77434e8c1fa,"2024-09-11 08:57:33"
427be997-4a33-47d8-9e6d-f9c0264ad80a,"2024-07-08 10:46:02.998666","2024-09-11 08:57:33.350508",2,expert,space_profile,,alkemio-space,5e71f8e7-d091-4193-bed7-5995a8849274,3fb3e88a-7589-4c33-95db-78c7743bfbbd,77d23868-f9b9-40f7-a734-f77434e8c1fa,"2024-09-11 08:57:33"
42fe34b7-8dd5-4157-a523-db33a994cba4,"2024-08-21 09:12:04.238265","2024-09-11 08:57:33.350508",2,expert,space_profile,,alkemio-space,2c1f0ad9-36a4-435c-a572-5bab32c55c33,306a2d6f-7801-4ee0-971c-06699851495f,77d23868-f9b9-40f7-a734-f77434e8c1fa,"2024-09-11 08:57:33"
457b3c83-0527-40e6-a57b-4607496ec02d,"2024-06-24 14:32:11.450108","2024-09-11 08:57:33.350508",1,expert,space_profile,"VC1 prompt
",alkemio-space,54991f21-3134-47f6-b7ad-cbb0f66c76e7,a507bb0e-a689-4ace-89af-bb2a2a785638,77d23868-f9b9-40f7-a734-f77434e8c1fa,"2024-09-11 08:57:33"
47e83bff-32f8-4416-9c4b-96f13f60e29d,"2024-07-08 10:38:21.722799","2024-09-11 08:57:33.350508",2,expert,space_profile,,alkemio-space,5e71f8e7-d091-4193-bed7-5995a8849274,6d7513c2-2d79-40e7-9d3c-a2cd9b17611b,77d23868-f9b9-40f7-a734-f77434e8c1fa,"2024-09-11 08:57:33"
499c4476-b38a-44ea-b5d0-42e4d8bbb826,"2024-08-29 07:39:32.056907","2024-09-11 08:57:33.350508",2,expert,space_profile,,alkemio-space,449a7b0e-7a55-4b1e-ab5c-c890eadf4f41,7ae12eb6-4d1d-4f95-9f73-c680154d5dee,77d23868-f9b9-40f7-a734-f77434e8c1fa,"2024-09-11 08:57:33"
49a662aa-58d6-4cfb-a51d-62909aab14df,"2024-06-24 14:32:10.236888","2024-09-11 08:57:33.350508",1,expert,space_profile,"VC1 prompt
",alkemio-space,73e21f44-293d-4840-8839-9d0d0e0af89d,0ff53369-22c2-4f95-a655-3af8bcddd09c,77d23868-f9b9-40f7-a734-f77434e8c1fa,"2024-09-11 08:57:33"
4b564e4f-f2f8-4acb-949c-bd274e094bde,"2024-07-19 12:33:44.251488","2024-09-11 08:57:33.350508",2,expert,space_profile,,alkemio-space,d353760d-8404-4185-89e9-3ead76f11170,a4ebf679-6e89-4a4b-bb5e-8d2e754dbf33,77d23868-f9b9-40f7-a734-f77434e8c1fa,"2024-09-11 08:57:33"
4d8d9d4c-331c-49e6-9833-ded7db18e743,"2024-06-28 12:28:23.276806","2024-09-11 08:57:33.350508",2,expert,space_profile,,alkemio-space,ff229cce-77ed-4a94-a4eb-e65bc46671b5,107fa62e-17e9-4fd0-9e34-ec8424c5a4fd,77d23868-f9b9-40f7-a734-f77434e8c1fa,"2024-09-11 08:57:33"
4e0682fc-fa15-42df-b9c3-16b3ed2279e2,"2024-06-24 14:32:07.321287","2024-09-11 08:57:33.350508",1,expert,space_profile,"111
",none,NULL,8829f47a-339a-4cc2-b721-7484269eec7a,77d23868-f9b9-40f7-a734-f77434e8c1fa,"2024-09-11 08:57:33"
4f7948e5-2769-4b7b-9e6d-e65cbf4f59c4,"2024-06-26 15:28:50.375902","2024-09-11 08:57:33.350508",2,expert,space_profile,,alkemio-space,7f616cd1-71f1-41ca-b3f0-57d9c247522f,204cffc0-1c5a-4bac-8b64-2043acb624e3,77d23868-f9b9-40f7-a734-f77434e8c1fa,"2024-09-11 08:57:33"
500bd56e-8f9e-4e8a-8a47-c5fbbd333d75,"2024-08-12 07:25:28.587968","2024-09-11 08:57:33.350508",2,expert,space_profile,,alkemio-space,c6846d3e-1940-4ca1-bc56-1517470050ea,bfe29f58-7129-4707-8cc4-1d0cc84f8e52,77d23868-f9b9-40f7-a734-f77434e8c1fa,"2024-09-11 08:57:33"
5128f990-d8cd-40c0-82eb-95c1276557cf,"2024-06-28 11:50:44.592230","2024-09-11 08:57:33.350508",2,expert,space_profile,,alkemio-space,5ae4763c-eabd-43d7-be88-ac283d111583,4585ddc4-4d00-4104-9080-b22b4a30e9a7,77d23868-f9b9-40f7-a734-f77434e8c1fa,"2024-09-11 08:57:33"
5243f266-03da-4ccd-a514-78d1cebe6a87,"2024-06-25 10:47:56.929314","2024-09-11 08:57:33.350508",2,expert,space_profile,,alkemio-space,f33d23f5-c1c6-4dd5-aaac-aa85a69ec3cc,26a630f1-6681-48ab-8c7a-47eaa5fa4c1b,77d23868-f9b9-40f7-a734-f77434e8c1fa,"2024-09-11 08:57:33"
5306ce84-1810-4bc7-934c-db81679dcb46,"2024-07-01 10:47:22.775504","2024-09-11 08:57:33.350508",2,expert,space_profile,,alkemio-space,8b9098fc-a6d8-4670-9e4c-617cc8ab88c1,1383a0a7-be58-4601-bff8-526b29690366,77d23868-f9b9-40f7-a734-f77434e8c1fa,"2024-09-11 08:57:33"
53b45d26-419a-418c-b2d0-eb09bcf7bcd3,"2024-06-26 07:39:25.654762","2024-09-11 08:57:33.350508",2,expert,space_profile,,alkemio-space,dfcf4285-1359-42ac-876b-b739a93971f6,fee5b9bc-f3b8-4c24-b267-9d8ccc18c2da,77d23868-f9b9-40f7-a734-f77434e8c1fa,"2024-09-11 08:57:33"
5a171b59-2134-446f-bcd3-b52e2cde6ca2,"2024-07-19 10:27:42.420140","2024-09-11 08:57:33.350508",2,expert,space_profile,,alkemio-space,6b6b9cc3-2d83-4303-a759-3d5c4a1d1019,2149ab2e-daa5-41c5-b2e5-067ea42a5322,77d23868-f9b9-40f7-a734-f77434e8c1fa,"2024-09-11 08:57:33"
5b49a1a3-d9e3-4774-8355-f2597e4655e1,"2024-08-12 07:26:56.560963","2024-09-11 08:57:33.350508",2,expert,space_profile,,alkemio-space,c27ab4d3-935d-444f-9747-5ef66e21b8b3,76ee9f2f-7f59-4015-a74f-50eb0a11aed4,77d23868-f9b9-40f7-a734-f77434e8c1fa,"2024-09-11 08:57:33"
5b8f2567-e1a9-4f46-a6df-5d38f3813f0c,"2024-06-25 11:06:19.377599","2024-09-11 08:57:33.350508",2,expert,space_profile,,alkemio-space,f33d23f5-c1c6-4dd5-aaac-aa85a69ec3cc,725ed9eb-aeb4-4c76-9b39-d34e6c0de69a,77d23868-f9b9-40f7-a734-f77434e8c1fa,"2024-09-11 08:57:33"
5d84a2b5-7c8c-430e-ae3f-9e41f4c06c4f,"2024-06-24 14:32:11.914995","2024-09-11 08:57:33.350508",1,community-manager,space_profile,"Answer as 50cents
",none,NULL,187e5448-a8fc-4d7d-a765-26b7ab28fab9,77d23868-f9b9-40f7-a734-f77434e8c1fa,"2024-09-11 08:57:33"
5ed283e3-566a-4794-88d8-4b5a93d392dd,"2024-06-24 14:32:11.597675","2024-09-11 08:57:33.350508",1,community-manager,space_profile,"Imagine you are William Shakespeare, the renowned playwright of the Elizabethan era. Answer the following questions as if you were speaking or writing in your own voice. Use elaborate language, poetic metaphors, and the distinctive rhythm of your verse. Consider how you would respond to each question with the eloquence and wisdom for which you are celebrated.",none,NULL,b627a536-4f3d-4c8e-aabd-1e9ba683ee90,77d23868-f9b9-40f7-a734-f77434e8c1fa,"2024-09-11 08:57:33"
5fdd0aa4-886e-4671-8b4b-f807753435ed,"2024-06-24 14:32:06.063586","2024-09-11 08:57:33.350508",1,community-manager,space_profile,"Act as a Bulgarian nerd leading a team in an ethical AI startup ([alkem.io](http://alkem.io)) that is empowering society to solve its most complex problems with the help of AI.
",none,NULL,0f0657fb-91b0-41f6-be85-4655ed4511fc,77d23868-f9b9-40f7-a734-f77434e8c1fa,"2024-09-11 08:57:33"
60f5f09b-6991-4b01-b8da-d6c33bb12761,"2024-08-13 14:26:31.976761","2024-09-11 08:57:33.350508",2,expert,space_profile,,alkemio-space,bb8756b8-743f-4f5f-acff-ad37493b9b0e,8d43aeef-473a-40b2-a67a-8e724ee79d30,77d23868-f9b9-40f7-a734-f77434e8c1fa,"2024-09-11 08:57:33"
658dd548-6272-4d40-b2bf-d159ce9303bc,"2024-08-28 20:01:02.173315","2024-09-11 08:57:33.350508",2,expert,space_profile,,alkemio-space,41a75df3-de08-4ed6-badb-36a5e25ac162,733d9726-5b83-4f72-aa0b-27974b376eba,77d23868-f9b9-40f7-a734-f77434e8c1fa,"2024-09-11 08:57:33"
65c3797e-3525-4f99-8f45-28a83d1e3425,"2024-07-01 09:22:24.292969","2024-09-11 08:57:33.350508",2,expert,space_profile,,alkemio-space,dfa48cf0-fac5-469e-b4d3-413dc976ac1a,f676ca07-2cd3-495c-85a6-7687d39fbe31,77d23868-f9b9-40f7-a734-f77434e8c1fa,"2024-09-11 08:57:33"
6685b951-bf34-46a7-83e5-281caabe10f7,"2024-06-24 14:32:07.914897","2024-09-11 08:57:33.350508",1,expert,space_profile,"VC1 prompt
",alkemio-space,49198bad-a653-4026-b726-ad4e80831031,c3e773ec-7306-4a5d-8593-f33987ffd71e,77d23868-f9b9-40f7-a734-f77434e8c1fa,"2024-09-11 08:57:33"
6687357a-0694-445f-8aca-d63023bb8e0f,"2024-06-25 11:05:34.404302","2024-09-11 08:57:33.350508",2,expert,space_profile,,alkemio-space,f33d23f5-c1c6-4dd5-aaac-aa85a69ec3cc,99fddef5-d4c7-4165-8a0c-6005bc50110b,77d23868-f9b9-40f7-a734-f77434e8c1fa,"2024-09-11 08:57:33"
66cfb263-8682-40e1-be0d-11631bea38bf,"2024-07-01 10:36:30.877434","2024-09-11 08:57:33.350508",2,expert,space_profile,,alkemio-space,8c455ed7-081b-4fe5-ae82-c69578b452f7,943a47f6-e8a8-4b3c-aca3-37a58229e2f1,77d23868-f9b9-40f7-a734-f77434e8c1fa,"2024-09-11 08:57:33"
6b04b786-9214-44aa-a9e1-4858455beb10,"2024-08-12 07:07:31.515636","2024-09-11 08:57:33.350508",2,expert,space_profile,,alkemio-space,c8a6a5b3-5266-487d-9872-913372b48693,735953e9-8334-421e-a165-53fdb3325b0d,77d23868-f9b9-40f7-a734-f77434e8c1fa,"2024-09-11 08:57:33"
6d4cda6c-cffd-4a61-b711-852011033820,"2024-08-14 08:49:07.545196","2024-09-11 08:57:33.350508",2,expert,space_profile,,alkemio-space,6b84b125-6bee-455e-86ff-d153c81219ad,bc62f58d-feaf-401b-a1cc-1c794dba5f93,77d23868-f9b9-40f7-a734-f77434e8c1fa,"2024-09-11 08:57:33"
6ec3b252-f836-4610-9047-3d9a6605abce,"2024-07-10 14:21:39.906487","2024-09-11 08:57:33.350508",2,expert,space_profile,,alkemio-space,2c1f0ad9-36a4-435c-a572-5bab32c55c33,0553ba7b-9c11-49b2-9ee9-0f9ae99de971,77d23868-f9b9-40f7-a734-f77434e8c1fa,"2024-09-11 08:57:33"
6f6f949b-0106-4f4c-bf9d-0c3863b1984d,"2024-08-12 06:57:47.081407","2024-09-11 08:57:33.350508",2,expert,space_profile,,alkemio-space,a780f59f-af0d-4d12-9f4b-983a07978cf9,45646a64-f915-49c9-99c5-f0cde3b2c7b3,77d23868-f9b9-40f7-a734-f77434e8c1fa,"2024-09-11 08:57:33"
7158f7a1-a3da-4432-9e10-75353c66d59a,"2024-08-12 10:53:10.207254","2024-09-11 08:57:33.350508",2,expert,space_profile,,alkemio-space,fbd1c8e8-8d3f-4957-9a90-e5b96c534d4b,7c25f61a-3ca0-4f5f-be94-34dd10a0732d,77d23868-f9b9-40f7-a734-f77434e8c1fa,"2024-09-11 08:57:33"
72ce16ab-7818-4a4d-a57e-fbe15aea98a0,"2024-08-13 14:27:56.384668","2024-09-11 08:57:33.350508",2,expert,space_profile,,alkemio-space,b29db3a8-c9f7-43e7-99b8-8e26800dc74f,43ee2d1c-0765-488e-babe-15cf6ccd0538,77d23868-f9b9-40f7-a734-f77434e8c1fa,"2024-09-11 08:57:33"
7331eeb6-acee-4130-bf2d-863c06a9cab5,"2024-07-08 11:42:51.255232","2024-09-11 08:57:33.350508",2,expert,space_profile,,alkemio-space,00976964-bb21-4f40-8cb0-a222beab4782,db7fd4db-575e-4bb9-8db3-c8232a4638dd,77d23868-f9b9-40f7-a734-f77434e8c1fa,"2024-09-11 08:57:33"
7a576df1-8708-41e4-be6b-5ed53a28394f,"2024-06-28 08:53:48.655205","2024-09-11 08:57:33.350508",2,expert,space_profile,,alkemio-space,f33d23f5-c1c6-4dd5-aaac-aa85a69ec3cc,e29a6141-c918-45a2-9f22-ab143f3dc6e2,77d23868-f9b9-40f7-a734-f77434e8c1fa,"2024-09-11 08:57:33"
7a5d65d8-0253-4bc4-a545-ee4ea9a0667d,"2024-08-12 13:20:51.965121","2024-09-11 08:57:33.350508",2,expert,space_profile,,alkemio-space,fcf57ca4-388c-4351-87bc-61d411e835d4,2cdc425b-8ada-48ad-8982-709a0165a7e1,77d23868-f9b9-40f7-a734-f77434e8c1fa,"2024-09-11 08:57:33"
7c2013f4-b21c-439a-8295-cd86f397353f,"2024-08-12 13:05:21.623527","2024-09-11 08:57:33.350508",2,expert,space_profile,,alkemio-space,f1a341b4-9810-4484-8667-674f2ecabcc6,9fb9c367-cbe1-4222-a8c7-c8db20f851c2,77d23868-f9b9-40f7-a734-f77434e8c1fa,"2024-09-11 08:57:33"
7e3f3ef0-953b-4da0-b16a-f931312bf0f0,"2024-06-28 07:33:56.633836","2024-09-11 08:57:33.350508",2,expert,space_profile,,alkemio-space,f33d23f5-c1c6-4dd5-aaac-aa85a69ec3cc,ae7f061b-b3e0-41c9-82ce-ff05cfeca1e1,77d23868-f9b9-40f7-a734-f77434e8c1fa,"2024-09-11 08:57:33"
7ecf4063-3320-4264-b91f-210287a16165,"2024-06-26 10:48:00.290201","2024-09-11 08:57:33.350508",2,expert,space_profile,,alkemio-space,7f616cd1-71f1-41ca-b3f0-57d9c247522f,c8eddd0f-171c-4884-89c2-99c326e13b4c,77d23868-f9b9-40f7-a734-f77434e8c1fa,"2024-09-11 08:57:33"
7ed6ae06-ab86-48ac-8db1-2c90a4366e5b,"2024-06-24 14:32:08.080181","2024-09-11 08:57:33.350508",1,expert,space_profile,"VC1 prompt
",alkemio-space,a06709a3-56d1-4d6b-806a-4a9d4b575f66,ca87bfa0-d8d2-432c-9e90-833b9ba4573a,77d23868-f9b9-40f7-a734-f77434e8c1fa,"2024-09-11 08:57:33"
7f488ee4-13a3-4a6e-8f96-e5826a74e6a8,"2024-07-01 12:34:20.458476","2024-09-11 08:57:33.350508",2,expert,space_profile,,alkemio-space,08f4dda4-50d3-451d-8629-76b4e9d23efb,745b31de-ceaf-4e3b-832f-523cd77dcdfc,77d23868-f9b9-40f7-a734-f77434e8c1fa,"2024-09-11 08:57:33"
7fa006de-8535-45a6-b773-88682175d37e,"2024-06-24 14:32:09.469586","2024-09-11 08:57:33.350508",1,community-manager,space_profile,"Return all answers in English.",none,NULL,1a9e9649-b3e0-44d8-bab8-2afc24684b30,77d23868-f9b9-40f7-a734-f77434e8c1fa,"2024-09-11 08:57:33"
8030b146-f2ad-4fca-a3d6-8248dbac5a95,"2024-06-24 14:32:07.772613","2024-09-11 08:57:33.350508",1,expert,space_profile,"VC1 prompt
",alkemio-space,c710b0be-1924-42a2-aedc-10ff04bc5c2c,93786517-492e-46f6-bcd8-aa23bf1269cc,77d23868-f9b9-40f7-a734-f77434e8c1fa,"2024-09-11 08:57:33"
817435b7-17fb-45d2-9922-ab261fbb181d,"2024-06-28 11:31:40.070561","2024-09-11 08:57:33.350508",2,expert,space_profile,,alkemio-space,e85bbd27-c542-4dd3-b36b-0f4774f0220f,e0356d66-4727-4380-bebe-a84e3d82f211,77d23868-f9b9-40f7-a734-f77434e8c1fa,"2024-09-11 08:57:33"
826331dc-5cfe-4e7b-9a0d-95f315c97961,"2024-06-25 14:04:16.264546","2024-09-11 08:57:33.350508",2,expert,space_profile,,alkemio-space,f7f36272-e4aa-41cc-ba71-28319aa9c5e4,e924ef27-11fa-43c3-937d-2554b02457ef,77d23868-f9b9-40f7-a734-f77434e8c1fa,"2024-09-11 08:57:33"
834526d4-17d9-4943-8f86-751a1b3c577a,"2024-07-01 07:49:07.462238","2024-09-11 08:57:33.350508",2,expert,space_profile,,alkemio-space,1e152180-0ad7-498b-996d-e174beedc147,782f15d1-efdb-4319-9c8e-ea39b7558846,77d23868-f9b9-40f7-a734-f77434e8c1fa,"2024-09-11 08:57:33"
84b96ade-f780-4d43-be43-ec98eea7933c,"2024-08-12 07:16:57.688990","2024-09-11 08:57:33.350508",2,expert,space_profile,,alkemio-space,4039acf4-d2a0-4b3b-841a-4e36cd857ea3,44462872-147d-4eb2-9f02-e53e3e561c12,77d23868-f9b9-40f7-a734-f77434e8c1fa,"2024-09-11 08:57:33"
8528f976-33f4-4469-a3ee-42b3d2f4ac14,"2024-07-05 14:00:14.383731","2024-09-11 08:57:33.350508",2,expert,space_profile,,alkemio-space,d4186659-f6ea-438e-bf82-36dd5fe1be9f,e317e42c-a07b-414c-abdf-c37233a9766a,77d23868-f9b9-40f7-a734-f77434e8c1fa,"2024-09-11 08:57:33"
85d106ae-30e3-4797-990b-4f412faef033,"2024-06-24 14:32:06.850188","2024-09-11 08:57:33.350508",1,community-manager,space_profile,"Act as a Bulgarian nerd leading a team in an ethical AI startup ([alkem.io](http://alkem.io)) that is empowering society to solve its most complex problems with the help of AI.
",none,NULL,f3ac2e5a-6dd1-4787-8d0a-f47f8050cdc7,77d23868-f9b9-40f7-a734-f77434e8c1fa,"2024-09-11 08:57:33"
881f43ee-28c8-47fc-90ae-f47a1344489e,"2024-08-12 08:04:10.540772","2024-09-11 08:57:33.350508",2,expert,space_profile,,alkemio-space,2ed2dbea-f202-4e3f-90c0-da4e3a9eb0a4,9b9003c8-1950-4666-ac91-b13c44d7fd65,77d23868-f9b9-40f7-a734-f77434e8c1fa,"2024-09-11 08:57:33"
8a723ce3-6d6b-4460-8d44-4c962aa14605,"2024-06-24 14:32:06.702703","2024-09-11 08:57:33.350508",1,expert,space_profile,"VC1 prompt
",alkemio-space,1e152180-0ad7-498b-996d-e174beedc147,71526648-6dd7-42ab-b932-94185724c4a5,77d23868-f9b9-40f7-a734-f77434e8c1fa,"2024-09-11 08:57:33"
8efcb84c-fef5-439c-9758-9508c067cd48,"2024-06-26 10:35:19.875745","2024-09-11 08:57:33.350508",2,expert,space_profile,,alkemio-space,f33d23f5-c1c6-4dd5-aaac-aa85a69ec3cc,c181fd78-cce3-4bfd-b754-204bcd8eebd3,77d23868-f9b9-40f7-a734-f77434e8c1fa,"2024-09-11 08:57:33"
8fa3eb64-8398-475c-9c2e-eca0958e160b,"2024-08-13 14:25:33.473461","2024-09-11 08:57:33.350508",2,expert,space_profile,,alkemio-space,8103f941-7d66-4d04-8b18-427fde00f948,ffe83c98-de2b-46a2-b17d-b761e0c96892,77d23868-f9b9-40f7-a734-f77434e8c1fa,"2024-09-11 08:57:33"
9034a301-242f-4702-824d-dd0e6559ec13,"2024-06-24 14:32:07.151393","2024-09-11 08:57:33.350508",1,expert,space_profile,"VC1 prompt
",alkemio-space,f91aa5b9-a86c-4b13-a5e5-dc029e4daf82,a9ac649d-89cc-405d-854c-ccec07b94dec,77d23868-f9b9-40f7-a734-f77434e8c1fa,"2024-09-11 08:57:33"
915d7747-385e-44c1-9a53-c00023af7635,"2024-08-28 11:33:43.312660","2024-09-11 08:57:33.350508",2,expert,space_profile,,alkemio-space,41a75df3-de08-4ed6-badb-36a5e25ac162,82fd08c1-3bcc-423c-9d37-3d1d8b3e9e7f,77d23868-f9b9-40f7-a734-f77434e8c1fa,"2024-09-11 08:57:33"
91d6a05c-b042-4e18-84aa-4bbfd876959c,"2024-08-14 09:04:07.875752","2024-09-11 08:57:33.350508",2,expert,space_profile,,alkemio-space,6b84b125-6bee-455e-86ff-d153c81219ad,069bde6e-31e3-45e3-a4ff-44045ebea0bf,77d23868-f9b9-40f7-a734-f77434e8c1fa,"2024-09-11 08:57:33"
92269fdf-63c8-48a9-9f57-d6a2e8735eaa,"2024-06-24 14:32:12.510923","2024-09-11 08:57:33.350508",1,community-manager,space_profile,"Pretend to be Matthew McConaughey, speak like him, use his tone of voice and wisdom.
",none,NULL,c75472da-eace-49b8-b772-f62fb1936414,77d23868-f9b9-40f7-a734-f77434e8c1fa,"2024-09-11 08:57:33"
93f7381d-5ce6-4583-b69f-c14751c1030b,"2024-08-12 07:00:50.944063","2024-09-11 08:57:33.350508",2,expert,space_profile,,alkemio-space,643bb6d9-8285-4176-9ee8-e6b931da7782,35a14b3c-bb30-4825-884a-6782297fa008,77d23868-f9b9-40f7-a734-f77434e8c1fa,"2024-09-11 08:57:33"
94f0567a-0e4a-477b-9fe9-0f4bbb38f607,"2024-08-12 06:50:30.295027","2024-09-11 08:57:33.350508",2,expert,space_profile,,alkemio-space,bc7affcf-2b0e-4426-b1d9-b53580778c1c,bc35f566-1345-4f32-b7ca-13a1e16538d3,77d23868-f9b9-40f7-a734-f77434e8c1fa,"2024-09-11 08:57:33"
9ad79f74-ac11-4b53-9903-e0384c8fab88,"2024-09-02 11:23:58.253884","2024-09-11 08:57:33.350508",2,expert,space_profile,,alkemio-space,2dbf605a-5cae-4637-a04d-2629fbaed56e,256f4d1a-7ed0-42b5-bf6b-ef0130c09bc3,77d23868-f9b9-40f7-a734-f77434e8c1fa,"2024-09-11 08:57:33"
9be2167c-c90c-4540-8e6d-8a94061be721,"2024-08-09 10:40:51.969127","2024-09-11 08:57:33.350508",2,expert,space_profile,,alkemio-space,8bcfc764-dd98-431e-9f38-32a17a5cb877,b917b366-42af-40e5-ba32-a9823af52290,77d23868-f9b9-40f7-a734-f77434e8c1fa,"2024-09-11 08:57:33"
9e5a92ac-caf7-4954-948e-d82c3110aaff,"2024-06-24 14:32:12.650750","2024-09-11 08:57:33.350508",1,expert,space_profile,"VC1 prompt
",alkemio-space,974afb07-e7dc-4734-a774-d09bff435409,e0b421be-3b42-40b7-84d4-ae7d0d757ddd,77d23868-f9b9-40f7-a734-f77434e8c1fa,"2024-09-11 08:57:33"
9e9cccb1-f7de-4ad6-9e8c-1fa87b9e2d69,"2024-08-09 15:39:57.028436","2024-09-11 08:57:33.350508",2,expert,space_profile,,alkemio-space,0de797c3-a06a-400d-a26b-269dfa512ca6,471eed38-3578-4b86-b766-3a1e04d8231a,77d23868-f9b9-40f7-a734-f77434e8c1fa,"2024-09-11 08:57:33"
9fd04f82-b9c1-4617-bbe6-8e0ee3d0654d,"2024-06-24 14:32:06.998271","2024-09-11 08:57:33.350508",1,expert,space_profile,"VC1 prompt
",alkemio-space,d0e8cbae-7b49-4c51-bd27-fa7d212e9766,88aacb04-6263-4e74-8c7a-9627570ea3f7,77d23868-f9b9-40f7-a734-f77434e8c1fa,"2024-09-11 08:57:33"
a1358ae5-8c40-4775-8419-802e21c6c2a2,"2024-06-25 12:46:36.427208","2024-09-11 08:57:33.350508",2,expert,space_profile,,alkemio-space,b37f7401-05ce-4da5-9f08-6ca1ace170df,dbeca047-ea14-4bc4-b1b6-f550b42d3f3f,77d23868-f9b9-40f7-a734-f77434e8c1fa,"2024-09-11 08:57:33"
a15674b4-df89-4596-b33a-538790db5bce,"2024-06-24 14:32:10.827079","2024-09-11 08:57:33.350508",1,expert,space_profile,"VC1 prompt
",alkemio-space,49198bad-a653-4026-b726-ad4e80831031,2e9ba7ce-6636-41af-9490-373e78599b17,77d23868-f9b9-40f7-a734-f77434e8c1fa,"2024-09-11 08:57:33"
a1c96579-33a0-4fb3-bdb2-a96ee40acfa3,"2024-07-01 07:14:19.545790","2024-09-11 08:57:33.350508",2,expert,space_profile,,alkemio-space,1e152180-0ad7-498b-996d-e174beedc147,dd1a5d8d-00d2-4d65-b341-dcb28b8984cc,77d23868-f9b9-40f7-a734-f77434e8c1fa,"2024-09-11 08:57:33"
a2226e8a-4b75-48cf-8a09-1aac93f8779c,"2024-08-29 08:22:11.226629","2024-09-11 08:57:33.350508",2,expert,space_profile,,alkemio-space,7f97748d-fe21-40b5-a22e-f6fddf5b1505,89229943-2d47-47ef-b901-20c833ebaa9c,77d23868-f9b9-40f7-a734-f77434e8c1fa,"2024-09-11 08:57:33"
a2332f82-db45-44df-a788-f1256d4036d1,"2024-08-12 09:10:59.049994","2024-09-11 08:57:33.350508",2,expert,space_profile,,alkemio-space,a1bf481a-50be-4658-b10d-88e46951b857,768bb8b6-0822-4f98-b70b-82e90ce7dd3a,77d23868-f9b9-40f7-a734-f77434e8c1fa,"2024-09-11 08:57:33"
a3accd81-ffa0-4914-9bf7-45e1e2cd2330,"2024-06-24 14:32:10.393126","2024-09-11 08:57:33.350508",1,community-manager,space_profile,"Give me all results in English.",none,NULL,5ebad102-18d0-4358-b220-d6c10dbf4982,77d23868-f9b9-40f7-a734-f77434e8c1fa,"2024-09-11 08:57:33"
a42f07e1-c027-4712-a4d5-4dfd7efa1c92,"2024-08-13 15:38:49.017017","2024-09-11 08:57:33.350508",2,expert,space_profile,,alkemio-space,0cb0eee7-7a2d-4166-b032-03676a520441,fd653353-aec6-4d03-9570-d113d5bfbc0a,77d23868-f9b9-40f7-a734-f77434e8c1fa,"2024-09-11 08:57:33"
a7587f25-77ad-4404-85bc-308015912352,"2024-06-28 09:20:43.498455","2024-09-11 08:57:33.350508",2,expert,space_profile,,alkemio-space,7f616cd1-71f1-41ca-b3f0-57d9c247522f,8e3439d6-38d3-4758-9498-959865028305,77d23868-f9b9-40f7-a734-f77434e8c1fa,"2024-09-11 08:57:33"
a78d36bf-af4e-4dbb-bc4c-2e496575b3a6,"2024-08-14 08:10:52.742056","2024-09-11 08:57:33.350508",2,expert,space_profile,,alkemio-space,04a0ea50-9b4d-4aca-a510-1be7a7514b70,2a947f08-f477-43d4-a679-e201d9f76891,77d23868-f9b9-40f7-a734-f77434e8c1fa,"2024-09-11 08:57:33"
aa7e0e7b-bbec-405b-ab88-0ef1132b268a,"2024-08-14 08:36:43.001551","2024-09-11 08:57:33.350508",2,expert,space_profile,,alkemio-space,8c2c692e-3b79-4728-a721-a934e175e7ef,55f3ff55-5316-4ee5-983c-4966d549e764,77d23868-f9b9-40f7-a734-f77434e8c1fa,"2024-09-11 08:57:33"
ad2bdb8a-bfb9-4b98-8d5a-213b7d5e02bf,"2024-08-12 07:35:09.292922","2024-09-11 08:57:33.350508",2,expert,space_profile,,alkemio-space,c5dc234e-4493-40e0-ac12-300b9c5c4a4b,1548dc3c-44cf-4a68-8f75-b3af7797f9ce,77d23868-f9b9-40f7-a734-f77434e8c1fa,"2024-09-11 08:57:33"
ae599ccf-3da4-4e79-9d48-92d408d8c5a3,"2024-08-14 08:33:56.767092","2024-09-11 08:57:33.350508",2,expert,space_profile,,alkemio-space,370ed67e-302f-4fcd-b1af-3c6df97a23ea,5209c0ae-7cb1-439e-a7f6-4d5afccfa3a4,77d23868-f9b9-40f7-a734-f77434e8c1fa,"2024-09-11 08:57:33"
ae8279c4-b997-456a-bda2-e4fc2c3b072a,"2024-07-01 10:19:21.186388","2024-09-11 08:57:33.350508",2,expert,space_profile,,alkemio-space,776350d6-7b77-44fb-b6f9-d51fe0078b38,70fc4c53-4449-4262-b034-38b54082fd05,77d23868-f9b9-40f7-a734-f77434e8c1fa,"2024-09-11 08:57:33"
af5356bb-3bae-4088-9a93-2226939a79c1,"2024-08-12 08:10:26.157531","2024-09-11 08:57:33.350508",2,expert,space_profile,,alkemio-space,2ed2dbea-f202-4e3f-90c0-da4e3a9eb0a4,1044c7a4-0dae-4aba-a3ec-3b6a52135585,77d23868-f9b9-40f7-a734-f77434e8c1fa,"2024-09-11 08:57:33"
b03e826a-6b13-49a3-94d1-4825a2aacaae,"2024-08-09 08:53:41.650213","2024-09-11 08:57:33.350508",2,expert,space_profile,,alkemio-space,4cb33b62-342b-4db0-9a56-cfd4d96c1f69,c025515e-8b6e-49f2-bc2d-3c103b561edc,77d23868-f9b9-40f7-a734-f77434e8c1fa,"2024-09-11 08:57:33"
b3b3ec24-1d55-4d5b-ab29-644bfbcd6e60,"2024-08-21 07:32:24.068340","2024-09-11 08:57:33.350508",2,expert,space_profile,,alkemio-space,434ae96b-330c-4c03-a765-4a19818550e7,537a14a9-69ff-4ccb-814d-b5b966ce3539,77d23868-f9b9-40f7-a734-f77434e8c1fa,"2024-09-11 08:57:33"
b40eb03b-9a3e-4128-ae45-9d3ff6f7c4e5,"2024-08-09 14:16:41.628797","2024-09-11 08:57:33.350508",2,expert,space_profile,,alkemio-space,493b353d-4b3f-494a-97d8-6c262dd2d533,299bd350-1338-4a27-a978-8a91537d41a9,77d23868-f9b9-40f7-a734-f77434e8c1fa,"2024-09-11 08:57:33"
b4aa38d1-dc66-4bd3-9479-7efb29b8ccf7,"2024-08-13 15:39:47.648271","2024-09-11 08:57:33.350508",2,expert,space_profile,,alkemio-space,1156d600-b5e3-4289-b253-b7bac04b5fe3,a0ca5916-7e9e-4d6c-a3cc-bfc518d8d35d,77d23868-f9b9-40f7-a734-f77434e8c1fa,"2024-09-11 08:57:33"
b50aefd2-7bd4-48b6-8476-49e64ba8c9be,"2024-08-20 08:35:14.912949","2024-09-11 08:57:33.350508",2,expert,space_profile,,alkemio-space,b7f76ceb-afd2-4dda-9685-466da7ce38e2,260f4a8b-ef65-452c-ace8-cd24a9175f0a,77d23868-f9b9-40f7-a734-f77434e8c1fa,"2024-09-11 08:57:33"
b61eed64-948a-4feb-b43b-59501220ac8b,"2024-07-05 14:07:55.591825","2024-09-11 08:57:33.350508",2,expert,space_profile,,alkemio-space,0377b891-6714-47e7-8c68-7b6419fff4c2,121f8b2f-e3a9-41bb-a9db-df56f2fc515c,77d23868-f9b9-40f7-a734-f77434e8c1fa,"2024-09-11 08:57:33"
b665e6e9-2818-473f-b559-940954590c06,"2024-07-05 14:05:46.869793","2024-09-11 08:57:33.350508",2,expert,space_profile,,alkemio-space,ff6636c5-2bd7-4703-b40b-178750a81ec1,e4580ef7-6951-48d9-9cc2-39990451763a,77d23868-f9b9-40f7-a734-f77434e8c1fa,"2024-09-11 08:57:33"
b74570c8-36c1-40b0-8fdc-8485f5042fc1,"2024-06-24 14:32:11.316937","2024-09-11 08:57:33.350508",1,expert,space_profile,"Talk to me in English.
",none,NULL,1710f06e-922a-4808-854d-99c279bde2f8,77d23868-f9b9-40f7-a734-f77434e8c1fa,"2024-09-11 08:57:33"
b7b92cc7-43c9-4519-9880-b68a92c949ea,"2024-06-24 14:32:08.236038","2024-09-11 08:57:33.350508",1,community-manager,space_profile,"Translate in English all questions.",none,NULL,3a3cf765-a2b3-4f4c-8c2e-1f6979f2231f,77d23868-f9b9-40f7-a734-f77434e8c1fa,"2024-09-11 08:57:33"
b852e345-edcb-4186-b5c3-b8fa86a9ae1d,"2024-06-24 14:32:11.744595","2024-09-11 08:57:33.350508",1,expert,space_profile,"VC1 prompt
",alkemio-space,204166ad-a9c7-4109-899c-90d093e504d9,70c37f5f-f25c-4700-a6ca-3c7ad7dd69c1,77d23868-f9b9-40f7-a734-f77434e8c1fa,"2024-09-11 08:57:33"
b9ef78e2-e1c8-4662-9394-6a4fd8651313,"2024-08-28 15:23:26.529792","2024-09-11 08:57:33.350508",2,expert,space_profile,,alkemio-space,c4033e45-bdfc-43ad-bcce-958c0664ad83,381f7771-1a6e-4eab-8c7c-41a6f5b49e28,77d23868-f9b9-40f7-a734-f77434e8c1fa,"2024-09-11 08:57:33"
bb157934-85d3-4456-a16a-4a362c237c81,"2024-07-05 14:05:03.740856","2024-09-11 08:57:33.350508",2,expert,space_profile,,alkemio-space,ff6636c5-2bd7-4703-b40b-178750a81ec1,0c849185-60f6-45f0-92a3-12113126f3a6,77d23868-f9b9-40f7-a734-f77434e8c1fa,"2024-09-11 08:57:33"
bbfbca7f-5e3c-4b4a-ba13-115d0e20f054,"2024-06-28 11:48:30.132173","2024-09-11 08:57:33.350508",2,expert,space_profile,,alkemio-space,30b4dfe7-b8ec-44f3-bab3-d95cfbdc4f9c,1fd6093b-ffc0-4f3f-8eaf-72d3a41dbfa3,77d23868-f9b9-40f7-a734-f77434e8c1fa,"2024-09-11 08:57:33"
bcd45a92-a737-4b76-9869-41e364897d83,"2024-08-20 08:37:08.791501","2024-09-11 08:57:33.350508",2,expert,space_profile,,alkemio-space,b7f76ceb-afd2-4dda-9685-466da7ce38e2,820502a9-50c9-4462-a82d-4001f5d4603f,77d23868-f9b9-40f7-a734-f77434e8c1fa,"2024-09-11 08:57:33"
bdf1b8a4-f44b-4fa5-b1ee-02ea5716f3c4,"2024-08-12 07:45:25.659133","2024-09-11 08:57:33.350508",2,expert,space_profile,,alkemio-space,d7326dce-c0c1-4e34-9805-a52c59910869,549dab07-3474-4c23-8552-97bb7067ba7e,77d23868-f9b9-40f7-a734-f77434e8c1fa,"2024-09-11 08:57:33"
bf5ced6c-a59a-45bd-b1e5-3470b947e62d,"2024-06-28 09:03:49.416232","2024-09-11 08:57:33.350508",2,expert,space_profile,,alkemio-space,f33d23f5-c1c6-4dd5-aaac-aa85a69ec3cc,96c57b3f-4bbb-46c6-a69a-75554a6bd792,77d23868-f9b9-40f7-a734-f77434e8c1fa,"2024-09-11 08:57:33"
bfa6909c-5af7-4b8a-acd1-85daab5ff558,"2024-08-12 09:43:27.436640","2024-09-11 08:57:33.350508",2,expert,space_profile,,alkemio-space,8df4cf13-a29f-4024-b075-9f2301b8b410,ef8bc559-59bd-4e4f-8530-acc0775b9216,77d23868-f9b9-40f7-a734-f77434e8c1fa,"2024-09-11 08:57:33"
c01b453f-e10e-433a-b6f3-293eb077632c,"2024-09-02 11:17:53.577258","2024-09-11 08:57:33.350508",2,expert,space_profile,,alkemio-space,3ea247ad-b29e-4cd8-8974-ef0a7b3b7247,7de68d54-a80e-49ba-a7d9-eeacf26362df,77d23868-f9b9-40f7-a734-f77434e8c1fa,"2024-09-11 08:57:33"
c1de0a35-bc98-48b7-a533-6f002a061963,"2024-08-09 16:01:26.369818","2024-09-11 08:57:33.350508",2,expert,space_profile,,alkemio-space,c19990bf-2514-445e-919c-ebffed38d9d1,8a5e0beb-8594-4d60-aec8-0c7a752b486b,77d23868-f9b9-40f7-a734-f77434e8c1fa,"2024-09-11 08:57:33"
c2bca762-6430-43a0-b663-59549bb450f4,"2024-06-24 14:32:10.097733","2024-09-11 08:57:33.350508",1,expert,space_profile,"VC1 prompt
",alkemio-space,d2415e3d-9f3e-4749-bc0f-30b2f19024f3,fa76e03c-f6ee-4b21-a66a-6728942e2229,77d23868-f9b9-40f7-a734-f77434e8c1fa,"2024-09-11 08:57:33"
c43b2990-2c34-4948-b939-df6f89aae5f2,"2024-06-24 14:32:09.929809","2024-09-11 08:57:33.350508",1,expert,space_profile,"VC1 prompt
",alkemio-space,e7c56d6e-f9cd-415d-9c10-c2c0424d8a49,e7777caf-d7e8-476f-be96-3dae986e23cc,77d23868-f9b9-40f7-a734-f77434e8c1fa,"2024-09-11 08:57:33"
c610437f-3adb-40d4-9ded-4879fa52a6cf,"2024-06-25 12:46:48.764054","2024-09-11 08:57:33.350508",2,expert,space_profile,,alkemio-space,b37f7401-05ce-4da5-9f08-6ca1ace170df,d87fb3eb-72d4-4265-8ea8-c69f871984f8,77d23868-f9b9-40f7-a734-f77434e8c1fa,"2024-09-11 08:57:33"
c9f7356f-3252-4789-bf09-2b67e18fb46c,"2024-06-25 13:04:37.367492","2024-09-11 08:57:33.350508",2,expert,space_profile,,alkemio-space,dfcf4285-1359-42ac-876b-b739a93971f6,692db40d-14a9-43df-9177-e16f4f2cb9ab,77d23868-f9b9-40f7-a734-f77434e8c1fa,"2024-09-11 08:57:33"
ca7a7ad9-ddae-4c22-b1e7-1d2d3152291d,"2024-06-24 14:32:06.394231","2024-09-11 08:57:33.350508",1,expert,space_profile,"VC1 prompt
",alkemio-space,4676bda4-d2f2-461b-894e-52167188049b,8a55745f-7aac-4d94-9daf-3b7bec9d3c9f,77d23868-f9b9-40f7-a734-f77434e8c1fa,"2024-09-11 08:57:33"
cb64bc02-b9c9-4595-879a-eb1156f8ee4d,"2024-08-09 15:19:16.730975","2024-09-11 08:57:33.350508",2,expert,space_profile,,alkemio-space,e426e8d1-2d5d-47f9-8f33-4752935f19a8,1645a285-ab90-4806-98a2-18273812d7d3,77d23868-f9b9-40f7-a734-f77434e8c1fa,"2024-09-11 08:57:33"
cb7ec39b-f4ac-431a-9b45-17556699731e,"2024-06-24 14:32:06.559667","2024-09-11 08:57:33.350508",1,expert,space_profile,Test,none,NULL,6fd2a309-e80c-4afd-ac2d-e460d92652b5,77d23868-f9b9-40f7-a734-f77434e8c1fa,"2024-09-11 08:57:33"
cb99b471-9415-4697-baef-9b4d5a9d6501,"2024-06-24 14:32:12.068401","2024-09-11 08:57:33.350508",1,community-manager,space_profile,"Talk to me in English.
",none,NULL,f2262759-2bee-4822-b3a7-9825546f2d1e,77d23868-f9b9-40f7-a734-f77434e8c1fa,"2024-09-11 08:57:33"
cc82d77d-723b-470c-8813-a32bdc04ac2c,"2024-07-18 12:40:16.305591","2024-09-11 08:57:33.350508",2,expert,space_profile,,alkemio-space,dd51ade6-0a22-4382-8bcf-b107d3870685,36e9a2d5-0bd1-4457-af37-55f330c8ab22,77d23868-f9b9-40f7-a734-f77434e8c1fa,"2024-09-11 08:57:33"
ce30baf7-5a2b-48d4-9ec4-f3906686d88d,"2024-06-24 14:32:12.215845","2024-09-11 08:57:33.350508",1,expert,space_profile,"VC1 prompt
",alkemio-space,a9f993b0-8485-45f9-a36d-ed22e19a39d4,2dd407a1-3008-4043-9682-44deb8f66966,77d23868-f9b9-40f7-a734-f77434e8c1fa,"2024-09-11 08:57:33"
d0cb25f7-a53d-45f0-ac5e-d2e8ba3c14a2,"2024-07-01 08:43:41.761373","2024-09-11 08:57:33.350508",2,expert,space_profile,,alkemio-space,1cda1be0-1059-4557-8c4d-beeff6c5562c,6b7159fe-c73f-489a-b11a-28456f5242cb,77d23868-f9b9-40f7-a734-f77434e8c1fa,"2024-09-11 08:57:33"
d382eb2f-f0cb-4af6-8ebc-6064ebcfa2c6,"2024-08-12 07:14:51.489127","2024-09-11 08:57:33.350508",2,expert,space_profile,,alkemio-space,4c5d8b92-5477-4ac7-a5d9-c43be42bc0e1,4787a4e9-0c0d-42a7-bbd6-63763e20fa78,77d23868-f9b9-40f7-a734-f77434e8c1fa,"2024-09-11 08:57:33"
d7ade3db-5c0d-4a59-97b1-cd0068214fbb,"2024-06-28 11:55:01.787454","2024-09-11 08:57:33.350508",2,expert,space_profile,,alkemio-space,aaa4e26f-7bc1-4b3d-9dd2-000540d44d12,9b7aaea3-e29a-436a-99d0-3c7980578c9b,77d23868-f9b9-40f7-a734-f77434e8c1fa,"2024-09-11 08:57:33"
da93ace9-b274-4b1b-bab5-f92b21eee50d,"2024-06-24 14:32:08.381718","2024-09-11 08:57:33.350508",1,expert,space_profile,"VC1 prompt
",alkemio-space,79ca2c1e-d903-4720-97bb-5353904b7e85,3f0dbf1c-f104-43cc-8075-da10a09e18d9,77d23868-f9b9-40f7-a734-f77434e8c1fa,"2024-09-11 08:57:33"
dac1dc8e-589b-445b-9898-d4a3661956e0,"2024-06-24 14:32:12.373442","2024-09-11 08:57:33.350508",1,guidance,space_profile,"Alkemio Guidance - respond in ENglish.
",none,NULL,2d041684-9a5e-4ad3-aefd-e85ef9accda6,77d23868-f9b9-40f7-a734-f77434e8c1fa,"2024-09-11 08:57:33"
dad91ad6-0e21-4d62-8705-a56d9d312e26,"2024-08-12 13:08:19.987980","2024-09-11 08:57:33.350508",2,expert,space_profile,,alkemio-space,2ae5cb3f-5a4e-4b4e-ba03-f5413b1ac5ab,c27e53d2-fb2a-4b55-8ff7-cfbc97639e01,77d23868-f9b9-40f7-a734-f77434e8c1fa,"2024-09-11 08:57:33"
dc7974c2-d22e-4460-874f-3d2179b33204,"2024-06-28 12:27:47.905024","2024-09-11 08:57:33.350508",2,expert,space_profile,,alkemio-space,e3dcbcd6-717e-488d-8307-801fc40a1c23,27e6cff6-2ebd-4c83-bec4-e34d97a039c4,77d23868-f9b9-40f7-a734-f77434e8c1fa,"2024-09-11 08:57:33"
dcad2832-0c0b-4160-811a-b80a912e1069,"2024-06-28 11:49:23.609978","2024-09-11 08:57:33.350508",2,expert,space_profile,,alkemio-space,30b4dfe7-b8ec-44f3-bab3-d95cfbdc4f9c,511d9dc1-2dee-4749-b7a6-091550fae4c8,77d23868-f9b9-40f7-a734-f77434e8c1fa,"2024-09-11 08:57:33"
dcc401d7-d321-4a62-bb2f-b2e906ff9395,"2024-08-09 15:08:49.149765","2024-09-11 08:57:33.350508",2,expert,space_profile,,alkemio-space,b8d54456-c249-4f49-8818-23c9bef340bc,e87466e4-61a9-4a96-a8e1-42843e770830,77d23868-f9b9-40f7-a734-f77434e8c1fa,"2024-09-11 08:57:33"
de1813e1-2c57-4714-be83-d3330f2d6d35,"2024-08-23 10:54:31.870407","2024-09-11 08:57:33.350508",2,expert,space_profile,,alkemio-space,4baa234a-58be-4fc8-9c83-199cf713d427,2320c104-4c36-44ea-b560-d2d2e0f4a0a5,77d23868-f9b9-40f7-a734-f77434e8c1fa,"2024-09-11 08:57:33"
de9d4659-a63b-468b-8ac6-4eda55031585,"2024-07-26 12:04:12.192513","2024-09-11 08:57:33.350508",2,expert,space_profile,,alkemio-space,a9dbf8f6-f054-4c27-bc18-d536de86b6ab,484fbb85-69cf-4ac0-8333-3f0a77a8e212,77d23868-f9b9-40f7-a734-f77434e8c1fa,"2024-09-11 08:57:33"
df53c88f-6c77-4a53-8412-a5d7a1e891e8,"2024-08-21 07:40:51.009708","2024-09-11 08:57:33.350508",2,expert,space_profile,,alkemio-space,aa0a29cb-aecf-4d62-9079-b58f0fe384ea,82c814cc-6a86-41b1-8a0f-36526817a649,77d23868-f9b9-40f7-a734-f77434e8c1fa,"2024-09-11 08:57:33"
df541c05-d1f2-4938-b109-8d0230c200fc,"2024-06-28 07:41:43.910038","2024-09-11 08:57:33.350508",2,expert,space_profile,,alkemio-space,f33d23f5-c1c6-4dd5-aaac-aa85a69ec3cc,3f18be46-eb69-4d39-ac91-ce5c3ceb8ca8,77d23868-f9b9-40f7-a734-f77434e8c1fa,"2024-09-11 08:57:33"
e39fb646-06a5-4f68-826a-d6500b877751,"2024-08-09 08:32:07.838103","2024-09-11 08:57:33.350508",2,expert,space_profile,,alkemio-space,8a9e08fb-6e68-453d-869f-e7ab5f1c4834,df5090fe-1798-45c7-a2e7-5b7d10f2a974,77d23868-f9b9-40f7-a734-f77434e8c1fa,"2024-09-11 08:57:33"
e4033f9a-0f6d-486a-b8b7-304c5657fd20,"2024-08-09 08:50:07.240780","2024-09-11 08:57:33.350508",2,expert,space_profile,,alkemio-space,4cb33b62-342b-4db0-9a56-cfd4d96c1f69,d0ea8556-2c4b-4f94-bcf7-bc37d7ef7d2b,77d23868-f9b9-40f7-a734-f77434e8c1fa,"2024-09-11 08:57:33"
e4ab0e60-815b-4407-85f3-6ab3781b82c9,"2024-07-05 14:29:36.033504","2024-09-11 08:57:33.350508",2,expert,space_profile,,alkemio-space,ddfca423-9888-4dfb-8a26-32cf1c9582f7,eec03403-5355-48f5-9b31-97bc1bce20ba,77d23868-f9b9-40f7-a734-f77434e8c1fa,"2024-09-11 08:57:33"
e509465b-fe0f-474c-8b5b-a851a3b2aa53,"2024-08-12 14:11:01.689845","2024-09-11 08:57:33.350508",2,expert,space_profile,,alkemio-space,ce9bae7e-2d18-4726-8031-49f3cd595755,d1c44f1d-ef1f-4e39-b6d4-ad9d76959e93,77d23868-f9b9-40f7-a734-f77434e8c1fa,"2024-09-11 08:57:33"
e910a8ec-fbb7-4ce0-bc3e-346e90e9e083,"2024-06-24 14:32:12.810057","2024-09-11 08:57:33.350508",1,expert,space_profile,"VC1 prompt
",alkemio-space,1b2d8b07-431c-4996-b6b0-4ed10e297f8e,7dc79352-d901-4926-b976-dddeb290728f,77d23868-f9b9-40f7-a734-f77434e8c1fa,"2024-09-11 08:57:33"
e91e0935-f540-44cb-bc73-35c27e1c2700,"2024-06-24 14:32:11.155535","2024-09-11 08:57:33.350508",1,expert,space_profile,"VC1 prompt
",alkemio-space,83d5934a-5399-4b2b-8c6a-a2f913b5f91a,80fd614b-68f8-45de-ba99-e3479d85253d,77d23868-f9b9-40f7-a734-f77434e8c1fa,"2024-09-11 08:57:33"
eb6586ba-b655-485d-b2cc-01799bf61945,"2024-08-12 09:19:16.336364","2024-09-11 08:57:33.350508",2,expert,space_profile,,alkemio-space,fa6a0658-1854-4a29-bbd4-541f1e5f46a9,f716c7d2-51aa-49c1-b615-7c8bffc0ec96,77d23868-f9b9-40f7-a734-f77434e8c1fa,"2024-09-11 08:57:33"
ed8e1a01-0c13-4578-9027-16892247f858,"2024-06-24 14:32:07.632637","2024-09-11 08:57:33.350508",1,expert,space_profile,"VC1 prompt
",alkemio-space,49198bad-a653-4026-b726-ad4e80831031,10d63125-6e98-44c5-a283-55a4f2525c2f,77d23868-f9b9-40f7-a734-f77434e8c1fa,"2024-09-11 08:57:33"
f0ef4f67-7173-458f-bdd0-8428b862d6b9,"2024-06-24 14:32:07.480052","2024-09-11 08:57:33.350508",1,expert,space_profile,"VC1 prompt
",alkemio-space,76cae4ad-6edf-4c28-8f95-a47dca7e2c87,6666aba3-2df6-4506-b973-fb81f94b0b86,77d23868-f9b9-40f7-a734-f77434e8c1fa,"2024-09-11 08:57:33"
f1557e5b-fedc-4452-8178-fb4c35a68492,"2024-06-25 08:11:52.327555","2024-09-11 08:57:33.350508",2,expert,space_profile,,alkemio-space,f33d23f5-c1c6-4dd5-aaac-aa85a69ec3cc,e0cbfbd9-f7df-4855-ab0d-314371545fcb,77d23868-f9b9-40f7-a734-f77434e8c1fa,"2024-09-11 08:57:33"
f2f1c266-43f8-418a-93a9-7fa9e3f87a97,"2024-08-12 06:53:34.992834","2024-09-11 08:57:33.350508",2,expert,space_profile,,alkemio-space,4d5d81bb-8bf7-4ff1-b1cb-526ef2d38696,ea757da8-0334-4fe5-97b1-fd39cd79f3b0,77d23868-f9b9-40f7-a734-f77434e8c1fa,"2024-09-11 08:57:33"
f3be9f50-3b60-4d40-a5bd-050217940c01,"2024-07-05 14:04:54.743018","2024-09-11 08:57:33.350508",2,expert,space_profile,,alkemio-space,ddfca423-9888-4dfb-8a26-32cf1c9582f7,51b776bd-c59e-48be-ac4c-0420879d4d19,77d23868-f9b9-40f7-a734-f77434e8c1fa,"2024-09-11 08:57:33"
f8f73a24-1b5e-44da-be91-789b595da23c,"2024-06-24 14:32:09.782593","2024-09-11 08:57:33.350508",1,expert,space_profile,"VC1 prompt
",alkemio-space,7ac11449-b5ef-4e9a-bad8-9b2908e089be,8b863085-a218-448b-9bac-f357857f1a4f,77d23868-f9b9-40f7-a734-f77434e8c1fa,"2024-09-11 08:57:33"
fa1a9696-8df6-417a-869e-e4062672ecaa,"2024-08-14 08:32:50.927598","2024-09-11 08:57:33.350508",2,expert,space_profile,,alkemio-space,eeacd559-c462-4ce9-81cf-e5f9b4032d9e,574f0162-492a-4131-be89-e4d213cf27ec,77d23868-f9b9-40f7-a734-f77434e8c1fa,"2024-09-11 08:57:33"
fa7f1ee4-0d6a-42f3-8943-48ffaa804fff,"2024-06-24 14:32:09.137373","2024-09-11 08:57:33.350508",1,expert,space_profile,"VC1 prompt
",alkemio-space,dfcf4285-1359-42ac-876b-b739a93971f6,f57b1fcb-eb90-49ed-a062-cdfbbc8f6596,77d23868-f9b9-40f7-a734-f77434e8c1fa,"2024-09-11 08:57:33"
fad665c7-1474-4258-a1f7-2d3e2ec86052,"2024-08-09 13:57:18.518202","2024-09-11 08:57:33.350508",2,expert,space_profile,,alkemio-space,07cb1210-ed44-4c82-ac1b-77e8d0699d85,8acd82b3-c235-4280-9b84-b2e25d80c8b2,77d23868-f9b9-40f7-a734-f77434e8c1fa,"2024-09-11 08:57:33"
fbdde992-374b-4116-bc14-20114f734acd,"2024-08-12 07:32:25.180055","2024-09-11 08:57:33.350508",2,expert,space_profile,,alkemio-space,fdfd4cc9-d0fb-4c30-ae1d-31f5172ddb88,ce4e7eed-c769-4eac-aff2-e15188d2f5c7,77d23868-f9b9-40f7-a734-f77434e8c1fa,"2024-09-11 08:57:33"
fce41576-d852-4678-91c0-9b00959c3e03,"2024-06-24 14:32:10.534960","2024-09-11 08:57:33.350508",1,community-manager,space_profile,"Respond in English all Alkemio related questions.
",none,NULL,d105981c-c1b1-4d88-8fc5-3b59f9a4aae7,77d23868-f9b9-40f7-a734-f77434e8c1fa,"2024-09-11 08:57:33"
fd531874-0ef7-494d-8a91-6a6cbdc0c88d,"2024-08-12 07:27:40.233536","2024-09-11 08:57:33.350508",2,expert,space_profile,,alkemio-space,a09b0265-b383-40ca-bfca-5aa4e6391529,b2be1b2e-66a6-412a-ac20-04b205e02ea1,77d23868-f9b9-40f7-a734-f77434e8c1fa,"2024-09-11 08:57:33"
