id,createdDate,updatedDate,version,authorizationId,profileId,templatesSetId,framingId,contributionDefaultsId,contributionPolicyId,type
001cb475-475f-4477-a5c3-27e7afd44a5c,"2023-12-05 15:45:56.538748","2024-03-05 10:56:46.309553",2,a96af712-b4b9-4fcd-9be6-2ba0f3bfc4a0,b7e5300b-19f1-47c6-8b4f-6eedd29872ad,8022e538-0640-43d3-974e-f8e0183a04c0,3a07a95c-faf3-4625-a56a-3ed687c12e51,09866006-089c-4443-acd7-097b8b19fa88,24fca52f-5930-4bae-b505-bcb9a20ebcb1,whiteboard
0100dd87-1353-46d8-80c6-34ce7d6a2b4c,"2023-11-09 18:52:27.872067","2023-11-09 18:52:27.000000",2,4c1afb59-50aa-4958-8895-0cae56fbc45e,5e0aa0f0-f23c-439a-a900-ddbe96734d7b,8022e538-0640-43d3-974e-f8e0183a04c0,eed8a95a-588c-43cf-9f90-fe27c0d2ac87,81a0bb9c-14b0-4827-b21e-ec5840f4717a,d4e79539-813d-454e-9111-96e73fb97903,whiteboard
01f9b03c-413c-44ff-bfef-c66a507eb747,"2024-02-20 16:43:21.525559","2024-03-05 11:25:13.366972",2,c536844d-8ab7-4654-80ca-ea600c0ce6df,82fcd41b-75d9-490c-9004-da5df962d264,eb3c5bb4-2c2e-46ab-8467-ec3faf1afd93,af51e627-30bf-410c-ac34-2581ac4e477d,6a446632-d269-4155-bde3-e110a3b4cbc7,45aba9bb-2ecc-4398-9e28-6ff738cd461a,whiteboard
05719796-e6da-47d8-a5e2-adad5a4854c9,"2024-08-21 08:54:17.866896","2024-08-21 08:54:17.000000",2,27d4fe36-fbbb-4153-9a1b-fe5cb5e6b2c8,f4f1a1ce-7d2d-4a17-9152-d359d328875a,413c5ceb-a501-4323-9328-9831b14ce63f,0bcedfed-f3b9-4aad-9702-a65e182c398f,0bc36459-7a08-474e-85ee-9e4633d5b35c,78cd01dd-30e8-4c2d-8aa9-58980838f3bc,post
060842e2-692a-4da5-b6e5-717872d1e0a9,"2024-07-26 08:46:48.334135","2024-07-26 08:46:48.000000",2,f9a0a6dc-2175-470f-9229-f4337764b04b,4b5aa339-1735-499f-8ce2-fb3931d0b55a,f18ffae3-f8c2-4cc8-b5c5-272d723e8056,04b00c53-0403-41b0-b7ec-0dd5da17e8fd,71ef962e-ccbb-43a4-8a7f-6ab5897c3100,c0757dd2-ada3-45f4-a221-927509444005,post-collection
09cdf50f-18e9-487e-8f02-2611b19c4e04,"2024-07-26 09:38:08.470113","2024-07-26 09:38:08.000000",2,f488037f-2b7c-4af0-af03-eedde7497195,08b14e4b-9557-4b16-bf1f-8eb74d4b6ee2,042c6131-bbe5-4360-81e3-7f677586dbbf,d67d5b39-f97c-4c5d-b66b-f9dda4dfd4ad,0f5bfb68-a6d5-4017-ba67-1a1f910ecfa1,950d2740-0fcf-4e3d-baa8-2f16418475e1,whiteboard-collection
0bfe52b5-e3da-4b32-9075-f20e5d33ef7c,"2024-02-15 15:09:01.881387","2024-02-15 15:09:01.000000",2,06e88c1f-b481-474e-97bf-3b00a6dea08b,439304dd-cad9-4c91-b0de-03921418ada0,ae268252-04ff-4c23-9c20-679f1cae316d,06db24b9-9b1b-4906-b9ed-19645b3e922d,d1f1538c-5229-4345-9ea3-e0f46c640de2,81c5c55f-d753-47b1-bdcb-e8dfb7d54dd7,post-collection
0c5ff92b-9a79-4014-8b3f-b4ed8e67e609,"2023-11-09 18:52:52.547603","2023-11-09 18:52:52.000000",2,9c33b9e4-307f-4cfb-92d7-db240c2c15d9,e7a08844-3925-4582-a84e-7b27c7981a68,8022e538-0640-43d3-974e-f8e0183a04c0,157eea41-449e-42d9-8db1-da865ae833e7,62cb5cb9-e2f0-4cff-a619-ca3fd200c1f3,e79f4c1f-dfbf-46ca-9acb-c034d6f957d5,link-collection
184ac72f-86f8-45e9-8c5c-a81e08b6d0b0,"2023-11-22 14:02:29.839698","2024-03-05 10:57:55.671815",2,05bd5539-47c3-4419-b9fc-29bf15c47b56,ff746f4f-1449-4e59-86e0-b0c55014de58,8022e538-0640-43d3-974e-f8e0183a04c0,f9ce5b2b-4fe6-4dbe-8391-8ff9e768e077,1a09bbbe-ba19-4083-92f2-daf8ec1ea471,22bbdf57-6c54-41b7-8fcd-5a43b770905a,whiteboard
190066ad-5c35-4daf-b539-d37e8adb0f5e,"2023-11-09 18:45:51.282812","2023-11-09 18:45:51.000000",2,8320f0d6-efc0-46f5-9bc3-e0b99eb43f52,3fbc74b0-1f99-4b8f-a79c-5b350b140356,8022e538-0640-43d3-974e-f8e0183a04c0,e80ae6c8-6a6a-4cc3-aaa6-7641026915b6,2546f5df-1674-4f25-a4c2-6a76ee6d904b,6548bf54-277b-4f60-99e4-53d284cab953,link-collection
2078918f-b9fb-4b69-b7c4-71ff41fe744b,"2024-07-26 12:06:46.517899","2024-07-26 12:06:46.000000",2,0589f988-3dfd-429d-ba99-67d02fef2995,82bb9e16-99a4-49ab-80c9-a67c410fb9d6,374b8969-dab2-41ee-90e2-e36a87019a18,5b5cf929-0f92-4302-93af-fe9e6738babe,86ce4807-cafb-46bd-9ec7-8b9c3b04bcf1,daf973c1-98b3-4c67-9bee-4214abfdda7a,post
21a9a15b-01b8-4d7e-9272-8766ad1a8de5,"2024-03-07 09:11:08.396169","2024-03-07 09:11:08.000000",2,bd1b31d0-03a1-4530-aec7-b247a802f910,cf6f7382-636a-42f3-8759-ee672bb809f9,6d44c223-41b3-4ea1-b174-4b6a94f8712a,a77f1fdb-9d9b-4140-b503-6eb1c02d9c12,a4ef5284-87df-4779-87d2-7436ffd358e6,82014a07-1c00-4434-a4dc-7cde6ea96ada,whiteboard-collection
2245afe5-73b7-43ad-b04a-fd58dd98a73f,"2024-06-21 05:30:41.508938","2024-06-21 05:30:41.000000",2,aae7a963-e4aa-48ad-aac4-fbc4c21ed24a,9f67b1d1-b473-46cf-81e0-22009b481a8d,1948e528-b3d1-458e-b436-c77ddf9a75e4,800d3a5e-e50c-4614-ad12-7789bac51876,ef870f6c-279f-4d96-8462-a541c3f16a60,98753b72-9186-4d70-ac4a-d5719ff73076,whiteboard-collection
235a4ef6-1d99-465d-8b67-d9538e38784a,"2023-11-09 18:46:20.117636","2023-11-09 18:46:20.000000",2,42165ce0-039f-46c3-84cf-cc7c5a93e46c,63ad50e1-e631-45fe-9b31-0d0490c68243,8022e538-0640-43d3-974e-f8e0183a04c0,9a852758-2d12-40c9-b908-edc390f611ce,e91a6bf2-0060-4419-abb2-e8399f9e17e8,a8f17141-a9f6-48c8-9957-38e79835a9b6,post
275ede45-0eda-4271-8a0d-18d32f3ff7ca,"2024-07-26 09:38:39.659662","2024-07-26 09:38:39.000000",2,dd98d8ac-c7fe-432d-952d-8ebf33e98981,95fbba01-2327-48e7-a288-0d8ccee20873,042c6131-bbe5-4360-81e3-7f677586dbbf,b7e95d27-a8d9-4ad2-a241-46b99caad9d2,03a80060-f580-4c82-82d5-f35e135222a3,ca11462a-513c-48a0-9b89-20fa79a8fbd8,post
28dc0ac6-c892-408d-956f-c3fd2473f32a,"2023-11-09 18:45:33.223218","2023-11-09 18:45:33.000000",2,2d9e9850-2642-4c8f-8ce5-9413874a38a1,3e46ebb6-5a65-44b5-8a84-d0c4fbf590f8,8022e538-0640-43d3-974e-f8e0183a04c0,fc5b2888-56d7-4615-b136-7d56b2048e30,ea4aadf2-8954-446a-9996-77a163843467,ef17c82a-6352-46cd-841d-33e21e543213,post-collection
2c067739-0097-44cf-8cde-2d9195172274,"2024-07-26 08:47:10.866663","2024-07-26 08:47:10.000000",2,9c592112-c1b7-4221-a9af-daa9276fec10,008bdf9c-183c-4ca3-ae5b-746c448b666f,f18ffae3-f8c2-4cc8-b5c5-272d723e8056,1c628fe6-fafe-46bf-8bba-d8c6f63232e6,eae0f373-e14b-4a12-9a33-898cd1f05a2d,2218c781-99b0-42d5-a7cb-be0a84af07f6,whiteboard-collection
2df1da90-5470-4eeb-b8b7-9e94fa02e6ad,"2024-08-09 10:50:28.094261","2024-08-09 10:50:28.000000",2,a4a28211-3900-4dbe-896f-c41c7f512927,12efaebf-0b07-4f4d-9fc3-bfd0f4f65418,79e3f12b-010a-43e6-8fd0-de4b0f803fe2,7a80bec4-2bc8-4815-bca5-8dcb81b82ada,948735fa-eab2-4fc2-bec6-c9ac4651fd0a,fa138c48-4e9a-4cac-89cd-e32d8d310cb7,post-collection
301bcef9-b379-48fe-8d42-a8de34abbd4e,"2024-07-26 09:38:03.593467","2024-07-26 09:38:03.000000",2,611af9cd-fc6e-4cd3-8cdf-0e7867e8275f,47b17f2f-7f47-4b02-99cd-ac3d0d9474c7,042c6131-bbe5-4360-81e3-7f677586dbbf,6709c5e0-5df1-4da2-a10d-df37451b41d5,9bbb3d19-dc54-41f8-bddd-ad371c5d4ad2,a8e3dd12-9cf3-47cf-a903-d0cbbe8c070d,post-collection
33eec3a6-4542-44bd-9fef-4690c3b4a83d,"2024-07-26 12:06:54.971063","2024-07-26 12:06:55.000000",2,a20e5865-1dc5-447e-b4dd-9eac81c93a58,088e2390-d4be-4883-a903-4cea6418c780,374b8969-dab2-41ee-90e2-e36a87019a18,d4e82ac0-ad0b-4bcf-a4ae-cb8aa197a486,cad4914d-f421-4420-a371-4bbe61b211d5,cbd5b5be-047e-4a43-9d98-06bdac600db4,post-collection
399f38b2-1c2d-44dc-b18a-be9eea0c1c69,"2024-07-01 10:59:26.103801","2024-07-01 10:59:26.000000",2,834d809c-395a-4ba1-9186-3f3a3c3d972e,f9110ab9-e352-472b-8c1c-88724f14b178,e8ccd6a2-fbb9-41aa-9da2-8057594219ae,be339b0c-a164-4711-8ec1-28ceb73962f0,f7b95d67-3d1e-45b1-a4a3-5661652316e5,c0f07dda-9ab5-42ee-bce6-863b8448226f,whiteboard-collection
3c0416cc-9e0d-434e-80a6-6f2335793a04,"2024-06-18 09:33:32.483980","2024-06-18 09:33:32.000000",2,8ea631cb-16b5-487b-8eed-04eef03550bb,a76c1379-5f21-4783-a339-fffb4fea7b8d,f18ffae3-f8c2-4cc8-b5c5-272d723e8056,6b1c2dd1-f5f0-459f-bd3e-29a7b9d8edde,b64bd95d-fdbe-49a1-aa43-01c9f8fc4886,7672692c-ddd9-4016-88d7-bb6b9d887baf,post
3cfd9e69-d10a-43d0-9e7b-597f8c7a71b5,"2024-08-09 10:47:40.621413","2024-08-09 10:47:40.000000",2,a45a0f4c-31ea-4336-9c23-e9bc4d3acf38,eb6d908b-3ba2-4482-bcc2-50be276fe2b1,79e3f12b-010a-43e6-8fd0-de4b0f803fe2,41afbfbf-137b-4028-989a-52f5e2c7038c,7e20b6e4-c23c-4f2f-84cf-5562fa0ba125,bba94cdf-3040-4ec1-afee-41a1389e35a1,post
3d348a69-8b86-4ef6-bbcf-e5fea931c0db,"2023-11-14 10:52:32.443041","2024-03-05 11:25:13.450278",2,f57bc4e0-c0a4-4437-a89e-027a250760a2,480ecba5-4b2b-418c-81ec-39a6d189e188,7bba2623-8c55-4de1-b639-558c6667b3d6,ddd40ba4-832e-48dd-9f2f-425c36425d6c,a5b4917c-adc4-4406-ac7d-7562446c37bc,58b6b38c-8a8d-4b09-a278-1f51cdedf996,whiteboard
3decb20d-e56a-4b06-8d73-4d43ec83608f,"2024-06-18 09:34:07.399526","2024-06-18 09:34:07.000000",2,9e74ad3f-1cd4-4ebc-913c-4c4fe055c1f4,f9b93cf5-1f38-4e4e-9f8f-d40e663944b6,9d476b3b-a822-4395-bee2-15513cb90a88,79151c44-f297-4817-ae19-cbc60f14deab,9d6de06a-2956-48f0-a4ba-1e6f2ea24526,8ae10586-5d2e-4200-99d6-353260962492,post
40215c6d-5408-436c-8cf8-5451f374c07f,"2024-07-26 09:39:12.165057","2024-07-26 09:39:12.000000",2,10d5bd96-f1f4-4239-b76e-bdfd108e867d,9cb9dc5e-7d9d-49fe-bde2-4016ea78a24b,042c6131-bbe5-4360-81e3-7f677586dbbf,eb8a36c0-5b14-4f4c-8c61-9c400be71dcd,771cb457-139f-4ba3-9647-0df745b86075,83c823b0-e71e-4788-a1b0-5db118ab3a48,link-collection
404f3bd2-6948-41e9-bc5d-2158cae78293,"2023-11-09 18:47:02.121936","2023-11-09 18:47:02.000000",2,070344a3-9755-4a30-a021-aa4bcf1f4bdf,516400c5-f15a-471a-ab1b-f8b78540dac8,8022e538-0640-43d3-974e-f8e0183a04c0,8e24ecd4-a3bb-4770-9f64-b6984572b0a9,d51e38f9-3ba5-480d-8511-8046217dcf1c,2db9c61d-7bd4-46cc-8370-da32f56afd72,whiteboard
42ff1806-cef8-4010-8c54-375439930ec1,"2024-06-21 05:28:31.804206","2024-06-21 05:28:31.000000",2,9483a01f-cdd8-406c-84d1-4ea42f1cfb14,79fd33ee-7ae0-4774-a89e-f7ce827313f8,f18ffae3-f8c2-4cc8-b5c5-272d723e8056,2c2dad7a-3343-458b-9618-d2dac2e0ac3a,08dfe885-dac1-43d6-8b09-97ad5c4e9aaf,b5643bd9-2866-4518-8eff-ddcf8c5add06,whiteboard
51691c72-3dd6-460b-b893-a57a2102f645,"2023-11-09 18:26:37.361172","2023-11-09 18:26:37.000000",2,6883fa63-9a31-47e3-a68d-fa32b4ee687c,58df178d-8097-4647-8340-a8ef9b111bf8,8022e538-0640-43d3-974e-f8e0183a04c0,9a46b693-ce1e-4469-a35b-590650a8d5e1,2f338c92-9f12-48fc-88ca-ec3c1cd1c19e,6b954406-44f8-4e66-9659-3ccad92678f8,post-collection
55ab06bc-f483-42b5-8b3f-8a3b1e55b758,"2023-11-09 18:34:15.870101","2024-03-05 10:57:55.760802",2,bb6b5f38-4daa-41f9-a198-2d66c7b0684b,41e832cc-c08d-4bda-8b77-0fc15e0a8971,8022e538-0640-43d3-974e-f8e0183a04c0,ccc83bd2-732f-477f-9d71-0bc6f3167375,3f0dc7d2-d207-413b-9381-960e03b11dd9,4b7bf812-815f-4bba-86fb-0694d77179da,whiteboard
566d282b-bf31-40c1-a6dd-773066a2e211,"2023-11-09 16:28:03.268971","2023-11-09 16:28:03.000000",2,5b62067c-e9bc-42cc-a376-ebda95fe7d93,b1f2796f-b60f-4fde-a779-c945a5bda44f,8022e538-0640-43d3-974e-f8e0183a04c0,a24fe01d-228a-444c-8d2e-bc6faad26e04,abf30e70-218d-4e81-b8cc-977fc11ac23b,08b19cc9-4b0a-47bb-8051-590825a6ca16,post
5c690d65-d30e-487c-a12c-74ffe4f8bfad,"2024-07-26 08:46:23.081496","2024-07-26 08:46:23.000000",2,ab443184-ea71-4a6b-9c65-f7f369926c9d,4f4ed6a1-cd32-4dde-b804-a18bbc30dd90,f18ffae3-f8c2-4cc8-b5c5-272d723e8056,aa307203-7b07-46ce-86ed-b21d58a86485,5d5266f5-832c-4e4a-81f0-7d602af9c1a8,72e71652-8640-409f-80bb-43667040f1a9,link-collection
5c84ad34-7450-48bb-8f46-1515cf944d65,"2024-08-19 08:00:16.402813","2024-08-19 08:00:16.000000",2,a2340575-3372-4f2d-899b-f022243396e1,50a3fa3c-981c-4f74-a4cf-76c9df72420d,08def625-257c-4162-b46f-b434f3626c23,b659bf78-f64b-4422-8067-224b42f57d23,b4175608-c04e-4f54-8cfc-003cde8460fd,1a249841-6f56-4ad0-b49a-808e5f9f1d22,whiteboard-collection
602ca66c-3db7-4e64-8e5b-eaaeb2ba8157,"2024-08-09 10:49:20.044492","2024-08-09 10:49:20.000000",2,f3ffd3e5-721b-49a3-93c5-fac5ef578851,69e3678d-c93e-44bd-81db-69fadc140339,79e3f12b-010a-43e6-8fd0-de4b0f803fe2,f315c774-6e27-4326-98b3-32dc075fc79c,dff68db9-2785-440f-be47-8cf70098c77d,062611d1-d94a-4fab-a147-b2d00000d6ad,link-collection
6b7d88ea-b6fe-49d0-b1aa-61589e0e2f34,"2024-03-27 19:08:03.485893","2024-03-27 19:08:03.000000",2,c7732d4c-4521-4cae-983b-c26021bb42b8,2326ebdb-0659-4733-8cbe-03ae58601bc0,6da97bc9-1fce-4d82-8697-255ebad6e987,6e4f99a1-8011-42f3-93fb-af8678a2d5cd,50f5a077-2277-4f23-8a97-07aad1bc1072,64954d87-68f5-4650-aa9c-920ed6ab5e3b,whiteboard
6bb473cd-3ce1-4174-a153-9f61744430fb,"2024-06-18 09:34:15.837804","2024-06-18 09:34:15.000000",2,4b6c86ed-8d42-450e-87fb-c76a96bdcc26,fa960a3c-eabd-45f7-be27-fcbbfdb60a0a,9d476b3b-a822-4395-bee2-15513cb90a88,963b7669-68fe-45e5-bef0-f2dd1a7b78de,1de199bd-2037-497d-a009-dc5155eca57b,81d9feb8-b55b-458f-b74a-2786df2bb51c,post
702e1b1b-7662-446e-861e-0827d4028cac,"2023-11-09 16:27:09.096518","2023-11-09 16:27:09.000000",2,cefe2bd0-55e2-494e-9599-0c751fb9d868,7473e387-2461-421d-9664-558e4d92f15d,8022e538-0640-43d3-974e-f8e0183a04c0,0619b82b-cd65-458b-8c85-a30536dafc65,ee069780-842c-49e6-9adf-3df146cedfbf,01bb772d-971b-4a8f-867f-fc1804f49495,link-collection
737de6e5-5dc5-41a2-b22c-465852f38b70,"2024-08-28 19:58:34.526501","2024-08-28 19:58:34.000000",2,34cbfca4-abe3-4cb1-b7bb-93f39de8f693,248a6c83-5c62-4844-b21f-1ec3ac8e90b7,9e07e782-77ef-463f-aa28-787e0c580ed7,951e1fa2-844b-4d3c-8fca-2a50408e9e1f,439d2be2-ef8b-415e-8b4b-f466bcd94f58,21e7554f-1776-428a-8a7e-6903e269d7f4,post
7793a082-32ea-4474-83ff-7b7bfa30c75a,"2024-03-12 15:38:31.889130","2024-03-12 15:38:31.000000",2,744d6be9-840b-4784-891c-133530517739,82759484-b968-485b-afb0-e34f97ebaf2a,6da6e309-12a2-44f0-b58e-afd8a6c598bb,b9ad27e4-91c8-444b-b85d-9dfa0e256ed1,d6a07cf0-3c9b-453a-b6b7-3304973798a2,aecacff4-1cb8-4a67-8fce-2454391caf1a,post
788c5303-6b19-4b60-a40d-3e8e7de6a945,"2023-11-09 18:25:09.084905","2023-11-09 18:25:09.000000",2,546e8031-7c04-459e-aa0d-3461f58a6531,549c58ef-7414-425c-b4cb-638c683322e1,8022e538-0640-43d3-974e-f8e0183a04c0,c8bba5d2-4bb1-499e-b3b3-19dfdc20e231,4db530cd-6fd1-4cd3-a2de-50c023bb09df,feab4d11-d097-4870-bd93-fee4b426c7a5,whiteboard
7e9849e6-0a72-4d6f-b83f-c81dece31c01,"2023-11-09 16:21:15.597532","2023-11-09 16:21:15.000000",2,125ec12b-c57c-4683-97ad-afc582892b4c,5c88b6f5-0952-4191-b56e-a38838582a5a,8022e538-0640-43d3-974e-f8e0183a04c0,8cac958a-199a-4040-96dd-2df2e995bce0,7bd6dc19-1eb8-4773-83ce-6e74e7c7f6ad,7b3ad52d-d917-417a-a5bb-c3bb2b84ccac,link-collection
7e9ecb8f-51a6-4380-aff4-941b438ea48e,"2024-07-26 12:07:06.845108","2024-07-26 12:07:06.000000",2,6343d320-35f9-4e1d-9088-1c47d31f152e,c25639bd-2efc-4e6e-8176-f3a5ffc9e14f,374b8969-dab2-41ee-90e2-e36a87019a18,19df9149-b944-435e-a967-719cccf86a5a,4df89e8c-5513-4928-bf1c-4a728cb806ee,42911841-d43b-4b27-874e-e150cee0d4f9,link-collection
8520f843-aa92-4c00-82d5-3dbf39a37553,"2024-08-29 08:35:04.956295","2024-08-29 08:35:05.000000",2,a891e1b5-0cdf-4cd0-8d71-6e20d9e0be17,7e8be89e-f8c4-4834-93f9-6b5416119443,1ce67e86-2521-49e8-8565-04f96558a615,8aa151af-2061-44fe-a39e-1d27df843f27,c3e32691-71b5-4f8b-a4c5-0e33e079a171,9ed76b44-f8fe-48c0-b9f3-fcd289d6f3e5,post-collection
89c80a3d-0de1-4edd-89a3-051686d04a63,"2023-11-22 14:04:00.797016","2024-03-05 10:57:55.846201",2,af86f991-7717-4071-997b-d9f6160e2979,a61c181d-5c2f-4f3a-a732-6d333222a2ea,8022e538-0640-43d3-974e-f8e0183a04c0,6ef2fc2a-e357-4f5c-aa93-a675984de6e2,33c43efc-264d-4bb7-a055-5502700bc5f3,0a3d6ef7-9a2b-405d-b0cb-23d9684e6fb3,whiteboard
93173a50-1bf0-4ffc-a27c-c963bda56a6d,"2024-07-19 06:50:24.057229","2024-07-19 06:50:24.000000",2,738a47a4-a7f1-49f7-ab35-e88c4b12b434,1697790c-51e4-4507-839b-826718391e53,2cfa7111-2887-4222-8684-4374e28a8cff,e374260d-a50c-4bf9-8a8c-07324bf0dbb4,7bf4bb54-ff89-40cd-8bde-d7b466fecde7,08597d49-fac8-4397-a622-9ed8401e7668,post
94bb21d8-9c3d-4936-932e-4e64241cd318,"2024-08-09 10:48:42.244800","2024-08-09 10:48:42.000000",2,fe5c83c4-76e6-457c-950a-596c396651f5,01046c2c-3bfa-431b-a879-353016494a54,79e3f12b-010a-43e6-8fd0-de4b0f803fe2,81cd5085-b6f2-4af8-aaa7-6e5cce58ca05,7a5290d8-5905-4f98-a75f-156d1222b185,3ed3a7e2-3224-40c0-b7be-e16cd8aa359c,whiteboard
9791ee5b-36e1-43eb-b118-d119b0453209,"2024-06-21 05:30:48.843988","2024-06-21 05:30:48.000000",2,bf427bf9-1fe4-4bb0-83df-b656988d5220,3e11131d-66ed-4103-940b-b815357d316d,1948e528-b3d1-458e-b436-c77ddf9a75e4,01c6f2d1-7947-4456-bf9e-f7955a52d9ca,c07ab7a7-9432-428a-ad34-97f8f4ed67ea,37fe390f-04d1-4145-91dd-22c58af76bf0,link-collection
98418f7b-d5a0-4435-89af-08beb60e102b,"2024-06-21 05:30:45.629570","2024-06-21 05:30:45.000000",2,62f74656-02df-4f46-9b10-48e9ca5fdbd6,eaf6099a-fa79-46a4-814b-b8cae4acca5b,1948e528-b3d1-458e-b436-c77ddf9a75e4,0cd1ef99-8825-4c39-a33e-c89216f4ffe7,32f1940b-bd6a-442f-ab88-91ce57545bdc,8a39ab62-927e-4a92-9465-23f2be717355,post-collection
9841b6bb-018d-4d51-b213-c6aca3e0a950,"2023-12-05 15:35:45.969664","2024-03-05 10:57:55.931861",2,71f3df7e-4084-448c-bc97-992e3cc127b1,11dff478-5f6f-473e-95dc-89d768e93000,8022e538-0640-43d3-974e-f8e0183a04c0,4ee6504c-7543-4d08-8af1-aac22149c7f3,4724669e-66d0-4013-8131-885a358af2c3,c4e801ac-9592-46f0-9f89-89e8727f7765,whiteboard
9f11060e-1878-4a17-953d-cb3a2111ff37,"2023-11-09 18:24:26.137788","2023-11-09 18:24:26.000000",2,5a2522a9-52f2-45ac-8e9a-a30e662fc1ab,7584c124-6302-4d30-83ca-1dc8f8e5439a,8022e538-0640-43d3-974e-f8e0183a04c0,138dbb96-384b-4be6-8bf9-751d2ee19428,6d296f9c-1193-45a0-8a40-4326a5eacad7,4d09b531-6f2a-425c-91e7-c27c0ee8352a,post
a03e2d0f-02de-4f9d-ae49-a28a00569a3a,"2024-07-25 14:41:45.068298","2024-07-25 14:41:45.000000",2,9290d2bb-dcdc-47ee-af7b-5847c2122cd9,3a410cd5-38ef-44db-9258-9e67c441ebe0,2cfa7111-2887-4222-8684-4374e28a8cff,93b7247c-6adc-4311-beb2-97ff60e6c421,192d3ff3-3411-4d01-bf70-fa69dcccf86e,f6dfb368-1ee0-4c1f-b94c-1388bdfe7554,whiteboard-collection
a28dfbf6-05f6-4106-9685-5995778bbec8,"2024-07-26 09:39:50.404881","2024-07-26 09:39:50.000000",2,2795afb8-7868-4fc7-98a7-ec22de9c2b7a,49e83af5-601a-43ba-b1d9-2a15c5b6977c,042c6131-bbe5-4360-81e3-7f677586dbbf,2c84dd00-8ac2-43ae-ae2e-e504c46b6827,57215fea-9f9a-46ed-beac-9452b4e8fad2,f63e1e50-fb73-401a-83d8-f86f29905ed9,whiteboard-collection
a6569b19-55a7-4bd2-866a-13f94ee50c38,"2024-07-26 12:07:02.736924","2024-07-26 12:07:02.000000",2,1be20325-735d-459b-bbde-8cfb853d2bbf,cd0c24ab-cc79-403a-8668-0d4880e437fb,374b8969-dab2-41ee-90e2-e36a87019a18,1ca1f01e-ae11-45ea-b6c6-894643326822,ccb6808f-eda5-45e2-9267-24071378d0b1,6a09b8ac-bf7d-44ba-9871-37a587c17e61,post-collection
a6e23b9e-1cb7-4b0c-bbed-a6ff77c1d36e,"2024-08-29 08:18:03.707249","2024-08-29 08:18:03.000000",2,3f94ecb6-9653-4620-b5a1-0afc9f029f4d,094c567a-802e-4342-bfd2-a51d1eed1ac1,d2b60fd9-13ea-4270-89aa-93eb7b40dfc5,857241f8-4d57-4b00-81a5-dd3cbaaf6310,61e1ebf8-8b11-4ae3-8e80-a542acd122f1,dd093228-64d5-4f2a-9a5c-2fefa1b3aec7,post-collection
aece5d28-5828-4471-bc9b-6c7ea8d4c5cc,"2024-07-19 07:46:25.837085","2024-07-19 07:46:25.000000",2,15ad02a6-d548-47d5-99ed-f98d3b8ed3af,435cac98-c967-4d65-af37-c04f43ab13e3,f616eebe-17d0-403e-a69c-efcde29316d3,e887a223-eeb5-4127-b03f-a6787a9cfcb0,083f9253-0af7-4d41-9dd3-bc71ccea1f3f,448f18ef-6e2b-4d74-92ae-300f5f656ba6,post
aed56ae6-f578-4b13-9807-991ed21a63ce,"2024-05-28 14:16:37.072651","2024-05-28 14:16:37.000000",2,a27ba6c3-57f1-49dc-95d0-49f6c27db873,275bed25-ad21-4163-b23c-dcd24ac968c3,c3f3514a-7ae2-44cb-b7d4-0941272cf9be,aa665a30-ec16-47c0-86e4-2c243989292f,98c0d213-59fd-4834-818b-74a2f0c5c650,4adb5561-49d0-492b-a92c-bb5f58c3c5f0,post
b51e1834-04ab-4222-a6ff-b93470b6419a,"2024-08-07 09:31:40.289219","2024-08-07 09:31:40.000000",2,6286ab0d-f00a-4299-9c1d-e5bdf07521de,f0ff1491-727c-40f6-825c-67d940925297,d2b60fd9-13ea-4270-89aa-93eb7b40dfc5,3467db48-747b-4e69-be69-834ae236e5ce,ccd6afac-26d2-4d4b-a883-62fb12f456e3,e8d03538-00d4-40d4-be6f-4d37a840582c,post-collection
b9f682e0-b092-4511-9130-708f59541d6e,"2024-06-18 12:28:35.712762","2024-06-18 12:28:35.000000",2,92800ef9-e13d-4f5e-bb5e-b5ae0c50c9d1,f3fea022-f287-4586-829d-098ae63bac4f,f56f78c1-04f0-4d4b-99c3-82e2e20e55c9,590afbfa-4513-4f63-a0cb-7e0aa0e1a13b,f6efd4ed-2404-4caf-8fbe-680af003768b,839e985e-81b7-499f-9ba1-117ab4dcf836,post
bb1778d3-51ff-45cc-a6b7-1ea6a9b4ee45,"2024-06-21 05:30:05.750399","2024-06-21 05:30:05.000000",2,8092e241-2ff1-4965-8956-73332d9962f5,6a778411-eb65-4aca-bb34-b6096662474e,f18ffae3-f8c2-4cc8-b5c5-272d723e8056,af679e55-8324-49c0-9093-5ffe1fd5625d,ad589cd7-41b2-45aa-8bff-d81b3a9a9ad5,ebc3efd2-41eb-4d74-8688-4471e6e290d3,whiteboard-collection
bf885ba1-0199-4885-af3a-28bb796f6804,"2024-09-05 13:03:26.026633","2024-09-05 13:03:26.000000",2,fc429231-3c2f-4adf-afd6-a3261cf98e1d,c482ea8e-aea9-4ac8-838f-e830b37bda50,60f95b08-a8f1-4346-9357-7c8415e3115f,f43a525b-eed7-4551-8975-e668c4306153,6688a594-4945-4e8c-9fcd-759538c638d4,83374d7d-5bf4-44da-aa8f-d971e6aab4da,post-collection
bfdfbaea-acca-4055-8c7d-e8a5ada3ddb9,"2024-07-26 08:45:31.436704","2024-07-26 08:45:31.000000",2,bfc23df3-4c1f-49d9-a0e7-c1f67410832e,1f142cbb-83cf-454c-93dc-ea1256bbb8ac,f18ffae3-f8c2-4cc8-b5c5-272d723e8056,3a986ca4-af3e-4a84-bc1a-ef3a37a0e60c,a7652533-3e32-401b-8127-4d7b437a72df,6c172bea-14a9-4d6b-bff1-5772c86fc450,post
cc5acfa2-b786-4b57-8104-24470655bd4c,"2024-07-26 09:39:30.132298","2024-07-26 09:39:30.000000",2,e6be827c-3210-47d1-9155-06accb154475,92792edb-02e1-46f2-a762-4965bd019fb0,042c6131-bbe5-4360-81e3-7f677586dbbf,149a5ea4-c23e-417b-8d7b-9f2a33584d19,055639f4-ec37-4d64-8ad6-2443db65ac0e,44505ddd-ec97-405f-9d13-75d46e70505e,post-collection
d037367d-8b1d-4b8c-b275-f41e6b9b93cf,"2024-08-09 10:51:03.244878","2024-08-09 10:51:03.000000",2,0fd3db7f-627b-4745-ac31-cd2f73d33371,4e82a2dd-d531-4afc-90db-949715a809c1,79e3f12b-010a-43e6-8fd0-de4b0f803fe2,09f737ba-bc00-448b-8e8a-75fec3d7145a,f852d9d4-2257-49d7-8310-aa3f2edf9033,f4b5c2ae-8cae-4bb9-b1a7-f495ed4d4ff4,whiteboard-collection
d0a9d396-d405-4a92-86f1-77c3b53333de,"2024-06-21 05:30:37.995539","2024-06-21 05:30:38.000000",2,7bb0ece7-1954-4163-aa82-2504179ca028,00e2eb7e-be0e-4ed7-b032-fa313649c1fc,1948e528-b3d1-458e-b436-c77ddf9a75e4,fefa8775-6cce-4ee3-a44d-a9c13e144190,ec7ea483-57b7-4bb4-a697-853e46e89433,fedaf17d-3c79-4b17-818b-a8233f793e50,whiteboard
d34e73c8-d486-4323-b7ad-defdeaebc97a,"2024-07-26 09:38:24.293121","2024-07-26 09:38:24.000000",2,f0284dc0-a434-4eed-832e-7ae9e2b45401,b04cda52-ba45-4757-a846-1520829848c4,042c6131-bbe5-4360-81e3-7f677586dbbf,00124de6-ffa2-4958-a292-f1fd21610f2d,84d1aa7a-a5cd-45b8-8e04-6fd58ec1eb0d,72a2bd67-9fea-4a19-88e4-250a39bbc02b,link-collection
d410ddb5-4dd1-41f9-ae97-1910f73cd19c,"2024-07-26 09:38:51.883306","2024-07-26 09:38:52.000000",2,35b711a2-2e42-4992-bd6d-fc898364b894,3d166378-c9a4-4421-b830-dd83deca4a8b,042c6131-bbe5-4360-81e3-7f677586dbbf,dedba7e7-949b-4a7f-8d67-0a39d6fb782e,57b40783-a554-4540-9142-e7a32beb6155,27c80c36-34ee-4cbf-a2a1-747cbb0f27dd,whiteboard
d8b93ef6-1af2-4a4a-8271-995ed4844e19,"2024-07-26 09:38:17.677188","2024-07-26 09:38:17.000000",2,92f10d3d-eb82-4a49-9420-781d825bd03c,383d4615-fa56-48ca-8a74-e6152cef85a6,042c6131-bbe5-4360-81e3-7f677586dbbf,178c7478-ff3e-4c27-b04c-14b5bb32a850,8928687f-f8bc-4973-b304-fd894d4acd31,06722fc7-0ec5-4930-85ec-21b9a96d27cf,whiteboard
da361efc-d9f7-4b76-9811-83c9142052d3,"2024-07-26 09:38:12.041149","2024-07-26 09:38:12.000000",2,2092df9d-c2fd-4812-ac38-6ab464e782cb,57f9c72a-d6ea-402a-92e3-7f8a896a93bb,042c6131-bbe5-4360-81e3-7f677586dbbf,df1fdb21-5d60-41f4-83e1-cb46b45e0488,8e59e368-536a-49fc-b66c-90976da3d7ae,c4b5b511-f219-4af9-b1af-33941687080a,post
dbe3d44c-f2b1-4099-a3bb-5b8d6b980d81,"2024-06-18 09:36:25.378051","2024-06-18 09:36:25.000000",2,023dd458-f167-4018-957c-58f2476b093c,59896d07-fd24-4139-bd0c-335f5f57547c,9d476b3b-a822-4395-bee2-15513cb90a88,445622bf-ce3a-436c-89e1-141e83780083,7de6f2d3-f29b-48dd-b381-cfa32f883389,c764089d-126a-438c-beef-6138438c989a,whiteboard-collection
dde7dea1-9f88-4bf7-b5dc-6262c2d879fa,"2024-06-21 05:29:25.107587","2024-06-21 05:29:25.000000",2,f84fbe5b-3487-424e-baa7-3d934583b979,7db337b7-2f33-42fb-8689-5385c1a76a4e,f18ffae3-f8c2-4cc8-b5c5-272d723e8056,ac281ead-31c7-4138-b269-cdaef088beca,4ac36cda-2703-44c3-8527-600a2adbe842,3dd2e17a-497d-420d-bfde-2a028cb2079d,post-collection
ddf68cfc-707d-46d7-b707-1bd784f675cd,"2024-08-21 08:43:51.238068","2024-08-21 08:43:51.000000",2,d045b497-a71a-44c9-a0f3-631f11949655,b0d2588d-6c98-4358-b6c1-65cf77345f3d,d2b60fd9-13ea-4270-89aa-93eb7b40dfc5,cbe26d1e-ff01-4258-b0c6-daf7254414e9,ca463033-d861-4559-b2fc-164a5906b9bb,cb48070c-da52-471a-afa4-6bd1371924c6,post-collection
e7dfb71c-9ad6-4082-b39f-0a5402fb7677,"2023-11-09 18:33:07.189085","2023-11-09 18:33:07.000000",2,4ef1cbe9-bed8-4238-859b-536e40176f78,a13e19d6-5205-427f-a001-a2b8c60622b4,8022e538-0640-43d3-974e-f8e0183a04c0,0f6f8421-e1e2-47f4-9508-ee9dbd61dc70,749a98ad-17b0-41da-be75-e94abcee0d72,96d0af30-4469-4326-ac80-cc034a883369,whiteboard-collection
efb213c2-2fed-474a-84b4-e4e624f60b97,"2024-08-29 08:19:50.578996","2024-08-29 08:19:50.000000",2,f3d2fa7c-1c3f-4b4d-983d-b964cd22529b,5540c1f0-8907-4f64-9817-832622852ad9,5286c254-01e9-4660-9195-f2e505b53f56,435d55fa-1ad9-4275-a1a4-12f8d69ab473,c0ea1830-651c-44d6-8e33-30d16d08e54f,fe980fe8-5bd2-4164-a8ef-b34a4975ab30,post-collection
f05ba87f-d863-482e-a341-e5d4f28762c6,"2024-06-21 05:28:58.574938","2024-06-21 05:28:58.000000",2,af6e53b9-fffc-489a-bbc0-8459386e5c2b,a420ce75-04ba-4b93-8c63-1e439abab214,f18ffae3-f8c2-4cc8-b5c5-272d723e8056,9cfc98d8-fd76-4fd5-82b8-38db456c80cc,33064564-a4dd-4342-a42c-d20f8d10ef72,a8cf9b86-65d9-494b-b4ea-7249c5d91858,link-collection
f619d945-9de2-4365-b9e6-33d5bbc6e579,"2023-11-09 18:31:30.899504","2023-11-09 18:31:30.000000",2,f45c1f69-1d16-4490-8f11-8ac70cd0cdb8,bca9b33d-4d0d-494f-ae18-90dba89e6de5,8022e538-0640-43d3-974e-f8e0183a04c0,d6f7ea95-79fa-4e40-85ce-5f3c2b14f252,89827ae0-c0d0-4525-a17c-191cf4207218,44dc3c0e-6a8b-46fe-b9c6-40ee24991e22,link-collection
f72badb8-7b5b-47e6-b239-cba47b7a5b04,"2023-11-09 18:51:56.346500","2023-11-09 18:51:56.000000",2,a7c678ff-e63b-4f4c-81e6-1e0421db466a,a6b79785-5724-460e-a3b6-0d226932e8f9,8022e538-0640-43d3-974e-f8e0183a04c0,39ae3311-d0e3-4b78-bd6c-3613595dad7c,22cfb068-259e-4989-b6af-826c489ca854,0b978c96-e94b-4ee5-8222-f488ce91f30c,post-collection
f7437f90-ac53-48cf-adce-b2929e8d4a0e,"2024-08-07 09:31:49.263257","2024-08-07 09:31:49.000000",2,bdf3d35a-c194-4e2c-a686-0b3abb7ad7bf,99888da0-05d2-48f9-91c2-31f04e59ade5,d2b60fd9-13ea-4270-89aa-93eb7b40dfc5,3763bf76-66f5-4ba6-9f03-5d17b4388551,67a0e783-18fb-413f-bac4-a18da3a97046,a92bf111-f733-4e8a-ba57-dd1a3d7c0a19,whiteboard-collection
fc32417c-13a1-4607-ae5f-0a737aa6afca,"2024-05-28 14:15:53.771417","2024-05-28 14:15:53.000000",2,dab837cc-7881-4d84-9ffc-a21542dc644a,0b2955e8-605b-433f-98ea-21b7edea3a7f,c3f3514a-7ae2-44cb-b7d4-0941272cf9be,42f7278d-978b-4344-a9ad-7a3c8fd9e4b3,66be1662-6bd5-46bf-9737-99f0b70a5181,9b1cad6f-46a6-438f-92a6-26bcbaf1b226,whiteboard
fc3a56af-0f25-46bc-a2fe-ec0baf719ef2,"2024-06-21 05:30:33.900828","2024-06-21 05:30:33.000000",2,40c46c55-e5f6-41b1-82db-1c52358ff769,d34cf891-78c5-4007-a250-5805c46bfdb2,1948e528-b3d1-458e-b436-c77ddf9a75e4,1f203355-c4b5-4e30-8689-e2f33c04e8eb,42a2461b-136a-423e-864e-a1eefa0d99dd,ee64b440-a0b1-4de5-bae1-0f0f68d4fb85,post
fd958aa1-27d7-4f85-a5e7-1edb400a1810,"2024-07-26 08:46:00.916850","2024-07-26 08:46:01.000000",2,e5bcc667-8d5f-4180-80bf-4bfaa11b01b3,6246fb14-2dd9-4cd7-8e69-abac3b3751a9,f18ffae3-f8c2-4cc8-b5c5-272d723e8056,fd3b868e-80eb-418d-a28f-536a083f8445,b133dd4c-b7ac-46eb-887a-a5c4c3a0cb0f,09aff7cf-7b8a-42f2-8908-5290da6918f1,whiteboard
feb1ef9f-7e55-403e-bce3-d30914a3b0ea,"2024-07-26 12:06:58.798490","2024-07-26 12:06:58.000000",2,ff51bbae-c259-43dc-ac66-27bd96f607e9,4c84be17-17ef-4ede-9fd6-409141dd3e97,374b8969-dab2-41ee-90e2-e36a87019a18,5a40ba20-3081-42a9-89c5-df720df9a0e7,9aa06cf8-c053-4509-b7cb-23a71eace741,6b1f84b9-8bfd-4d9f-a95f-32e43031c654,whiteboard-collection
