id,createdDate,updatedDate,version,resourceID,type,agentId,issuer,expires
00b71fd7-d446-4ad1-884c-baf4e91325d9,"2024-05-15 14:56:54.871517","2024-05-15 14:56:54.871517",1,ad5c3ed3-f72d-443f-92cf-537d2e978c84,subspace-admin,NULL,NULL,NULL
00e3ba30-7ebf-45e1-a4bd-da964cdb44a3,"2024-05-15 14:56:58.379759","2024-05-15 14:56:58.379759",1,29c96d95-b5e8-443e-ac9d-916c536e4209,subspace-admin,NULL,NULL,NULL
01d65b8f-eb8e-45bd-a90b-86a74f302e8a,"2024-05-15 14:56:54.143494","2024-05-15 14:56:54.143494",1,473fff73-624a-4d87-b983-0c010e3dba62,subspace-admin,NULL,NULL,NULL
0245e972-c423-467c-b548-ea4b48980547,"2024-05-15 14:56:55.389528","2024-05-15 14:56:55.389528",1,3aca1587-ad9e-4ed0-ad21-806f80664f9c,subspace-admin,NULL,NULL,NULL
0481f4e2-a0a3-460e-ace7-b7572e4db65b,"2024-05-15 14:56:58.560917","2024-05-15 14:56:58.560917",1,3d59acb0-ab35-44a1-bda0-b1f06b2ee36e,subspace-admin,NULL,NULL,NULL
05165bb1-a1dc-423f-aff5-5544cd6a5923,"2024-05-15 14:56:58.429488","2024-05-15 14:56:58.429488",1,29c96d95-b5e8-443e-ac9d-916c536e4209,subspace-admin,NULL,NULL,NULL
05bdbe09-c3ac-4a16-9f71-b86ff08dab00,"2024-05-15 14:56:58.888642","2024-05-15 14:56:58.888642",1,29c96d95-b5e8-443e-ac9d-916c536e4209,subspace-admin,NULL,NULL,NULL
05eb95df-2341-4992-b6c8-4d9a60917e69,"2024-05-15 14:57:00.386000","2024-05-15 14:57:00.386000",1,47866aee-98ab-4348-98ea-1b430a819677,subspace-admin,NULL,NULL,NULL
0690c1e9-4fcb-4591-9fa7-b63a07b3fdc1,"2024-05-15 14:56:59.452202","2024-05-15 14:56:59.452202",1,aa5d5bd5-21e6-4b13-8f95-8b9f85c79b26,subspace-admin,NULL,NULL,NULL
0754ec29-8a1e-4ba2-b3d3-97234e1a2a84,"2024-05-15 14:56:54.774225","2024-05-15 14:56:54.774225",1,null,subspace-admin,NULL,NULL,NULL
089c1c11-dd22-4088-b555-e666eba86133,"2024-05-15 14:56:56.799494","2024-05-15 14:56:56.799494",1,f283630e-db04-46a4-8470-dd0df90cbaf1,subspace-admin,NULL,NULL,NULL
08c8043e-459d-41d1-8986-304f392eab37,"2024-03-11 09:40:42.153671","2024-03-11 09:40:43.000000",4,443510a9-9fc9-4dd1-9eff-348cec6e9b52,organization-associate,NULL,NULL,NULL
095a35dd-a2a6-4e1b-a141-e071ab11e5ae,"2024-05-15 14:56:58.037874","2024-05-15 14:56:58.037874",1,0a222cd3-3c8f-4534-9d0b-2f7ef7d453d6,subspace-admin,NULL,NULL,NULL
09774e95-5ca3-4f06-9f2c-29c3ea74683e,"2024-05-15 14:56:57.007862","2024-05-15 14:56:57.007862",1,5fe04cd3-74d0-4ea9-8149-9f767e2f01b3,subspace-admin,NULL,NULL,NULL
09d84cb9-9d87-4bb6-b3ba-1d38cd534e09,"2024-05-15 14:56:59.907754","2024-05-15 14:56:59.907754",1,e4686b3a-e65f-4b63-851b-2620aef98a13,subspace-admin,NULL,NULL,NULL
09e33ea4-2ad0-4e03-91d9-cb5e6e42e63e,"2024-05-15 14:57:00.519017","2024-05-15 14:57:00.519017",1,011d4154-1933-4156-8824-3b32d9cc4091,subspace-admin,NULL,NULL,NULL
0a97bf18-6936-4933-b439-782d26256bb6,"2024-05-15 14:56:54.500227","2024-05-15 14:56:54.500227",1,e0ddacca-f11b-4cbf-8a41-1b2c6cf92b71,subspace-admin,NULL,NULL,NULL
0aaebd4e-c6f2-44aa-919e-914134eca8c5,"2024-05-15 14:56:57.600862","2024-05-15 14:56:57.600862",1,c1840e2f-bb08-4690-9c68-292a1a153a86,subspace-admin,NULL,NULL,NULL
0c942525-0c91-445c-9c90-3b3e7ca75576,"2024-05-15 14:57:00.176904","2024-05-15 14:57:00.176904",1,1a1b3643-7af3-4273-9ee6-32d6639e0857,subspace-admin,NULL,NULL,NULL
0cc1f81a-9040-42dd-963d-bfe7c6abbab7,"2024-05-15 14:57:00.604044","2024-05-15 14:57:00.604044",1,d0a97bc4-6208-4582-aab5-8b09891b14f8,subspace-admin,NULL,NULL,NULL
0cdcf655-9351-436d-b46e-cac0ed35964b,"2024-05-15 14:56:57.624462","2024-05-15 14:56:57.624462",1,d0a97bc4-6208-4582-aab5-8b09891b14f8,subspace-admin,NULL,NULL,NULL
0e218fc4-0847-4493-b12f-3089407fa8dc,"2024-05-15 14:57:00.688601","2024-05-15 14:57:00.688601",1,80eb2dba-286b-4620-b84f-18e8253aa0db,subspace-admin,NULL,NULL,NULL
0e349c12-02e0-4231-bff3-4039fc0b41b7,"2024-05-15 14:56:58.084508","2024-05-15 14:56:58.084508",1,b1471469-5e7a-4878-9e7c-87bdb9db920d,subspace-admin,NULL,NULL,NULL
0f25c9ad-e138-4945-8e0e-6a944c5a4a81,"2024-05-15 14:56:54.192971","2024-05-15 14:56:54.192971",1,ad5c3ed3-f72d-443f-92cf-537d2e978c84,subspace-admin,NULL,NULL,NULL
1032d784-ba76-429c-9c9b-51dcbd712ae6,"2024-05-15 14:56:55.229443","2024-05-15 14:56:55.229443",1,dae57a3c-5fa7-4be4-ac1a-bcdf52868d40,subspace-admin,NULL,NULL,NULL
103c437b-7df6-4c9d-a193-e38938a35eb3,"2024-05-15 14:56:59.488773","2024-05-15 14:56:59.488773",1,877ccb9f-c1c9-41a8-926d-c4d550748041,subspace-admin,NULL,NULL,NULL
116eb315-582b-4fc9-b0c9-76a2d2067776,"2024-05-15 14:57:00.084359","2024-05-15 14:57:00.084359",1,e780ff32-883c-43cb-8a0b-a13de9e12af0,subspace-admin,NULL,NULL,NULL
11c5f287-e524-451a-82ba-9706684050fe,"2024-05-15 14:56:59.680827","2024-05-15 14:56:59.680827",1,3aca1587-ad9e-4ed0-ad21-806f80664f9c,subspace-admin,NULL,NULL,NULL
125a13ec-8945-4466-b8ad-dbea005f755c,"2024-05-15 14:56:53.919889","2024-05-15 14:56:53.919889",1,a1b8011b-5298-410b-abd3-03cfbc4e94d0,subspace-admin,NULL,NULL,NULL
128ea6d9-9592-46d5-b6ce-379bc518ca9d,"2024-05-15 14:56:52.900854","2024-05-15 14:56:52.900854",1,127f6fda-29d5-47d3-932f-6db28e906e10,subspace-admin,NULL,NULL,NULL
12b7fe5c-57f4-49f5-b2e9-9d4a657b9de1,"2024-05-15 14:56:52.626648","2024-05-15 14:56:52.626648",1,0cc5457a-e0ad-4c67-87cd-f02fc5a67a7d,subspace-admin,NULL,NULL,NULL
145f421c-a98d-4a6f-8bc5-fbd813cd50dc,"2024-05-15 14:56:53.102694","2024-05-15 14:56:53.102694",1,e4c05efe-e433-404c-b150-81eb6ae10a77,subspace-admin,NULL,NULL,NULL
14a5652d-d224-4646-9d7b-9d79028c6ab3,"2024-05-15 14:56:58.531070","2024-05-15 14:56:58.531070",1,4d0d1b6c-94de-433c-a0b8-64f3a8801c5b,subspace-admin,NULL,NULL,NULL
15d5358e-a585-4db7-9360-90286a94c908,"2024-05-15 14:56:53.206860","2024-05-15 14:56:53.206860",1,7b60f3e6-fced-4c16-8e83-0ad484faac4c,subspace-admin,NULL,NULL,NULL
161b9be0-2084-43a4-9a4c-e37c98a30158,"2024-05-15 14:56:54.806773","2024-05-15 14:56:54.806773",1,3847f73e-8518-45da-99cf-0e00854f715f,subspace-admin,NULL,NULL,NULL
16425c23-343f-45c2-a932-14c5986ce081,"2024-05-15 14:56:58.354952","2024-05-15 14:56:58.354952",1,ee037a0b-bd94-475e-aee2-c0cd4e135cfd,subspace-admin,NULL,NULL,NULL
169931e4-d55a-4e95-bb48-012eb2e32ea2,"2024-05-15 14:56:54.560509","2024-05-15 14:56:54.560509",1,29c96d95-b5e8-443e-ac9d-916c536e4209,subspace-admin,NULL,NULL,NULL
17066d10-2e06-4bb0-8f4f-e7a556a0ee90,"2024-05-15 14:56:52.820212","2024-05-15 14:56:52.820212",1,2e664bdf-4e0b-422d-88f9-d89859ffe916,subspace-admin,NULL,NULL,NULL
1c5da0f2-9de1-41bb-83d7-b1c074740c4a,"2024-05-15 14:56:58.113437","2024-05-15 14:56:58.113437",1,41b43ecb-f31c-4570-a196-68a1a25eb354,subspace-admin,NULL,NULL,NULL
1c83618a-3676-4cda-81e8-b6214d46159c,"2024-05-15 14:56:54.663293","2024-05-15 14:56:54.663293",1,17d9ff1f-d151-4652-8e68-a9134c66be4d,subspace-admin,NULL,NULL,NULL
1d48cfc7-1861-4b61-b7a8-e53dd5e1fbf2,"2024-05-15 14:57:00.629580","2024-05-15 14:57:00.629580",1,a5c24dca-bd7e-4bd6-811b-d97a0c47ba5e,subspace-admin,NULL,NULL,NULL
1d4c2163-a5df-47c5-993f-e41947cee60e,"2024-05-15 14:56:52.313607","2024-05-15 14:56:52.313607",1,e4686b3a-e65f-4b63-851b-2620aef98a13,subspace-admin,NULL,NULL,NULL
1e3309ba-4005-46ef-8e75-4607422fc9d2,"2024-05-15 14:57:00.111264","2024-05-15 14:57:00.111264",1,a1958a23-758b-4ae5-8db1-3bc2c155de5e,subspace-admin,NULL,NULL,NULL
1ece1159-46bf-4817-9537-cd1f1b1a5857,"2024-05-15 14:56:58.672487","2024-05-15 14:56:58.672487",1,d0a97bc4-6208-4582-aab5-8b09891b14f8,subspace-admin,NULL,NULL,NULL
1f09d715-3e5b-400a-b619-01d6353038e4,"2024-05-15 14:56:56.014799","2024-05-15 14:56:56.014799",1,c3c3cc60-065a-4873-bf0b-fd4d6e371455,subspace-admin,NULL,NULL,NULL
1f901edf-57e7-4d2e-96be-8198a1f4b5ac,"2024-05-15 14:56:59.258405","2024-05-15 14:56:59.258405",1,aa5d5bd5-21e6-4b13-8f95-8b9f85c79b26,subspace-admin,NULL,NULL,NULL
1fb15d09-a0a6-49ff-bf1b-afe3f41b2d92,"2024-05-15 14:56:54.363402","2024-05-15 14:56:54.363402",1,2e664bdf-4e0b-422d-88f9-d89859ffe916,subspace-admin,NULL,NULL,NULL
2000fb91-3d6f-4b5e-be9a-362ac0767311,"2024-05-15 14:56:57.546174","2024-05-15 14:56:57.546174",1,127f6fda-29d5-47d3-932f-6db28e906e10,subspace-admin,NULL,NULL,NULL
243d2ff4-95bc-4ca1-a6f8-6249b74939c0,"2024-05-15 14:57:00.333381","2024-05-15 14:57:00.333381",1,e4686b3a-e65f-4b63-851b-2620aef98a13,subspace-admin,NULL,NULL,NULL
243efb57-5ae5-4bb5-a394-f3471971144d,"2024-06-03 08:23:39.302000","2024-06-03 08:23:46.000000",3,fdac5f65-b1f6-4c24-beee-6e20a07736d2,organization-admin,NULL,NULL,NULL
2491c063-cf9e-4eb0-b3b0-35c0f014317a,"2024-05-15 14:56:52.185521","2024-05-15 14:56:52.185521",1,313b9998-0e1e-4609-84d3-e3d69277f070,subspace-admin,NULL,NULL,NULL
2665cca6-6a00-4f2a-95f9-0699d1327aea,"2024-05-15 14:57:00.280359","2024-05-15 14:57:00.280359",1,c412f3a8-7dab-4d57-ab40-7c53d6d2798a,subspace-admin,NULL,NULL,NULL
270c9e15-fd96-488e-bf90-f89ae9040dcd,"2024-05-15 14:56:58.306774","2024-05-15 14:56:58.306774",1,7efe3c41-2041-4efa-909e-3628eb85002a,subspace-admin,NULL,NULL,NULL
27e89a52-a373-4232-81a7-bcb3e82b6b1f,"2024-05-15 14:56:55.416184","2024-05-15 14:56:55.416184",1,421122fe-1105-49d8-a716-8902fcf8424f,subspace-admin,NULL,NULL,NULL
28303433-7f7e-4536-a388-b693134567bc,"2024-05-15 14:56:56.934650","2024-05-15 14:56:56.934650",1,d0a97bc4-6208-4582-aab5-8b09891b14f8,subspace-admin,NULL,NULL,NULL
28537631-df5b-41c7-9554-bfad70bd699b,"2024-05-15 14:56:58.483759","2024-05-15 14:56:58.483759",1,0c1c6cbe-a9b8-4c1a-bfb8-a52e72bdd4e4,subspace-admin,NULL,NULL,NULL
28b31ee4-8811-4aef-9364-eb106d460882,"2024-05-15 14:57:00.436414","2024-05-15 14:57:00.436414",1,b525fe11-acea-465b-be6e-39e886d53233,subspace-admin,NULL,NULL,NULL
28cfe5e6-33a7-4777-8341-dfc533a2a2ff,"2024-05-15 14:56:56.144436","2024-05-15 14:56:56.144436",1,e780ff32-883c-43cb-8a0b-a13de9e12af0,subspace-admin,NULL,NULL,NULL
294ee4ee-9e42-47ea-adc7-0ebecb2fd411,"2024-05-15 14:56:54.094348","2024-05-15 14:56:54.094348",1,aa120d49-47ee-4db0-af11-13f14a42d8c4,subspace-admin,NULL,NULL,NULL
2a1504cf-8dd9-4e52-a612-d056d24c432b,"2024-05-15 14:56:57.752546","2024-05-15 14:56:57.752546",1,null,subspace-admin,NULL,NULL,NULL
2a31a12f-a469-47b9-ac42-cf0d835bdc7f,"2024-05-15 14:56:55.654043","2024-05-15 14:56:55.654043",1,7efe3c41-2041-4efa-909e-3628eb85002a,subspace-admin,NULL,NULL,NULL
2bbd861d-9a3f-49c7-9ea0-c17d2e434455,"2024-05-15 14:56:59.547497","2024-05-15 14:56:59.547497",1,585116ea-a173-4f99-83a3-cea2e4a2be66,subspace-admin,NULL,NULL,NULL
2bc3e206-698f-45b8-972f-acdc165b77f4,"2024-05-15 14:56:55.759997","2024-05-15 14:56:55.759997",1,29c96d95-b5e8-443e-ac9d-916c536e4209,subspace-admin,NULL,NULL,NULL
2bf5ba59-56e8-462c-95cd-8f5ea06cdc79,"2024-05-15 14:56:54.446922","2024-05-15 14:56:54.446922",1,2e664bdf-4e0b-422d-88f9-d89859ffe916,subspace-admin,NULL,NULL,NULL
2ecf212c-5c16-4f41-b4fb-5522eda5643e,"2024-05-15 14:56:53.125399","2024-05-15 14:56:53.125399",1,29c96d95-b5e8-443e-ac9d-916c536e4209,subspace-admin,NULL,NULL,NULL
2f139193-42b5-4cef-af63-c45791a29794,"2024-05-15 14:56:59.228333","2024-05-15 14:56:59.228333",1,421122fe-1105-49d8-a716-8902fcf8424f,subspace-admin,NULL,NULL,NULL
2f7a9810-fe95-4158-8859-92e07bf58a93,"2024-05-15 14:56:54.957161","2024-05-15 14:56:54.957161",1,d251b9f3-19cd-40c3-ac2e-9d0914267e04,subspace-admin,NULL,NULL,NULL
2f93bf40-989d-454e-a0c2-10a629621d67,"2024-05-15 14:56:58.459764","2024-05-15 14:56:58.459764",1,35dadb01-be90-44e9-858a-e9d5832d5351,subspace-admin,NULL,NULL,NULL
2fe44c18-bc6e-410a-998d-e806e358ea31,"2024-05-15 14:56:56.372718","2024-05-15 14:56:56.372718",1,1a1b3643-7af3-4273-9ee6-32d6639e0857,subspace-admin,NULL,NULL,NULL
2ffb2a52-e914-4612-9aab-149aaf9f868e,"2024-05-15 14:56:55.359489","2024-05-15 14:56:55.359489",1,0b3c029d-efa3-4963-a33d-81f979695207,subspace-admin,NULL,NULL,NULL
303505e8-e992-4d17-8441-4531faf15871,"2024-05-15 14:56:58.837999","2024-05-15 14:56:58.837999",1,7b9f33c5-0853-483e-8e5d-172be2e616f0,subspace-admin,NULL,NULL,NULL
30d9a8d5-5048-419b-ad79-9e7c85bded9b,"2024-05-15 14:56:53.318395","2024-05-15 14:56:53.318395",1,65534dc9-bc42-48d4-8703-976a9eac5c1c,subspace-admin,NULL,NULL,NULL
311c5828-76d8-4b36-a2bf-76e16a4af488,"2024-05-15 14:56:53.181850","2024-05-15 14:56:53.181850",1,8cd6b7f9-3983-4b9d-b8b8-d1d454f7f4ae,subspace-admin,NULL,NULL,NULL
31dbe010-06fb-40e3-9776-15420a756f67,"2024-05-15 14:56:52.977003","2024-05-15 14:56:52.977003",1,799d9422-1fde-4ec9-8828-868bd1b05201,subspace-admin,NULL,NULL,NULL
32049199-3949-4f46-b42c-874e5ac40960,"2024-05-15 14:56:55.594109","2024-05-15 14:56:55.594109",1,473fff73-624a-4d87-b983-0c010e3dba62,subspace-admin,NULL,NULL,NULL
329ef011-c95f-46e9-a411-77e912839e8d,"2024-05-15 14:56:58.999015","2024-05-15 14:56:58.999015",1,04d43f30-ae54-4d8d-bfe2-e6feca516db7,subspace-admin,NULL,NULL,NULL
32f7e647-1eeb-4fd8-9af1-cf575a3ce0a9,"2024-05-15 14:56:58.161100","2024-05-15 14:56:58.161100",1,f3df2176-fadf-41db-8f41-f179a895ca54,subspace-admin,NULL,NULL,NULL
3387c998-fff8-499e-947e-4a56e8187e18,"2024-05-15 14:56:56.859144","2024-05-15 14:56:56.859144",1,ca085ad7-bcdb-4e37-93c1-d2cd9866fc8d,subspace-admin,NULL,NULL,NULL
358f750f-243e-48be-8577-8be3b0de93bd,"2024-05-15 14:56:56.634442","2024-05-15 14:56:56.634442",1,1345a707-c23f-46f7-8d70-3fec3025251f,subspace-admin,NULL,NULL,NULL
361b5d38-2cf6-47e8-99fc-8a0d2f98a41a,"2024-05-15 14:56:57.198252","2024-05-15 14:56:57.198252",1,51029b8a-0b2c-4c9b-a948-333a96f6c3a7,subspace-admin,NULL,NULL,NULL
39761ecb-c3f3-47cc-8091-ddcb8a55f48c,"2024-05-15 14:56:54.529313","2024-05-15 14:56:54.529313",1,5ed7b5e1-fe75-4924-945f-14a8fcd66494,subspace-admin,NULL,NULL,NULL
3b5ee0fc-7702-4eb4-b6e7-39ceaa8fb0da,"2024-05-15 14:56:56.433829","2024-05-15 14:56:56.433829",1,4a63b0cd-b9d8-4da8-9a12-acf9d749f264,subspace-admin,NULL,NULL,NULL
3c3b26c1-d770-43c7-a709-41ba219b1e59,"2024-05-16 07:16:32.032380","2024-05-16 07:16:33.000000",4,fef27e70-38c4-4423-893e-f2fd8e71afae,organization-associate,NULL,NULL,NULL
3d0277f5-0717-4164-80ca-bc02c4cc39e6,"2024-05-15 14:56:58.137343","2024-05-15 14:56:58.137343",1,ba1c575c-68ed-4382-8acb-a9f8eccfa226,subspace-admin,NULL,NULL,NULL
3d818b39-725e-4f22-a3cd-f866b712fe2f,"2024-05-15 14:56:52.730125","2024-05-15 14:56:52.730125",1,d0a97bc4-6208-4582-aab5-8b09891b14f8,subspace-admin,NULL,NULL,NULL
3ea3330c-b1f9-4ab8-8ee6-1a12c20d27b2,"2024-05-15 14:57:00.253425","2024-05-15 14:57:00.253425",1,29dbe035-1692-4b6b-9fb0-60147e385f5b,subspace-admin,NULL,NULL,NULL
408dc02d-2213-4e55-8241-a88e84cdeb2b,"2024-05-15 14:56:58.220379","2024-05-15 14:56:58.220379",1,d0a97bc4-6208-4582-aab5-8b09891b14f8,subspace-admin,NULL,NULL,NULL
40e72dec-167d-4af3-8175-5d86f7443913,"2024-05-15 14:56:52.678894","2024-05-15 14:56:52.678894",1,1a7485b7-d025-4306-a87a-9ec79b33cf68,subspace-admin,NULL,NULL,NULL
419b7ff2-3bf2-4c5d-ad77-31c25393c90d,"2024-05-15 14:56:52.063577","2024-05-15 14:56:52.063577",1,1a27b8fd-43b7-4102-88e4-8e6f0c5676c7,subspace-admin,NULL,NULL,NULL
42d90ae5-99d2-4752-adb4-6fba9b51c963,"2024-05-15 14:56:59.169800","2024-05-15 14:56:59.169800",1,5032ac5f-4488-46b5-9940-7599155d8d53,subspace-admin,NULL,NULL,NULL
436c2ce4-fbcb-4d54-b37d-ff002a79679a,"2024-05-15 14:56:57.173421","2024-05-15 14:56:57.173421",1,e4686b3a-e65f-4b63-851b-2620aef98a13,subspace-admin,NULL,NULL,NULL
4522e3f9-2281-4184-909e-c23b810db484,"2024-05-15 14:56:53.648261","2024-05-15 14:56:53.648261",1,068eece4-aeb5-48d2-abf5-5062d91a500a,subspace-admin,NULL,NULL,NULL
4664700a-7021-464d-9047-846d32b5ee65,"2024-05-15 14:56:55.936312","2024-05-15 14:56:55.936312",1,c981525a-5635-4524-b786-11ef45bfd1c8,subspace-admin,NULL,NULL,NULL
46b1c64f-d113-4c82-9f29-6f75d83313b0,"2024-05-15 14:56:58.810797","2024-05-15 14:56:58.810797",1,47866aee-98ab-4348-98ea-1b430a819677,subspace-admin,NULL,NULL,NULL
4753e424-656b-47d7-80dd-4153fa9707f3,"2024-05-15 14:56:56.982530","2024-05-15 14:56:56.982530",1,66f6429d-bb19-4061-8dfe-7fd8559ac46a,subspace-admin,NULL,NULL,NULL
47d20d67-2518-4902-becb-ef50bc5c0768,"2024-05-15 14:56:52.575701","2024-05-15 14:56:52.575701",1,e4c05efe-e433-404c-b150-81eb6ae10a77,subspace-admin,NULL,NULL,NULL
48426651-431b-48aa-b5e5-b1121c8203d1,"2024-05-15 14:56:57.031495","2024-05-15 14:56:57.031495",1,5fe04cd3-74d0-4ea9-8149-9f767e2f01b3,subspace-admin,NULL,NULL,NULL
48a6b317-5942-4cff-8a63-e61ec7b0ebd3,"2024-05-15 14:56:58.939921","2024-05-15 14:56:58.939921",1,b746a4e6-58c0-4ed5-94b4-58e6909a9173,subspace-admin,NULL,NULL,NULL
49a9c756-5231-4365-b195-de9164b2de93,"2024-05-15 14:56:57.513908","2024-05-15 14:56:57.513908",1,69a14f13-48f3-4f94-a41d-120e452fda39,subspace-admin,NULL,NULL,NULL
4a00abff-2fbc-47bd-beae-e2bc7982bfff,"2024-05-15 14:56:53.428087","2024-05-15 14:56:53.428087",1,8fb7ea19-caae-4023-afde-5b0db7df8183,subspace-admin,NULL,NULL,NULL
4a00b737-8097-4896-be16-6779425254ce,"2024-05-15 14:56:54.117243","2024-05-15 14:56:54.117243",1,473fff73-624a-4d87-b983-0c010e3dba62,subspace-admin,NULL,NULL,NULL
4aaa56ed-ab7d-48b1-9dd3-0b73656f063e,"2024-05-15 14:56:58.701689","2024-05-15 14:56:58.701689",1,e780ff32-883c-43cb-8a0b-a13de9e12af0,subspace-admin,NULL,NULL,NULL
4ab2ebf1-9f73-4261-89fd-9c110db6db5b,"2024-05-15 14:56:59.727909","2024-05-15 14:56:59.727909",1,186f2813-cba1-4db6-8f63-05dedfc89ac5,subspace-admin,NULL,NULL,NULL
4c1dc285-a50a-4684-a5d4-c5c59ff66e41,"2024-05-15 14:56:59.342814","2024-05-15 14:56:59.342814",1,29c96d95-b5e8-443e-ac9d-916c536e4209,subspace-admin,NULL,NULL,NULL
4cc888cd-b09f-42a8-ade9-16f2d6324e7b,"2024-05-15 14:56:57.323171","2024-05-15 14:56:57.323171",1,4275042c-557c-4aea-95fd-0fe61a42e9e5,subspace-admin,NULL,NULL,NULL
4dcd7c65-13f5-40e7-8803-0fd857bf1e64,"2024-05-15 14:56:56.711431","2024-05-15 14:56:56.711431",1,80ce619d-6398-47d6-8208-90e0cf4b0b09,subspace-admin,NULL,NULL,NULL
4f933b10-e178-4467-9d28-84b2dbb645ac,"2024-05-15 14:56:57.249266","2024-05-15 14:56:57.249266",1,421122fe-1105-49d8-a716-8902fcf8424f,subspace-admin,NULL,NULL,NULL
51804bbd-6b63-4fba-8eb0-44101e102ac8,"2024-06-05 14:44:19.359428","2024-06-05 14:44:19.000000",3,97b4b0f2-394a-4282-be07-9cbc32d8d75b,space-lead,NULL,NULL,NULL
538de900-cdce-4353-997f-b73106d28f7b,"2024-05-15 14:56:56.320623","2024-05-15 14:56:56.320623",1,07934601-19b2-4007-b9a8-893884d79acf,subspace-admin,NULL,NULL,NULL
53bfcaa1-252e-499c-a275-ea802cd6298d,"2024-05-15 14:56:56.910614","2024-05-15 14:56:56.910614",1,78707e4d-3731-435d-91ac-e9fcc6ad5118,subspace-admin,NULL,NULL,NULL
546e31de-3837-49b8-8483-276eb5aadda4,"2024-05-15 14:56:55.011721","2024-05-15 14:56:55.011721",1,97598c99-9b32-471c-b28a-fe98b3d5a3f4,subspace-admin,NULL,NULL,NULL
54f06d56-9d3a-4196-84cd-628a1f237bfe,"2024-05-15 14:56:53.399797","2024-05-15 14:56:53.399797",1,913ee33f-2ef0-4b63-adce-51df54a37937,subspace-admin,NULL,NULL,NULL
55096004-2589-4a69-a291-48165d55a2b5,"2024-05-15 14:56:54.224618","2024-05-15 14:56:54.224618",1,ee037a0b-bd94-475e-aee2-c0cd4e135cfd,subspace-admin,NULL,NULL,NULL
55c34e0b-4423-4c4b-b3c3-cc648d75328d,"2024-05-15 14:56:54.031366","2024-05-15 14:56:54.031366",1,17d9ff1f-d151-4652-8e68-a9134c66be4d,subspace-admin,NULL,NULL,NULL
55e29cb9-1dde-4eda-a6f6-df0d5f98dbfa,"2024-05-15 14:56:58.639650","2024-05-15 14:56:58.639650",1,2e664bdf-4e0b-422d-88f9-d89859ffe916,subspace-admin,NULL,NULL,NULL
55faa94f-2493-4786-8e72-819392a2967f,"2024-05-15 14:56:55.161803","2024-05-15 14:56:55.161803",1,5a861fa5-9eda-4da5-a398-85e617994b30,subspace-admin,NULL,NULL,NULL
571242e0-1ca3-48c2-ac45-11d490eeb485,"2024-05-15 14:56:57.464993","2024-05-15 14:56:57.464993",1,799d9422-1fde-4ec9-8828-868bd1b05201,subspace-admin,NULL,NULL,NULL
575feb8c-8123-4339-b701-bb2fe9dbb6d6,"2024-05-15 14:56:55.090516","2024-05-15 14:56:55.090516",1,0c4e0e5d-96d5-4178-bf07-8940a13dba5a,subspace-admin,NULL,NULL,NULL
58d9bf67-b76f-47cb-8bb8-17f68c3d5782,"2024-05-15 14:56:52.551751","2024-05-15 14:56:52.551751",1,null,subspace-admin,NULL,NULL,NULL
599bfcbf-5960-4f99-b512-5805594e3928,"2024-05-15 14:56:52.653245","2024-05-15 14:56:52.653245",1,c981525a-5635-4524-b786-11ef45bfd1c8,subspace-admin,NULL,NULL,NULL
5a79166a-05e8-492f-876c-f3b055e19b5f,"2024-05-15 14:56:59.419662","2024-05-15 14:56:59.419662",1,c603cb6a-b7ba-42e0-94d0-225e2a0f669f,subspace-admin,NULL,NULL,NULL
5d3a4d73-ec52-4f6b-b851-3a6e73170edb,"2024-05-15 14:57:00.207098","2024-05-15 14:57:00.207098",1,c3c3cc60-065a-4873-bf0b-fd4d6e371455,subspace-admin,NULL,NULL,NULL
5daeac50-37f6-4b66-ae15-ca6a55afd1aa,"2024-05-15 14:56:58.610479","2024-05-15 14:56:58.610479",1,e4686b3a-e65f-4b63-851b-2620aef98a13,subspace-admin,NULL,NULL,NULL
5dd76841-fd85-47c6-a2fd-dd3c5964be0e,"2024-05-15 14:56:52.790789","2024-05-15 14:56:52.790789",1,127f6fda-29d5-47d3-932f-6db28e906e10,subspace-admin,NULL,NULL,NULL
5de6e56d-8667-4b95-850e-cb1a6fec9365,"2024-05-15 14:56:53.672684","2024-05-15 14:56:53.672684",1,2e664bdf-4e0b-422d-88f9-d89859ffe916,subspace-admin,NULL,NULL,NULL
5f8fd110-2246-4950-81e1-c1d65ad4f106,"2024-05-15 14:57:00.229877","2024-05-15 14:57:00.229877",1,f67f316c-4ca4-4f6b-9102-b3fa96bfd725,subspace-admin,NULL,NULL,NULL
5fcd07cf-8cd2-4ceb-974c-2b8380e2ec74,"2024-05-15 14:56:55.466996","2024-05-15 14:56:55.466996",1,4d0d1b6c-94de-433c-a0b8-64f3a8801c5b,subspace-admin,NULL,NULL,NULL
5fd746ed-b1ac-4f62-bbc3-aceb71fac016,"2024-05-16 07:16:32.916699","2024-05-16 07:19:33.000000",3,fef27e70-38c4-4423-893e-f2fd8e71afae,organization-admin,NULL,NULL,NULL
5fe0c0be-1dd7-4412-be5a-b641ea10788d,"2024-05-15 14:56:52.873474","2024-05-15 14:56:52.873474",1,23718940-7eff-4b66-9d4f-9b5650aab618,subspace-admin,NULL,NULL,NULL
603d5820-09ea-4a43-83d8-83bab7951fc7,"2024-05-15 14:56:54.584240","2024-05-15 14:56:54.584240",1,1e682e3a-f85e-44a8-91ea-9506d7114918,subspace-admin,NULL,NULL,NULL
6051c086-c126-41f8-9692-6155c677ddc4,"2024-05-15 14:57:00.005658","2024-05-15 14:57:00.005658",1,14a7cc58-5f53-4bb5-98f1-02287442e538,subspace-admin,NULL,NULL,NULL
62727a0b-512a-401a-b0a1-a3a66c782698,"2024-05-15 14:56:57.987445","2024-05-15 14:56:57.987445",1,f3904bdf-fc8e-4b51-a591-e28181bb7c0b,subspace-admin,NULL,NULL,NULL
651c0c11-0dc2-4447-b6d4-d7029741204d,"2024-05-15 14:56:58.507681","2024-05-15 14:56:58.507681",1,86554157-22b6-4d13-b06d-d86155983eee,subspace-admin,NULL,NULL,NULL
6546e797-5778-46ce-9899-dc25b8a25eea,"2024-05-15 14:56:55.108989","2024-05-15 14:56:55.108989",1,ca085ad7-bcdb-4e37-93c1-d2cd9866fc8d,subspace-admin,NULL,NULL,NULL
66069cf1-16b2-410d-b40d-301cfd9cb6c7,"2024-05-15 14:56:53.510826","2024-05-15 14:56:53.510826",1,caa8313e-135e-4467-9f4d-eabfffaf9936,subspace-admin,NULL,NULL,NULL
66e27b45-b733-496a-bc72-14c92a53144c,"2024-05-15 14:56:57.371928","2024-05-15 14:56:57.371928",1,29c96d95-b5e8-443e-ac9d-916c536e4209,subspace-admin,NULL,NULL,NULL
68c11e5e-884c-4f14-9175-04774e817afb,"2024-05-15 14:56:57.059250","2024-05-15 14:56:57.059250",1,ae3360c0-d7ab-4eb5-b353-b3610042dca8,subspace-admin,NULL,NULL,NULL
697f8aa2-8499-4611-b6bb-27f0b4801499,"2024-05-15 14:56:53.003824","2024-05-15 14:56:53.003824",1,25ef9982-ea80-48d4-9547-4bb39770d634,subspace-admin,NULL,NULL,NULL
69c54228-1f7e-4e36-af50-a0bb8d91b1ba,"2024-05-15 14:56:55.704514","2024-05-15 14:56:55.704514",1,ee037a0b-bd94-475e-aee2-c0cd4e135cfd,subspace-admin,NULL,NULL,NULL
6a7254a5-6392-4d87-98ff-074a22b6df4a,"2024-05-15 14:56:59.936678","2024-05-15 14:56:59.936678",1,ad5c3ed3-f72d-443f-92cf-537d2e978c84,subspace-admin,NULL,NULL,NULL
6cd49b22-2bca-4c98-9d2b-ac538a99c7d2,"2024-05-15 14:56:57.145154","2024-05-15 14:56:57.145154",1,f9bab599-32e8-4232-9d1e-f7d898958ede,subspace-admin,NULL,NULL,NULL
6ce2836d-1373-43eb-8a19-29b4159311a9,"2024-05-15 14:56:57.573624","2024-05-15 14:56:57.573624",1,e4686b3a-e65f-4b63-851b-2620aef98a13,subspace-admin,NULL,NULL,NULL
6d0385c6-f3bf-441b-ad60-dd7bba6c8581,"2024-05-15 14:56:59.110841","2024-05-15 14:56:59.110841",1,71df97c2-268b-4356-898b-01d7a419eeec,subspace-admin,NULL,NULL,NULL
6daf36e4-5185-4aa4-aeb7-9886001430d5,"2024-05-15 14:57:00.578642","2024-05-15 14:57:00.578642",1,a7e9fa18-4595-41c8-b27f-d4a091a53baf,subspace-admin,NULL,NULL,NULL
6e393791-12a1-466c-9af0-9b57424ab9a6,"2024-05-15 14:56:58.913198","2024-05-15 14:56:58.913198",1,29c96d95-b5e8-443e-ac9d-916c536e4209,subspace-admin,NULL,NULL,NULL
7262f47e-7170-479c-adb5-c165a8d23456,"2024-05-15 14:56:58.585657","2024-05-15 14:56:58.585657",1,cadea637-f418-4f1e-896c-2fc590c800ae,subspace-admin,NULL,NULL,NULL
72aab8b3-3f48-4e0d-90dd-81b8a79f81b7,"2024-05-15 14:56:58.281781","2024-05-15 14:56:58.281781",1,b60f7c9b-ac20-48f4-84c2-4394b9412376,subspace-admin,NULL,NULL,NULL
72eb28be-adb8-41fe-b1dd-17d93673c135,"2024-05-15 14:56:56.266758","2024-05-15 14:56:56.266758",1,56645bfb-6c93-46f6-98b2-3e19cd30b8a6,subspace-admin,NULL,NULL,NULL
73b6ce69-adae-463a-8fd0-011223d5cc25,"2024-05-15 14:56:54.713971","2024-05-15 14:56:54.713971",1,67addbeb-d37e-4f28-8c9c-f120001bc967,subspace-admin,NULL,NULL,NULL
73be7462-950c-48ea-b3b4-9604ce3a17e9,"2024-05-15 14:56:59.623335","2024-05-15 14:56:59.623335",1,56645bfb-6c93-46f6-98b2-3e19cd30b8a6,subspace-admin,NULL,NULL,NULL
74079dfa-a28c-47db-85a5-98bcbf37c49e,"2024-05-15 14:56:52.601638","2024-05-15 14:56:52.601638",1,f87ce4ca-dcf9-439b-b30c-b55fd5bc6a7a,subspace-admin,NULL,NULL,NULL
743dd452-2ed6-4200-9322-5a1e7af1b7eb,"2024-05-15 14:56:57.672248","2024-05-15 14:56:57.672248",1,f7ae7dc4-9d22-4793-b5b9-67d0d55f2f5e,subspace-admin,NULL,NULL,NULL
74b5559f-f37c-47cf-be20-0b6ea18cf049,"2024-05-15 14:56:56.519950","2024-05-15 14:56:56.519950",1,25ebdb0c-7199-427c-bb01-37b7e550d9df,subspace-admin,NULL,NULL,NULL
7543a736-5a0d-4a69-b6a4-e04ba4a34795,"2024-05-15 14:56:54.422499","2024-05-15 14:56:54.422499",1,799d9422-1fde-4ec9-8828-868bd1b05201,subspace-admin,NULL,NULL,NULL
75b44f45-cd81-4955-80fa-84ac2d67553f,"2024-05-15 14:56:53.587359","2024-05-15 14:56:53.587359",1,34863de4-f7f7-4caa-b30c-7e34a938c416,subspace-admin,NULL,NULL,NULL
75f14f98-d6bf-40fc-8a9d-be4eaac088a0,"2024-05-15 14:56:56.884295","2024-05-15 14:56:56.884295",1,0cc5457a-e0ad-4c67-87cd-f02fc5a67a7d,subspace-admin,NULL,NULL,NULL
76dbf4e0-f886-467c-a241-9cd3782fef43,"2024-05-15 14:56:59.597794","2024-05-15 14:56:59.597794",1,04d43f30-ae54-4d8d-bfe2-e6feca516db7,subspace-admin,NULL,NULL,NULL
77f3aca4-6249-4911-ac58-418cea8b1fa0,"2024-05-15 14:56:57.298392","2024-05-15 14:56:57.298392",1,e4686b3a-e65f-4b63-851b-2620aef98a13,subspace-admin,NULL,NULL,NULL
783566df-ca87-4d35-b14b-188772369f1d,"2024-05-15 14:56:55.040953","2024-05-15 14:56:55.040953",1,b5bc8f22-888e-4de9-8420-345ed3edb900,subspace-admin,NULL,NULL,NULL
78806b2d-0b1d-4edb-92a3-c9517d1287c7,"2024-05-15 14:56:55.133160","2024-05-15 14:56:55.133160",1,e4686b3a-e65f-4b63-851b-2620aef98a13,subspace-admin,NULL,NULL,NULL
7b727cd2-b8dd-4a28-a24a-a24c53a63574,"2024-05-15 14:56:55.679893","2024-05-15 14:56:55.679893",1,1c73760e-b395-4492-a05c-45cb9c62c97c,subspace-admin,NULL,NULL,NULL
7e78233e-f074-4890-afaa-e03e514d49f1,"2024-05-15 14:56:54.930809","2024-05-15 14:56:54.930809",1,c9cc9550-41c8-4a45-8d3d-c77fa17860a4,subspace-admin,NULL,NULL,NULL
80ebda6b-19d1-4dbb-a1ba-b3f39c0d3829,"2024-05-15 14:56:53.832806","2024-05-15 14:56:53.832806",1,250fc494-8e8b-4003-892a-beefcc542c8d,subspace-admin,NULL,NULL,NULL
825542f8-3d47-42b2-a4e6-da0d02fa0a34,"2024-05-15 14:56:56.235170","2024-05-15 14:56:56.235170",1,4ccd3004-9435-482b-959b-3ab8225f1f1e,subspace-admin,NULL,NULL,NULL
82570838-a795-45de-9f12-bf32e4832a8f,"2024-05-15 14:56:55.628196","2024-05-15 14:56:55.628196",1,473fff73-624a-4d87-b983-0c010e3dba62,subspace-admin,NULL,NULL,NULL
836c3c6d-8d93-4ed9-92cd-0d5df7e1a841,"2024-05-15 14:56:56.096195","2024-05-15 14:56:56.096195",1,4a63b0cd-b9d8-4da8-9a12-acf9d749f264,subspace-admin,NULL,NULL,NULL
84ed60fc-9bf5-4470-800f-ec3fec1e22f6,"2024-05-15 14:56:59.392373","2024-05-15 14:56:59.392373",1,fad55b90-3639-4e93-88c8-d0c295027c55,subspace-admin,NULL,NULL,NULL
85149798-7e12-41c9-967d-7c95c614c8f1,"2024-06-03 08:23:17.445000","2024-06-03 08:23:26.000000",2,640d9f3c-aeba-4093-a763-4c64a16aeb2b,organization-admin,NULL,NULL,NULL
853d7f9b-854d-4ad2-892f-398b3229b566,"2024-05-15 14:56:53.726974","2024-05-15 14:56:53.726974",1,4e687dbf-4198-4d5d-b3c3-106e9652b7b7,subspace-admin,NULL,NULL,NULL
859806b0-c950-43a9-aa23-3cdf4037fea5,"2024-05-15 14:56:57.397647","2024-05-15 14:56:57.397647",1,1a1b3643-7af3-4273-9ee6-32d6639e0857,subspace-admin,NULL,NULL,NULL
8649d020-f421-47d0-ab0e-3648d187dd2e,"2024-05-15 14:56:57.346050","2024-05-15 14:56:57.346050",1,473fff73-624a-4d87-b983-0c010e3dba62,subspace-admin,NULL,NULL,NULL
86680704-1dd3-41f0-bd7f-cb3f89bb5e6d,"2024-05-15 14:56:53.808229","2024-05-15 14:56:53.808229",1,29c96d95-b5e8-443e-ac9d-916c536e4209,subspace-admin,NULL,NULL,NULL
880951b8-c56c-4089-9200-f12c1a2eef49,"2024-05-15 14:56:52.926514","2024-05-15 14:56:52.926514",1,e4686b3a-e65f-4b63-851b-2620aef98a13,subspace-admin,NULL,NULL,NULL
88806ce1-0d4e-4065-a86f-e010ed44757c,"2024-05-15 14:56:54.395801","2024-05-15 14:56:54.395801",1,b6f3db3c-a33b-43d2-84d2-21e642ecfedd,subspace-admin,NULL,NULL,NULL
8afdd0e3-2804-48c0-8c42-20fe40e2e85c,"2024-06-03 08:23:17.547000","2024-06-03 08:23:50.000000",2,a3800c71-ec5e-484d-a90c-f87d53f54271,organization-admin,NULL,NULL,NULL
8c31214c-6112-4976-8f8d-3d038a0637d3,"2024-05-15 14:56:53.156081","2024-05-15 14:56:53.156081",1,e4686b3a-e65f-4b63-851b-2620aef98a13,subspace-admin,NULL,NULL,NULL
8cddad47-cc97-44d7-b8c3-95e955eb3152,"2024-05-15 14:56:59.833990","2024-05-15 14:56:59.833990",1,41c58946-9b3f-4b24-9ec1-764733d77456,subspace-admin,NULL,NULL,NULL
8db9d8d0-824a-4513-8ed0-e338e6b1ae6a,"2024-05-15 14:56:52.339409","2024-05-15 14:56:52.339409",1,127f6fda-29d5-47d3-932f-6db28e906e10,subspace-admin,NULL,NULL,NULL
8dde54e3-94f1-4a36-9abe-d3f3183a30af,"2024-05-15 14:56:56.660608","2024-05-15 14:56:56.660608",1,ca085ad7-bcdb-4e37-93c1-d2cd9866fc8d,subspace-admin,NULL,NULL,NULL
8df6d97e-01ea-44db-bbac-cdbe69ea1642,"2024-05-15 14:57:00.360184","2024-05-15 14:57:00.360184",1,0c4e0e5d-96d5-4178-bf07-8940a13dba5a,subspace-admin,NULL,NULL,NULL
8ec22133-bded-42f8-b0f9-f6a0e6b0f2c5,"2024-05-15 14:56:59.054874","2024-05-15 14:56:59.054874",1,799d9422-1fde-4ec9-8828-868bd1b05201,subspace-admin,NULL,NULL,NULL
8ede1d72-1363-4b66-9b45-7ba30ddb492d,"2024-05-15 14:56:58.962562","2024-05-15 14:56:58.962562",1,421122fe-1105-49d8-a716-8902fcf8424f,subspace-admin,NULL,NULL,NULL
8fd8c06b-d00c-4f43-a502-d4f8e4a034b9,"2024-05-15 14:56:53.341519","2024-05-15 14:56:53.341519",1,fd802435-dd55-42e2-8f68-be0302bb5e51,subspace-admin,NULL,NULL,NULL
9167ecc6-ceda-45ed-a5a8-05732ecce1a6,"2024-05-15 14:56:55.330926","2024-05-15 14:56:55.330926",1,f9bab599-32e8-4232-9d1e-f7d898958ede,subspace-admin,NULL,NULL,NULL
9312fb51-217f-4fd3-92c1-396ec21fae06,"2024-05-15 14:56:58.862385","2024-05-15 14:56:58.862385",1,66f6429d-bb19-4061-8dfe-7fd8559ac46a,subspace-admin,NULL,NULL,NULL
93d25780-5bb5-4e48-af7b-21876b42c8cd,"2024-05-15 14:56:59.367272","2024-05-15 14:56:59.367272",1,c9cc9550-41c8-4a45-8d3d-c77fa17860a4,subspace-admin,NULL,NULL,NULL
946b8ce2-5786-4109-be5e-6e6428110d52,"2024-05-15 14:56:56.685600","2024-05-15 14:56:56.685600",1,a49e0f8f-c9fc-4f95-aad7-fee2494672a9,subspace-admin,NULL,NULL,NULL
94813229-dda0-4c3b-97c3-2f8abb54a47d,"2024-06-03 08:23:38.389000","2024-06-03 08:23:44.000000",3,fdac5f65-b1f6-4c24-beee-6e20a07736d2,organization-associate,NULL,NULL,NULL
95b5a4b3-5b03-45f1-a966-bd4e35e4482d,"2024-05-15 14:56:56.405717","2024-05-15 14:56:56.405717",1,04d43f30-ae54-4d8d-bfe2-e6feca516db7,subspace-admin,NULL,NULL,NULL
96c7312b-fb07-42f3-9499-c1368b2ade26,"2024-05-15 14:56:57.781628","2024-05-15 14:56:57.781628",1,4ccd3004-9435-482b-959b-3ab8225f1f1e,subspace-admin,NULL,NULL,NULL
973f3375-9041-4324-b154-a907e11942e6,"2024-05-15 14:57:00.544099","2024-05-15 14:57:00.544099",1,29c96d95-b5e8-443e-ac9d-916c536e4209,subspace-admin,NULL,NULL,NULL
97733fc5-0cbf-463a-a2fd-cd2f323f5c02,"2024-05-15 14:56:55.492293","2024-05-15 14:56:55.492293",1,9cbad25f-8817-4d77-8736-c69b7ac63daf,subspace-admin,NULL,NULL,NULL
979d13f3-71c6-4275-b6ad-0404b5f97b0e,"2024-05-15 14:57:00.461740","2024-05-15 14:57:00.461740",1,224e9b46-b9d1-4d87-8e26-bd7aaa9ff6b4,subspace-admin,NULL,NULL,NULL
984df3de-a417-492e-a630-69738ea619ef,"2024-05-15 14:56:59.786526","2024-05-15 14:56:59.786526",1,c8c62aa1-70ee-4bc5-999b-4c106fbda4ad,subspace-admin,NULL,NULL,NULL
99293d2c-d491-4cfc-98c6-c0fc442dd486,"2024-05-15 14:56:59.138719","2024-05-15 14:56:59.138719",1,57da85d5-77fd-4efe-9c32-c5b818588fde,subspace-admin,NULL,NULL,NULL
9a62ef13-18a3-4204-9cb1-57835445510d,"2024-05-15 14:56:57.874784","2024-05-15 14:56:57.874784",1,30aff4bf-442d-4775-8fb3-c46aa45d4dcc,subspace-admin,NULL,NULL,NULL
9b11d660-f3cf-4558-a72c-d83cf555a334,"2024-05-15 14:56:57.727780","2024-05-15 14:56:57.727780",1,421122fe-1105-49d8-a716-8902fcf8424f,subspace-admin,NULL,NULL,NULL
9b2be7de-5570-46a3-a3de-c96acd45aefd,"2024-05-15 14:56:59.513405","2024-05-15 14:56:59.513405",1,a4d739b5-fef3-46ba-863d-971760b58f78,subspace-admin,NULL,NULL,NULL
9b3bed83-7daf-45b0-b926-5b09134a86b9,"2024-05-15 14:56:53.294607","2024-05-15 14:56:53.294607",1,573d25dc-2304-415a-98b5-660be7aea1a8,subspace-admin,NULL,NULL,NULL
9b74bec4-d2f5-447c-9dcb-ca9eb6641831,"2024-05-15 14:56:52.366874","2024-05-15 14:56:52.366874",1,570dad00-eb6c-4620-9d9f-52eab48ff753,subspace-admin,NULL,NULL,NULL
9ba0fa60-ec78-4be5-a733-e61563cfecc2,"2024-05-15 14:56:57.926777","2024-05-15 14:56:57.926777",1,49ff6429-4c72-4c7d-adb7-d08e352f0a88,subspace-admin,NULL,NULL,NULL
9ba1868b-f672-4ae4-a060-6a8e03844cef,"2024-05-15 14:56:56.957625","2024-05-15 14:56:56.957625",1,25ef9982-ea80-48d4-9547-4bb39770d634,subspace-admin,NULL,NULL,NULL
9c268d94-50f6-4667-8830-90d5960671c4,"2024-05-15 14:56:53.753205","2024-05-15 14:56:53.753205",1,e4686b3a-e65f-4b63-851b-2620aef98a13,subspace-admin,NULL,NULL,NULL
9c33a127-e628-4512-8e8b-8525616fce49,"2024-05-15 14:56:59.318349","2024-05-15 14:56:59.318349",1,89df111c-1129-481e-9b43-e12f76d111e0,subspace-admin,NULL,NULL,NULL
9c7b1779-7c39-4af2-9bb8-24bcfca149fe,"2024-05-15 14:56:53.535780","2024-05-15 14:56:53.535780",1,a691877f-4d62-4e60-87f7-2c42215b3397,subspace-admin,NULL,NULL,NULL
9c886821-db23-4b5e-a2db-a51f667585b1,"2024-05-15 14:56:57.488323","2024-05-15 14:56:57.488323",1,e4686b3a-e65f-4b63-851b-2620aef98a13,subspace-admin,NULL,NULL,NULL
9c90bf2a-453b-42bd-be05-f0c3ff52e9a9,"2024-05-15 14:56:52.401845","2024-05-15 14:56:52.401845",1,fb723e3d-d640-4091-8f15-5238e24e1aef,subspace-admin,NULL,NULL,NULL
9cf4bcdc-56b0-40c5-93a9-15fb55de2277,"2024-05-15 14:57:00.057593","2024-05-15 14:57:00.057593",1,c750c501-c26d-456c-a2bd-a1c646302879,subspace-admin,NULL,NULL,NULL
9e80cee9-451d-4eb8-83b2-6d3a99962cb8,"2024-05-15 14:56:56.039401","2024-05-15 14:56:56.039401",1,29c96d95-b5e8-443e-ac9d-916c536e4209,subspace-admin,NULL,NULL,NULL
9f1870be-f28b-42da-ab01-bdc620ae496f,"2024-05-15 14:57:00.030946","2024-05-15 14:57:00.030946",1,3726adfe-bd80-4593-a2d3-900c59a3ecf2,subspace-admin,NULL,NULL,NULL
a3aa69d3-1c35-4348-b22d-a48bb042ca1b,"2024-05-15 14:56:56.769010","2024-05-15 14:56:56.769010",1,4bd39aba-0ffa-42a9-b04b-dfc64cecd67c,subspace-admin,NULL,NULL,NULL
a3e228a1-aff9-4b2a-8dcc-899919313d5b,"2024-05-15 14:56:55.255773","2024-05-15 14:56:55.255773",1,c823e29e-113e-4d84-9161-97a83f9c98bb,subspace-admin,NULL,NULL,NULL
a4cc72fc-b974-4c89-86c3-337b833d7e76,"2024-05-15 14:56:57.225054","2024-05-15 14:56:57.225054",1,aa5d5bd5-21e6-4b13-8f95-8b9f85c79b26,subspace-admin,NULL,NULL,NULL
a6111ec7-d8f0-4836-a44e-32de1be35778,"2024-05-15 14:56:56.120249","2024-05-15 14:56:56.120249",1,799d9422-1fde-4ec9-8828-868bd1b05201,subspace-admin,NULL,NULL,NULL
a6552ada-1b6f-4825-ba0f-ed3eb101e103,"2024-05-15 14:57:00.490316","2024-05-15 14:57:00.490316",1,e4686b3a-e65f-4b63-851b-2620aef98a13,subspace-admin,NULL,NULL,NULL
a672424b-ec53-4132-b06f-086320d2648a,"2024-05-15 14:57:00.303635","2024-05-15 14:57:00.303635",1,66f6429d-bb19-4061-8dfe-7fd8559ac46a,subspace-admin,NULL,NULL,NULL
a6a30b3d-2235-44a7-9886-3ca7a1f4f4bb,"2024-05-15 14:56:53.458056","2024-05-15 14:56:53.458056",1,114b74d7-e012-4d75-83b9-eb3d20eddbf3,subspace-admin,NULL,NULL,NULL
a707eeb3-2d4a-45b3-86d1-f257ddcdce23,"2024-05-15 14:56:57.647817","2024-05-15 14:56:57.647817",1,c3c3cc60-065a-4873-bf0b-fd4d6e371455,subspace-admin,NULL,NULL,NULL
a826b86b-3457-43e8-b88c-7811ee037679,"2024-05-15 14:56:58.331376","2024-05-15 14:56:58.331376",1,66f6429d-bb19-4061-8dfe-7fd8559ac46a,subspace-admin,NULL,NULL,NULL
a8860674-80b0-4b46-8634-659f74518891,"2024-05-15 14:56:55.197296","2024-05-15 14:56:55.197296",1,4e14337d-15cd-4650-82a9-54328bcc2112,subspace-admin,NULL,NULL,NULL
a8bdac3b-5943-4d0a-82f9-456ae9ac61ab,"2024-05-15 14:56:57.901281","2024-05-15 14:56:57.901281",1,41c58946-9b3f-4b24-9ec1-764733d77456,subspace-admin,NULL,NULL,NULL
a904793b-0655-41de-86cb-0894757b80bd,"2024-06-03 08:23:16.315269","2024-06-03 08:23:18.000000",4,640d9f3c-aeba-4093-a763-4c64a16aeb2b,organization-associate,NULL,NULL,NULL
a9242f81-bf60-456b-add9-7973aa2932dd,"2024-05-15 14:56:56.825488","2024-05-15 14:56:56.825488",1,d41af930-e2cf-4c4a-ab07-4a206e02f30e,subspace-admin,NULL,NULL,NULL
aa46c2d3-8346-41ef-9aa9-f664bb5076bb,"2024-05-15 14:56:58.780939","2024-05-15 14:56:58.780939",1,4d0d1b6c-94de-433c-a0b8-64f3a8801c5b,subspace-admin,NULL,NULL,NULL
aa8ea8ee-8593-4642-8c76-23c06432cb67,"2024-05-15 14:56:57.963372","2024-05-15 14:56:57.963372",1,6792107b-befe-4e35-8853-c1197c72a7a0,subspace-admin,NULL,NULL,NULL
aac0678b-ae5f-4e66-a2d4-19fa9958e604,"2024-05-15 14:56:54.981599","2024-05-15 14:56:54.981599",1,33294520-418b-4717-966d-2a1718c96768,subspace-admin,NULL,NULL,NULL
ab6071b8-fa28-4e2d-a6f0-bf7e687c0771,"2024-05-15 14:56:52.471027","2024-05-15 14:56:52.471027",1,af3dd8fd-352f-43ab-9fc1-ed41d1a706d0,subspace-admin,NULL,NULL,NULL
ab645b1b-0ce0-49bc-b01e-431502852bfa,"2024-05-15 14:56:58.726370","2024-05-15 14:56:58.726370",1,3726adfe-bd80-4593-a2d3-900c59a3ecf2,subspace-admin,NULL,NULL,NULL
ac2d3537-d8e5-4841-a1b5-e04ea8294fb5,"2024-05-15 14:56:53.562997","2024-05-15 14:56:53.562997",1,aa5d5bd5-21e6-4b13-8f95-8b9f85c79b26,subspace-admin,NULL,NULL,NULL
acd5abcf-bf51-4652-a382-b78b0e4f524b,"2024-05-15 14:56:56.203605","2024-05-15 14:56:56.203605",1,c750c501-c26d-456c-a2bd-a1c646302879,subspace-admin,NULL,NULL,NULL
ad86d165-2640-48e9-b3d5-86cc1f8a465e,"2024-05-15 14:56:56.069366","2024-05-15 14:56:56.069366",1,be134bf0-36c6-4a83-a6b3-90fe288bf560,subspace-admin,NULL,NULL,NULL
ae87cca8-b988-49f8-8553-1a0e87728322,"2024-05-15 14:56:52.503762","2024-05-15 14:56:52.503762",1,7b60f3e6-fced-4c16-8e83-0ad484faac4c,subspace-admin,NULL,NULL,NULL
b10979c5-dd73-49da-ac5f-032ebddb2e24,"2024-05-15 14:56:55.519883","2024-05-15 14:56:55.519883",1,b46fcc5d-c033-45ed-88df-313a099e6ba3,subspace-admin,NULL,NULL,NULL
b1d7bcee-a00f-47a0-bedd-32d8c1029268,"2024-05-15 14:56:54.639615","2024-05-15 14:56:54.639615",1,a38a6b3a-eda0-4561-ac28-5b08d3a933b6,subspace-admin,NULL,NULL,NULL
b3480d6a-c092-4bb8-996e-94523b46110a,"2024-05-15 14:56:53.622583","2024-05-15 14:56:53.622583",1,9ff349a9-69c4-446e-b3a9-14278eab0654,subspace-admin,NULL,NULL,NULL
b35af1c8-4e5a-42d5-96d8-9110a64d729f,"2024-05-15 14:56:52.234285","2024-05-15 14:56:52.234285",1,34872dca-16e6-4c69-8343-e9e83f304250,subspace-admin,NULL,NULL,NULL
b3ad82de-856a-4289-aeaa-8ce9edf5719d,"2024-05-15 14:56:52.758461","2024-05-15 14:56:52.758461",1,b3af0ba3-9583-430e-810c-bfdc6a5067cb,subspace-admin,NULL,NULL,NULL
b48c27e1-2150-4ddf-a149-c931a881dce5,"2024-05-15 14:56:59.758560","2024-05-15 14:56:59.758560",1,e4686b3a-e65f-4b63-851b-2620aef98a13,subspace-admin,NULL,NULL,NULL
b6a12373-b530-49bf-b60e-b7b6c08ec695,"2024-05-15 14:56:55.726642","2024-05-15 14:56:55.726642",1,3cbceb70-6403-43fe-a530-7859f6d771cf,subspace-admin,NULL,NULL,NULL
b6f899b5-3e41-4a50-b7d7-acb0edea2f10,"2024-05-15 14:56:56.549522","2024-05-15 14:56:56.549522",1,637ba934-597c-45ec-a677-ca2be79cc7ce,subspace-admin,NULL,NULL,NULL
b73d436d-5672-473b-ba92-9a0849275825,"2024-05-15 14:56:59.650677","2024-05-15 14:56:59.650677",1,5a26c5eb-c32a-4a07-89bc-c62815ec0878,subspace-admin,NULL,NULL,NULL
b90e6a3a-89b3-4e8c-a117-f154bd9e1386,"2024-05-15 14:56:59.200810","2024-05-15 14:56:59.200810",1,c8c62aa1-70ee-4bc5-999b-4c106fbda4ad,subspace-admin,NULL,NULL,NULL
b916edc5-8ed6-4931-a584-ae07e1727d75,"2024-05-15 14:56:55.885991","2024-05-15 14:56:55.885991",1,c28f8df1-7379-45e8-af4a-781f26c5cecb,subspace-admin,NULL,NULL,NULL
ba3b04e0-4f11-4edf-8490-2cb54af8f027,"2024-05-15 14:56:57.086861","2024-05-15 14:56:57.086861",1,66f6429d-bb19-4061-8dfe-7fd8559ac46a,subspace-admin,NULL,NULL,NULL
ba89b218-14c4-447c-847d-4717b19bd25e,"2024-05-15 14:56:58.061825","2024-05-15 14:56:58.061825",1,7a982de2-d9d1-4e0d-bee4-127d22b49e09,subspace-admin,NULL,NULL,NULL
ba8ac77d-efa2-4934-b15d-c69de855f95a,"2024-05-15 14:56:53.029839","2024-05-15 14:56:53.029839",1,cadea637-f418-4f1e-896c-2fc590c800ae,subspace-admin,NULL,NULL,NULL
bb81437b-8018-4e99-8f30-aa477e24f2ae,"2024-05-15 14:56:53.856287","2024-05-15 14:56:53.856287",1,ca085ad7-bcdb-4e37-93c1-d2cd9866fc8d,subspace-admin,NULL,NULL,NULL
bb8dc434-959f-4633-858b-925c57e2233e,"2024-05-15 14:56:52.428057","2024-05-15 14:56:52.428057",1,0cc5457a-e0ad-4c67-87cd-f02fc5a67a7d,subspace-admin,NULL,NULL,NULL
bbe2e56e-8526-4dbf-81b7-ff702ffbd137,"2024-05-15 14:56:57.431402","2024-05-15 14:56:57.431402",1,f3904bdf-fc8e-4b51-a591-e28181bb7c0b,subspace-admin,NULL,NULL,NULL
bc50ae20-814f-4f02-8d4f-3c72bbf64ebb,"2024-05-15 14:56:59.704313","2024-05-15 14:56:59.704313",1,3bc8d599-186a-41a1-853c-c2cc45dbaf5b,subspace-admin,NULL,NULL,NULL
be9f2f0e-ccdb-4cb2-a1c7-4a7b4415f95f,"2024-05-15 14:56:59.808688","2024-05-15 14:56:59.808688",1,3662ab6f-24f2-469d-b4a1-78d5bdd55a74,subspace-admin,NULL,NULL,NULL
bec4948b-a874-4e19-94ba-7cde4f8e709d,"2024-05-15 14:56:55.307398","2024-05-15 14:56:55.307398",1,7b9ed9ac-1a46-4811-b5a5-c0594eda9436,subspace-admin,NULL,NULL,NULL
bf115a04-fdd0-4d06-90f1-af1cd45e2cb9,"2024-05-15 14:56:52.118880","2024-05-15 14:56:52.118880",1,e4c05efe-e433-404c-b150-81eb6ae10a77,subspace-admin,NULL,NULL,NULL
bf3afd27-1e47-4789-a327-02b81bca8095,"2024-05-15 14:56:54.277339","2024-05-15 14:56:54.277339",1,57da85d5-77fd-4efe-9c32-c5b818588fde,subspace-admin,NULL,NULL,NULL
c06a984b-6e8c-4f68-bd23-e05fd9bda892,"2024-05-15 14:56:53.952033","2024-05-15 14:56:53.952033",1,3a5c26ee-a184-4208-8952-cdbcd81d5006,subspace-admin,NULL,NULL,NULL
c182d5e8-53d1-427b-90b6-5458c85108cf,"2024-05-15 14:56:53.056198","2024-05-15 14:56:53.056198",1,29dbe035-1692-4b6b-9fb0-60147e385f5b,subspace-admin,NULL,NULL,NULL
c3007cb4-f7cf-4620-b62e-25d436f0fbc8,"2024-05-15 14:56:54.845572","2024-05-15 14:56:54.845572",1,7efe3c41-2041-4efa-909e-3628eb85002a,subspace-admin,NULL,NULL,NULL
c3071aa6-ca37-4c94-9de0-d7391b0023de,"2024-05-15 14:56:55.280404","2024-05-15 14:56:55.280404",1,ab5093c9-1302-4513-a5d5-82df0ea96a76,subspace-admin,NULL,NULL,NULL
c41bfa27-892e-4b67-b615-1bc8195cbbee,"2024-05-15 14:56:55.836589","2024-05-15 14:56:55.836589",1,aedd148f-3394-405b-9bb1-ed719bab49bd,subspace-admin,NULL,NULL,NULL
c50768fe-92ac-4c96-8ba1-3cc12fa81372,"2024-05-15 14:56:52.155475","2024-05-15 14:56:52.155475",1,caa8313e-135e-4467-9f4d-eabfffaf9936,subspace-admin,NULL,NULL,NULL
c515f2f1-e4fc-4115-ab78-cdd9dcfcc709,"2024-05-15 14:56:52.950627","2024-05-15 14:56:52.950627",1,1c77c2de-ee84-4266-ba02-1e75b9bbbc10,subspace-admin,NULL,NULL,NULL
c517c210-6df2-411a-912b-d30edf0e0e5c,"2024-05-15 14:56:56.346477","2024-05-15 14:56:56.346477",1,66f6429d-bb19-4061-8dfe-7fd8559ac46a,subspace-admin,NULL,NULL,NULL
c53a240f-367f-4b16-b307-499138862bf1,"2024-05-15 14:56:55.786163","2024-05-15 14:56:55.786163",1,f588128f-050b-4ad8-adb5-64cd53b80cb4,subspace-admin,NULL,NULL,NULL
c6d878ca-821b-4c62-93b3-33fa115f04bc,"2024-05-15 14:56:52.703111","2024-05-15 14:56:52.703111",1,caa8313e-135e-4467-9f4d-eabfffaf9936,subspace-admin,NULL,NULL,NULL
c6db2be1-5155-4037-9f05-9f9fbbc1c50b,"2024-05-15 14:56:55.911958","2024-05-15 14:56:55.911958",1,cffe2ae5-2526-4897-821e-986595f7de2a,subspace-admin,NULL,NULL,NULL
c7103996-d9bd-4c2b-a867-b6e7000e8e1f,"2024-05-15 14:56:58.191488","2024-05-15 14:56:58.191488",1,a2beb0e5-c0ab-46c4-ab9b-ea0311f4051f,subspace-admin,NULL,NULL,NULL
c718a8b3-9d8f-42ab-b0cf-5b20b9bf42a7,"2024-05-15 14:56:57.819533","2024-05-15 14:56:57.819533",1,e4686b3a-e65f-4b63-851b-2620aef98a13,subspace-admin,NULL,NULL,NULL
c7d6a20e-15f1-4cd4-b365-2ddc0a5f69ae,"2024-05-15 14:56:53.238107","2024-05-15 14:56:53.238107",1,d0a97bc4-6208-4582-aab5-8b09891b14f8,subspace-admin,NULL,NULL,NULL
caa8a411-0a6b-4747-88eb-6d27f8284aa3,"2024-05-15 14:56:56.175589","2024-05-15 14:56:56.175589",1,e4c05efe-e433-404c-b150-81eb6ae10a77,subspace-admin,NULL,NULL,NULL
caeb24f8-d674-484a-864a-40babdbb84ff,"2024-05-15 14:56:54.613122","2024-05-15 14:56:54.613122",1,f34e27fa-c980-4150-b1ab-a0ccb691149e,subspace-admin,NULL,NULL,NULL
ccd5123a-a508-47ff-a05c-9c5e396dafa5,"2024-05-15 14:56:57.115480","2024-05-15 14:56:57.115480",1,a4d739b5-fef3-46ba-863d-971760b58f78,subspace-admin,NULL,NULL,NULL
ccded6c0-d4b3-43dd-82f6-b38b8e31b0d5,"2024-05-15 14:56:54.302550","2024-05-15 14:56:54.302550",1,c3c3cc60-065a-4873-bf0b-fd4d6e371455,subspace-admin,NULL,NULL,NULL
cd2b0a38-0847-49f9-ae01-75349e5a3362,"2024-05-15 14:56:56.456977","2024-05-15 14:56:56.456977",1,b5e491a4-2b65-4447-af73-be7f170b4274,subspace-admin,NULL,NULL,NULL
cfedd263-929e-4e9f-b90f-e00aafb23145,"2024-05-15 14:56:54.170104","2024-05-15 14:56:54.170104",1,f3904bdf-fc8e-4b51-a591-e28181bb7c0b,subspace-admin,NULL,NULL,NULL
d04414d6-f79e-49f9-b883-0675c73bbf74,"2024-05-15 14:56:58.015637","2024-05-15 14:56:58.015637",1,null,subspace-admin,NULL,NULL,NULL
d0d98a99-6fd5-4daa-a42c-c54218853fe4,"2024-05-15 14:56:58.251863","2024-05-15 14:56:58.251863",1,e4686b3a-e65f-4b63-851b-2620aef98a13,subspace-admin,NULL,NULL,NULL
d1737089-702a-4324-9a0a-e0804c6409f1,"2024-05-15 14:56:54.008863","2024-05-15 14:56:54.008863",1,null,subspace-admin,NULL,NULL,NULL
d2ea0145-c84e-4c73-9e7d-a242a6eaf657,"2024-05-15 14:56:54.687412","2024-05-15 14:56:54.687412",1,fad55b90-3639-4e93-88c8-d0c295027c55,subspace-admin,NULL,NULL,NULL
d32b96d3-1975-4b96-8e21-cc50faa912ca,"2024-05-15 14:56:54.061500","2024-05-15 14:56:54.061500",1,011d4154-1933-4156-8824-3b32d9cc4091,subspace-admin,NULL,NULL,NULL
d3e65320-059b-48ac-b44d-9aa6ed17c3d2,"2024-05-15 14:56:52.259963","2024-05-15 14:56:52.259963",1,e15f7255-0a68-4541-85ef-876846e970e6,subspace-admin,NULL,NULL,NULL
d41ab3e5-0e13-45e5-8cd8-8fb17ab6a6a4,"2024-05-15 14:56:52.528141","2024-05-15 14:56:52.528141",1,e4686b3a-e65f-4b63-851b-2620aef98a13,subspace-admin,NULL,NULL,NULL
d5960ba4-6233-4f12-95b5-4e3171c42939,"2024-05-15 14:56:56.578231","2024-05-15 14:56:56.578231",1,ba1c575c-68ed-4382-8acb-a9f8eccfa226,subspace-admin,NULL,NULL,NULL
d7626369-7e99-4adf-9f6c-71986983575b,"2024-05-15 14:56:58.753025","2024-05-15 14:56:58.753025",1,ca085ad7-bcdb-4e37-93c1-d2cd9866fc8d,subspace-admin,NULL,NULL,NULL
d79d0fb4-c21e-4daa-9156-86c65cacda99,"2024-05-15 14:56:53.268235","2024-05-15 14:56:53.268235",1,bbc0c0ef-3978-4597-8bf6-5ace5c78d7b7,subspace-admin,NULL,NULL,NULL
d8fb1784-d261-4aa3-9106-7f806d2093be,"2024-05-15 14:56:56.292147","2024-05-15 14:56:56.292147",1,cb4e9122-c9c6-44b2-8af8-d195c43738a8,subspace-admin,NULL,NULL,NULL
d90ff723-7609-4614-84a1-675601982994,"2024-05-15 14:56:53.880805","2024-05-15 14:56:53.880805",1,421122fe-1105-49d8-a716-8902fcf8424f,subspace-admin,NULL,NULL,NULL
d96632d5-577b-4548-be8b-b7a6e9ef999d,"2024-05-15 14:56:53.980901","2024-05-15 14:56:53.980901",1,04d43f30-ae54-4d8d-bfe2-e6feca516db7,subspace-admin,NULL,NULL,NULL
d9d65a79-5376-4b7d-921a-277a5aaaa9f6,"2024-05-15 14:57:00.142364","2024-05-15 14:57:00.142364",1,2e664bdf-4e0b-422d-88f9-d89859ffe916,subspace-admin,NULL,NULL,NULL
da1aa008-34af-468c-95ef-3a21ddb3a662,"2024-05-15 14:56:54.253426","2024-05-15 14:56:54.253426",1,47866aee-98ab-4348-98ea-1b430a819677,subspace-admin,NULL,NULL,NULL
db46236b-975c-4f33-b087-6fe668348b86,"2024-05-15 14:56:52.208877","2024-05-15 14:56:52.208877",1,a4223ab2-45c7-4a5f-93ed-f0ebf6ac6b03,subspace-admin,NULL,NULL,NULL
dc993554-f3e6-4a0c-809e-cc30da60a2ee,"2024-05-15 14:56:53.487028","2024-05-15 14:56:53.487028",1,e4686b3a-e65f-4b63-851b-2620aef98a13,subspace-admin,NULL,NULL,NULL
dd3fd8b3-5178-48e3-b579-b49a2ac7ba54,"2024-05-15 14:57:00.412554","2024-05-15 14:57:00.412554",1,127f6fda-29d5-47d3-932f-6db28e906e10,subspace-admin,NULL,NULL,NULL
de5cb43b-734f-43b6-9c47-c4ac301de174,"2024-05-15 14:56:53.698832","2024-05-15 14:56:53.698832",1,d0a97bc4-6208-4582-aab5-8b09891b14f8,subspace-admin,NULL,NULL,NULL
df066a9c-9153-4b5a-9985-584f7325f4ba,"2024-05-15 14:56:57.698308","2024-05-15 14:56:57.698308",1,3847f73e-8518-45da-99cf-0e00854f715f,subspace-admin,NULL,NULL,NULL
dfc6dd44-bb02-400c-aa6d-d72fde39bc80,"2024-06-03 08:23:16.346000","2024-06-03 08:23:47.000000",3,a3800c71-ec5e-484d-a90c-f87d53f54271,organization-associate,NULL,NULL,NULL
e0b88f26-f73c-4d26-8a8e-4f38a4b3512a,"2024-05-15 14:56:54.472957","2024-05-15 14:56:54.472957",1,70090f8e-9f0a-43a5-9a0a-a8df0f9fe47a,subspace-admin,NULL,NULL,NULL
e109599e-e20f-4d25-a22b-3a5ec7a1bb78,"2024-05-15 14:56:57.849245","2024-05-15 14:56:57.849245",1,a9e4a80d-9b8c-4b31-b859-06cb492c5477,subspace-admin,NULL,NULL,NULL
e163996c-0cf2-4ead-8c79-403ada8d8587,"2024-05-15 14:56:56.742183","2024-05-15 14:56:56.742183",1,127f6fda-29d5-47d3-932f-6db28e906e10,subspace-admin,NULL,NULL,NULL
e242369c-77b8-4f1e-9e3e-0a92847b5ca2,"2024-05-15 14:56:57.274272","2024-05-15 14:56:57.274272",1,29dbe035-1692-4b6b-9fb0-60147e385f5b,subspace-admin,NULL,NULL,NULL
e35b6b0f-03ea-41a0-a7b1-08e3a42f6047,"2024-05-15 14:56:53.367231","2024-05-15 14:56:53.367231",1,41b43ecb-f31c-4570-a196-68a1a25eb354,subspace-admin,NULL,NULL,NULL
e3d101f6-63b0-43ae-8d83-5ba62bc131db,"2024-05-15 14:56:55.812486","2024-05-15 14:56:55.812486",1,a9f993b0-8485-45f9-a36d-ed22e19a39d4,subspace-admin,NULL,NULL,NULL
e3e832fa-bbf8-4f3a-8464-b1209b9db6a9,"2024-05-15 14:56:59.079469","2024-05-15 14:56:59.079469",1,f34e27fa-c980-4150-b1ab-a0ccb691149e,subspace-admin,NULL,NULL,NULL
e482a03a-466a-4a76-8212-4bf86e69ef51,"2024-05-15 14:56:55.860552","2024-05-15 14:56:55.860552",1,41c58946-9b3f-4b24-9ec1-764733d77456,subspace-admin,NULL,NULL,NULL
e5ab9853-67a6-4d33-8dff-94225a146544,"2024-05-15 14:56:59.287629","2024-05-15 14:56:59.287629",1,66f6429d-bb19-4061-8dfe-7fd8559ac46a,subspace-admin,NULL,NULL,NULL
e780501f-d2c6-4eb1-ac31-582333a3095c,"2024-05-15 14:56:54.332504","2024-05-15 14:56:54.332504",1,8f84ffea-4f22-4dd4-a220-bb0fdb8dd58f,subspace-admin,NULL,NULL,NULL
e7808f39-56fc-4e7d-9e45-ac0e09c15404,"2024-05-15 14:57:00.664821","2024-05-15 14:57:00.664821",1,ec112d3e-945e-46a4-8fa3-128f83d728a0,subspace-admin,NULL,NULL,NULL
e9f4af63-f76e-4946-bb65-eddf770188ea,"2024-05-15 14:56:59.966407","2024-05-15 14:56:59.966407",1,421122fe-1105-49d8-a716-8902fcf8424f,subspace-admin,NULL,NULL,NULL
ea295359-6b13-49d9-9da7-8954b3af830f,"2024-05-15 14:56:54.899872","2024-05-15 14:56:54.899872",1,71577ac4-cf86-4d16-9c9f-021c39192118,subspace-admin,NULL,NULL,NULL
eace458b-7792-46d5-af0e-5836f70c75cb,"2024-05-15 14:56:55.568511","2024-05-15 14:56:55.568511",1,41b43ecb-f31c-4570-a196-68a1a25eb354,subspace-admin,NULL,NULL,NULL
ec3ff986-82e0-4f50-9181-e7ad99fe8c1f,"2024-05-15 14:56:59.027947","2024-05-15 14:56:59.027947",1,127f6fda-29d5-47d3-932f-6db28e906e10,subspace-admin,NULL,NULL,NULL
ece04948-d92a-4962-8a87-e7e31411341f,"2024-05-15 14:56:53.778381","2024-05-15 14:56:53.778381",1,34872dca-16e6-4c69-8343-e9e83f304250,subspace-admin,NULL,NULL,NULL
ece1eca9-2f11-40ac-86a2-df18f068f107,"2024-05-15 14:56:52.849639","2024-05-15 14:56:52.849639",1,f283630e-db04-46a4-8470-dd0df90cbaf1,subspace-admin,NULL,NULL,NULL
ed2b6006-7e3e-47cb-9065-de26477a6f48,"2024-05-15 14:56:55.967951","2024-05-15 14:56:55.967951",1,29c96d95-b5e8-443e-ac9d-916c536e4209,subspace-admin,NULL,NULL,NULL
edaafc56-e56a-4a2e-afd5-a09a06fb89cf,"2024-05-15 14:56:56.485141","2024-05-15 14:56:56.485141",1,null,subspace-admin,NULL,NULL,NULL
ef33a2df-2683-4aa1-8627-e6e326a33e5c,"2024-05-15 14:56:52.087812","2024-05-15 14:56:52.087812",1,17d9ff1f-d151-4652-8e68-a9134c66be4d,subspace-admin,NULL,NULL,NULL
ef576b9f-b01b-4e6f-9505-1a62036690ca,"2024-05-15 14:56:54.748230","2024-05-15 14:56:54.748230",1,29c96d95-b5e8-443e-ac9d-916c536e4209,subspace-admin,NULL,NULL,NULL
f041eff0-3827-4c06-8eeb-82fb3d09436a,"2024-05-15 14:56:55.543631","2024-05-15 14:56:55.543631",1,799d9422-1fde-4ec9-8828-868bd1b05201,subspace-admin,NULL,NULL,NULL
f045dab8-6e52-48fb-adcb-47e1fa6bce95,"2024-05-15 14:56:59.860707","2024-05-15 14:56:59.860707",1,1c77c2de-ee84-4266-ba02-1e75b9bbbc10,subspace-admin,NULL,NULL,NULL
f16ddfaf-c6ab-4d7f-ac33-eee2f8fb5024,"2024-05-15 14:56:52.287196","2024-05-15 14:56:52.287196",1,ad5c3ed3-f72d-443f-92cf-537d2e978c84,subspace-admin,NULL,NULL,NULL
f317805e-ef6e-4c37-b5bb-4d8e6acb2cf3,"2024-05-15 14:56:55.440546","2024-05-15 14:56:55.440546",1,77f450a1-3fb5-4fd8-a5fe-8f2f0d0cd4a6,subspace-admin,NULL,NULL,NULL
f44272ef-a5f9-47ec-8447-49d1cd6e4ad0,"2024-05-15 14:56:59.883323","2024-05-15 14:56:59.883323",1,00b45a22-9b15-4a25-af47-8b25420bfa22,subspace-admin,NULL,NULL,NULL
f5b4eb66-4d50-49d1-96d1-96711d60e34b,"2024-05-15 14:56:53.079885","2024-05-15 14:56:53.079885",1,144c20b9-417b-424f-ae37-7952238fecf9,subspace-admin,NULL,NULL,NULL
f69aef53-6732-485c-bc95-cf33e8073308,"2024-05-15 14:56:55.992087","2024-05-15 14:56:55.992087",1,ea1ad147-f34c-4aec-a7e7-1b25406db573,subspace-admin,NULL,NULL,NULL
f790fd35-882d-4eeb-b382-4e6bdd66d14d,"2024-05-15 14:56:56.605575","2024-05-15 14:56:56.605575",1,aedd148f-3394-405b-9bb1-ed719bab49bd,subspace-admin,NULL,NULL,NULL
fe8193db-ec6f-4cde-ab25-f40de74bb68b,"2024-05-15 14:56:58.404519","2024-05-15 14:56:58.404519",1,c8c62aa1-70ee-4bc5-999b-4c106fbda4ad,subspace-admin,NULL,NULL,NULL
