id,createdDate,updatedDate,createdBy,version,authorizationId,storageBucketId,displayName,tagsetId,mimeType,size,externalID
008ebc28-d514-4637-a6f0-619b9dc043d2,"2023-11-06 14:54:16.231329","2023-11-06 14:54:16.000000",efea4dfb-af17-411c-bf28-e42b390eebb0,2,44816527-4fb8-40d0-912f-f176fc64f385,NULL,"WhiteboardTemplate-very very big file-2fb80c01-4d8b-4a01-8da3-4a990836ef55",962080fe-d1ca-417a-b9ab-20972b5ad114,image/png,252972,QmS5DUtnCtFK2FkWgrc4SwacsW23toNqFx9vwUHs7Dvrey
021248a0-abe0-42bd-9ae4-b7760cea2704,"2023-12-05 15:46:45.210999","2023-12-05 15:46:45.000000",efea4dfb-af17-411c-bf28-e42b390eebb0,2,a4e033b1-7521-47e4-a816-ed4d7f12be63,NULL,alkemio_foundation.jpeg,32a70c3a-e3ce-4314-87f0-dd529dad6bf7,image/jpeg,47877,QmfVvpUmKkQMW5E95az43UsCmH2k6bwayLALtFVgwETHDc
05393564-b370-408c-b9b7-ef28a4bd95e7,"2023-11-06 14:54:18.001362","2023-11-06 14:54:18.000000",efea4dfb-af17-411c-bf28-e42b390eebb0,2,9231d32a-d03e-46fe-8a1d-915b2f9229d3,NULL,"WhiteboardTemplate-Mission design canvas OECD-86e701a6-c908-4a4e-9666-3a1b01264933",cee1facd-5884-4d83-bf46-05de52aa5ff7,image/png,24914,QmSihZzbtta9hr79L6hv8SGECJob6JuT9ofHGANxmyjfCQ
07ff425a-6d49-44a9-afa5-fc1ab29a5a45,"2023-11-06 14:54:18.544279","2023-11-06 14:54:18.000000",efea4dfb-af17-411c-bf28-e42b390eebb0,2,0b63d049-8b0d-4f4b-9824-c83fe93959f9,NULL,"WhiteboardTemplate-very very big canvas-8ea51403-1bf6-4348-b1b7-9ca2510aa8b7",59270f2b-9e3e-4fab-a368-9af2cc3834f6,image/png,194662,QmU91mkZmG9oJEEgVj3Lfg1n2LDCd2KbZKbWEoLJusMXr9
0bf4c2a6-155d-44a2-a0dc-24fb8b50f899,"2023-11-06 14:54:15.591171","2023-11-06 14:54:15.000000",efea4dfb-af17-411c-bf28-e42b390eebb0,2,85479b6b-1424-4cb4-ad06-b5e739af4dc5,NULL,"WhiteboardTemplate-very very big file-203ab260-2e50-4e39-b3f5-fd79fe15294e",9c119a85-aa56-4435-85bc-dceddf9eb64a,image/png,194662,QmU91mkZmG9oJEEgVj3Lfg1n2LDCd2KbZKbWEoLJusMXr9
0e883256-d37b-43a2-8839-dafa60caf04b,"2023-11-06 14:54:16.101832","2023-11-06 14:54:16.000000",efea4dfb-af17-411c-bf28-e42b390eebb0,2,c5c26331-06ce-41e8-aa2e-c4edc976806d,NULL,"WhiteboardTemplate-very very big file-2fb80c01-4d8b-4a01-8da3-4a990836ef55",de754bcb-fa6f-4388-8262-733d6c3ab7fc,image/png,210473,QmZxL3WJbmUYqY4WKhPV84nLqhts2T3vxS32TCtzbUMtHK
0ff640d0-6ffa-4f94-8377-a20ec9cc4d4e,"2023-11-06 14:54:16.346933","2023-11-06 14:54:16.000000",efea4dfb-af17-411c-bf28-e42b390eebb0,2,697dc729-c2b6-4f07-94fc-abdd840fa687,NULL,"WhiteboardTemplate-very very big canvas-30769709-f5a4-41ee-b346-4158d75ccfbf",1a523001-ba09-422f-bfca-73419fda93cf,image/png,210473,QmZxL3WJbmUYqY4WKhPV84nLqhts2T3vxS32TCtzbUMtHK
10b78b2a-4b39-4c89-ac91-a561416f8cf2,"2023-11-06 14:54:17.052055","2023-11-06 14:54:17.000000",efea4dfb-af17-411c-bf28-e42b390eebb0,2,6cfce511-0bb9-43fb-adc8-ac8fbf5fe9a5,NULL,"WhiteboardTemplate-Custom Template-52ce35f7-c43e-40c9-989d-784a90011f62",62fc04ba-f536-4a67-a674-c29b83815633,image/png,24914,QmSihZzbtta9hr79L6hv8SGECJob6JuT9ofHGANxmyjfCQ
16504d32-3c94-400a-884c-b3f4cb31bcfb,"2024-07-31 08:16:47.822268","2024-07-31 08:16:47.822268",efea4dfb-af17-411c-bf28-e42b390eebb0,1,91d9390f-b6d2-4f36-b711-14719073fc0a,NULL,alkemio.jpeg,f34156fb-2d15-4056-b23b-2a4416cce015,image/jpeg,47877,ae450994f583a55f836e2517919407d3dbcf0f363406fa31fd86098c4bd38c1e
1c71f121-a915-4a69-bfb6-5078a405e54c,"2023-11-06 14:54:16.749527","2023-11-06 14:54:16.000000",efea4dfb-af17-411c-bf28-e42b390eebb0,2,9576d219-6dbc-4dc5-8441-728946f89d40,NULL,"WhiteboardTemplate-Mission design canvas OECD-37705bed-a19d-43ee-9db4-3ee18b8a2137",7b1f0c35-6b63-49c8-a345-0e054e85ac8b,image/png,24914,QmSihZzbtta9hr79L6hv8SGECJob6JuT9ofHGANxmyjfCQ
1f11aa80-271f-4897-ba17-a8355e499fd2,"2023-11-06 14:54:20.385409","2023-11-06 14:54:20.000000",efea4dfb-af17-411c-bf28-e42b390eebb0,2,40251a4c-d015-43bc-9cc3-5ba7d74cfbb2,NULL,"WhiteboardTemplate-Mission design canvas OECD-c0bf808f-d936-4277-8d18-bb2c14e4fac5",0f420f05-edf8-4b72-81d2-bc1f661e713a,image/png,24914,QmSihZzbtta9hr79L6hv8SGECJob6JuT9ofHGANxmyjfCQ
219739e7-7521-4530-b350-6d857fc4f3e9,"2023-11-06 14:54:19.944412","2023-11-06 14:54:19.000000",efea4dfb-af17-411c-bf28-e42b390eebb0,2,c9bd7a4d-b2c5-4e01-b0c5-805cfbe6ec08,NULL,"WhiteboardTemplate-very very big canvas-acff8ace-5168-4a1a-ad8a-2b82644f19f1",b0db17f6-f13c-4b23-bbbe-fd39efc6b75d,image/png,252972,QmS5DUtnCtFK2FkWgrc4SwacsW23toNqFx9vwUHs7Dvrey
2364263c-ea31-4038-8685-0eff1ba15c9c,"2024-07-31 08:19:59.517296","2024-07-31 08:19:59.517296",efea4dfb-af17-411c-bf28-e42b390eebb0,1,c9d44225-88c4-4fb6-9e17-ab8c38fac659,NULL,alkemio.jpeg,6241c3a8-f2f8-44e5-9ad9-4f1e01689a47,image/jpeg,47877,ae450994f583a55f836e2517919407d3dbcf0f363406fa31fd86098c4bd38c1e
2372f964-2a3b-4c65-885f-e867f701be99,"2023-11-06 14:54:16.175056","2023-11-06 14:54:16.000000",efea4dfb-af17-411c-bf28-e42b390eebb0,2,5148e931-06f7-4139-9f3a-3035d0343441,NULL,"WhiteboardTemplate-very very big file-2fb80c01-4d8b-4a01-8da3-4a990836ef55",53b17b2f-5e74-4203-a404-d5815ad8dc7e,image/png,403580,QmXR584qMD1kZWQdGjPoUWX55UUUttRz4t4PfU7tCii6Wy
23c205a1-2204-44bf-a633-55557dc1e12b,"2024-07-31 08:18:29.452816","2024-07-31 08:18:29.452816",efea4dfb-af17-411c-bf28-e42b390eebb0,1,a1e200e1-ac96-4d4f-b2b3-f45770be0afd,NULL,alkemio.jpeg,a6843f2d-f5a7-4f23-977e-0cbd1bf3da1d,image/jpeg,47877,ae450994f583a55f836e2517919407d3dbcf0f363406fa31fd86098c4bd38c1e
260adcc3-5f12-4dc0-9d18-7be45adcfe25,"2024-07-31 08:17:59.912287","2024-07-31 08:17:59.912287",efea4dfb-af17-411c-bf28-e42b390eebb0,1,5de43a55-9b04-4a28-9cfb-52081cb6a1c9,NULL,alkemio.jpeg,9aa00360-611e-49e1-a87c-99fe687fcc89,image/jpeg,47877,ae450994f583a55f836e2517919407d3dbcf0f363406fa31fd86098c4bd38c1e
2ab85ac9-7b03-46aa-ad93-b7b0e8d217b2,"2023-11-06 14:54:18.372270","2023-11-06 14:54:18.000000",efea4dfb-af17-411c-bf28-e42b390eebb0,2,86cfa106-1b7f-47ba-9ad8-17bfe6de5184,NULL,"WhiteboardTemplate-very very big canvas-8ea51403-1bf6-4348-b1b7-9ca2510aa8b7",5aa044ed-a980-4e9e-867e-49162f811f3a,image/png,210473,QmZxL3WJbmUYqY4WKhPV84nLqhts2T3vxS32TCtzbUMtHK
2b6509c5-bd8a-4446-ad72-7ee3a1dac4ba,"2023-11-20 15:10:18.226293","2023-11-20 15:10:18.000000",efea4dfb-af17-411c-bf28-e42b390eebb0,3,cf909256-ed02-43ee-b409-3cf74ad4b6af,NULL,Whiteboard-whiteboard-6516-bannerNarrow.png,63eeee94-3140-4b82-9eec-073c39c55efc,image/png,5476,QmTAR19ruZWzi6SMMm3yWvLREz5W9MxQ32YkSbo6WFdfvk
2c8b2262-7f18-4ad4-9f24-bd22f036671d,"2023-11-13 21:20:14.679668","2023-11-13 21:20:14.000000",efea4dfb-af17-411c-bf28-e42b390eebb0,2,e21b074f-1435-4f8e-b76d-7f7e4b966537,NULL,,4e60f9d8-4ea6-4046-8df5-948f1f8af7c8,image/jpeg,25935,QmeqevNoF85xjn5YcGXyFPDkuGjbueiFbMwhQXTgxpUy3m
31f12f75-7d64-4614-8ca3-e3329b0531be,"2023-11-06 14:54:17.885653","2023-11-06 14:54:17.000000",efea4dfb-af17-411c-bf28-e42b390eebb0,2,aa58a4c6-c54a-428e-97e7-3da33d6c7c53,NULL,"WhiteboardTemplate-whiteboard template ipfs-6c4ec4da-3319-4c5f-960f-d01055d87b4d",aaab6f8a-a705-4a87-a5ba-24b68bb2336c,image/jpeg,267900,QmT62Wncm73MxTgZTgdDUJNF4DToihwwziSb3re1ZsEhpt
34af0236-b3ff-43d3-adf4-6a8c4eb46b79,"2023-11-06 14:54:15.538610","2023-11-06 14:54:15.000000",efea4dfb-af17-411c-bf28-e42b390eebb0,2,fcf9d18c-3783-4f8f-a646-3daea92c6ad1,NULL,"WhiteboardTemplate-very very big file-203ab260-2e50-4e39-b3f5-fd79fe15294e",3d58639d-46c2-46c7-ae84-de1b08d9557b,image/png,252972,QmS5DUtnCtFK2FkWgrc4SwacsW23toNqFx9vwUHs7Dvrey
365ed1de-41e3-4edb-8a7e-ad71e43d146b,"2023-11-06 14:54:15.411654","2023-11-06 14:54:15.000000",efea4dfb-af17-411c-bf28-e42b390eebb0,2,7af53891-181d-4732-bb94-2ced2b53904e,NULL,"WhiteboardTemplate-very very big file-203ab260-2e50-4e39-b3f5-fd79fe15294e",daf0dfa3-a288-458a-97cf-226f7002e73b,image/png,210473,QmZxL3WJbmUYqY4WKhPV84nLqhts2T3vxS32TCtzbUMtHK
38b548e9-7a8d-4653-9d9c-349bcbd9d29d,"2024-07-31 08:20:29.460209","2024-07-31 08:20:29.460209",efea4dfb-af17-411c-bf28-e42b390eebb0,1,14beb674-bc55-4fab-b06c-74ad8c996144,NULL,alkemio.jpeg,2e4bbbd8-0e2d-41a4-a965-2c4d30ca20b7,image/jpeg,47877,ae450994f583a55f836e2517919407d3dbcf0f363406fa31fd86098c4bd38c1e
3c3799c1-96f3-499d-8ed7-b51be7bb9ed9,"2024-02-01 13:56:23.543868","2024-02-01 13:56:23.000000",42d306a6-1ab1-409e-bee7-2fbf37f1636c,3,699f4920-563e-45c0-bd88-af25dd2383c6,NULL,pexels-carlos-spitzer-17811.jpg,ed05dcf8-08c3-4431-80fa-75e868b7f226,image/jpeg,3398948,df83cd50b85bcecb7ebc4992eb3fed3b66dd720723610ddd80145b2fc60fbfe7
3ce044dc-2742-45a8-a23d-b983ee1177bf,"2023-12-05 15:31:17.698230","2023-12-05 15:31:17.698230",NULL,1,f1d6039a-1820-4b7e-95a4-1ce99649172f,NULL,images-oct-10.jpeg,cd27677b-c28c-4783-9caa-d0675b37c8af,image/jpeg,8153,QmcDxX74vaaiKJVFbT73LmbcTK1A3ejh6Acxx7xNbNFjvV
4127933c-54d3-4097-b446-6f5dd7e22d97,"2024-03-01 12:11:17.389698","2024-03-01 12:11:17.000000",efea4dfb-af17-411c-bf28-e42b390eebb0,3,e53a6986-43ad-4c55-8b2d-d57098aec5d8,NULL,,984c1c8b-413c-4da8-b574-5a1727626078,image/jpeg,25935,7f53cc31b6538a1c71a5606d06cae22aa4f79fc04ff602f9c0b4a0506f3737cd
4152bf67-91ce-43ee-ab09-8d22007b37a3,"2023-12-05 15:46:44.472208","2023-12-05 15:46:44.000000",efea4dfb-af17-411c-bf28-e42b390eebb0,3,1efaac9f-a1ec-4425-b0e8-d04c18464a0c,NULL,alkemio_foundation.jpeg,85b57881-1fe4-45c2-9cdb-04b05522d72c,image/jpeg,47877,QmfVvpUmKkQMW5E95az43UsCmH2k6bwayLALtFVgwETHDc
417f84eb-3b1c-4e75-94ae-3721ddb91e3a,"2023-11-06 14:54:18.256802","2023-11-06 14:54:18.000000",efea4dfb-af17-411c-bf28-e42b390eebb0,2,b92dd033-bb21-4e61-9c4b-ae2425507696,NULL,"WhiteboardTemplate-very very big canvas-8d5d672f-6c98-43bf-80c9-6e7ebc9fba35",2aef3e1d-2c24-43d9-a8ea-4f934c1422f4,image/png,252972,QmS5DUtnCtFK2FkWgrc4SwacsW23toNqFx9vwUHs7Dvrey
45b45e20-4393-4db8-9f49-0a0738e60a1e,"2023-11-13 21:20:14.256900","2023-11-13 21:20:14.000000",efea4dfb-af17-411c-bf28-e42b390eebb0,2,59766367-5802-4300-8899-c1d5334b8c8b,NULL,,beadb987-e617-4613-9696-00fc0c9e7cf8,image/jpeg,20718,QmViQoajobQiqmFLn1Mk3rBt5BiGbnidYXso8oKiWq1fcp
45f900ac-94ca-4535-b330-f67cf3116154,"2023-11-06 14:54:16.456133","2023-11-06 14:54:16.000000",efea4dfb-af17-411c-bf28-e42b390eebb0,2,791ffd68-ff82-4946-b54d-9c02e2f3f8b4,NULL,"WhiteboardTemplate-very very big canvas-30769709-f5a4-41ee-b346-4158d75ccfbf",917820f6-d5d3-4365-a513-aac21bab6d06,image/png,252972,QmS5DUtnCtFK2FkWgrc4SwacsW23toNqFx9vwUHs7Dvrey
48931859-05d5-4d96-bf96-53b228cfe607,"2024-02-20 16:46:47.107056","2024-02-20 16:46:47.000000",2de21941-a21f-4cfc-a076-3aa3bc74157e,3,51c569c6-7d1d-4e4f-bf49-fcb296f04168,NULL,,219326cb-7d6c-4b49-928c-6a68c7cdd9d4,image/jpeg,25935,7f53cc31b6538a1c71a5606d06cae22aa4f79fc04ff602f9c0b4a0506f3737cd
4956a578-486a-493c-a6b0-a4d753186863,"2023-11-06 14:54:18.486478","2023-11-06 14:54:18.000000",efea4dfb-af17-411c-bf28-e42b390eebb0,2,ee158796-56ff-426a-92d5-0efa3de531c7,NULL,"WhiteboardTemplate-very very big canvas-8ea51403-1bf6-4348-b1b7-9ca2510aa8b7",5b8da430-886a-414c-bf6b-327cf7051795,image/png,252972,QmS5DUtnCtFK2FkWgrc4SwacsW23toNqFx9vwUHs7Dvrey
4cc22c7c-2354-41a1-af4d-25c9b5c6e4a2,"2023-11-06 14:54:16.284308","2023-11-06 14:54:16.000000",efea4dfb-af17-411c-bf28-e42b390eebb0,2,4393fbc8-8d8a-410c-a830-5f0cb4c014df,NULL,"WhiteboardTemplate-very very big file-2fb80c01-4d8b-4a01-8da3-4a990836ef55",e2479633-63d3-41ff-9379-c80e856d5f96,image/png,194662,QmU91mkZmG9oJEEgVj3Lfg1n2LDCd2KbZKbWEoLJusMXr9
4f7deb58-11a4-44ef-a746-964a9a5b2cef,"2023-12-05 15:46:45.077681","2023-12-05 15:46:45.000000",efea4dfb-af17-411c-bf28-e42b390eebb0,2,6236b8e5-2884-4803-9e1f-83d80581ef36,NULL,impact.jpeg,28e100b2-f24f-404b-bbd5-6912869a4287,image/jpeg,76648,QmYJch1PeLffG3t1JJ6U9tHdAFUk5c7oridirn7CnNu7e8
57786bce-69fe-4875-bcf7-375f1e348aab,"2024-02-01 13:58:05.609425","2024-02-01 13:58:05.000000",42d306a6-1ab1-409e-bee7-2fbf37f1636c,3,916cad51-66ff-44d9-a522-d59d64017f0d,NULL,pexels-mati-mango-11481752.jpg,ed8dbdeb-44e6-44d0-b1fe-d093e5b8b687,image/jpeg,3007147,3c2d92e53d721eb529a2258671c31b56a4094f85710f20550f619a0bc4c88eb2
596a5d89-e30a-4ed2-a41f-0903b6edbea6,"2023-11-13 21:20:14.634074","2023-11-13 21:20:14.000000",efea4dfb-af17-411c-bf28-e42b390eebb0,3,4c903f20-6832-4257-9d0e-4beb601792d2,NULL,,b3586a9b-dc48-4dfc-87e1-47e5fcb5fb5c,image/jpeg,25935,QmeqevNoF85xjn5YcGXyFPDkuGjbueiFbMwhQXTgxpUy3m
5a0493ff-8ee8-4fbf-8bfa-1422bd31a008,"2023-11-06 14:54:15.477273","2023-11-06 14:54:15.000000",efea4dfb-af17-411c-bf28-e42b390eebb0,2,b03d2873-bfbe-44d5-a0a6-82c112538859,NULL,"WhiteboardTemplate-very very big file-203ab260-2e50-4e39-b3f5-fd79fe15294e",89a210f2-2b15-4a24-a6be-207c0add6de4,image/png,403580,QmXR584qMD1kZWQdGjPoUWX55UUUttRz4t4PfU7tCii6Wy
5a605f89-5a63-415e-8eb5-36f502fd8334,"2023-11-06 14:54:18.312076","2023-11-06 14:54:18.000000",efea4dfb-af17-411c-bf28-e42b390eebb0,2,71885cc8-6342-4b0e-b411-1a4d19346204,NULL,"WhiteboardTemplate-very very big canvas-8d5d672f-6c98-43bf-80c9-6e7ebc9fba35",10b1569b-6d3b-4698-9e07-ab7e65440263,image/png,194662,QmU91mkZmG9oJEEgVj3Lfg1n2LDCd2KbZKbWEoLJusMXr9
5fc7d014-10d7-4b06-b2db-7171f8ace0f3,"2024-07-31 08:18:59.651752","2024-07-31 08:18:59.651752",efea4dfb-af17-411c-bf28-e42b390eebb0,1,60b84956-0309-4937-9bfe-71f2cd98af4b,NULL,alkemio.jpeg,7010c009-54ef-4b74-acc2-3ac37d2ec081,image/jpeg,47877,ae450994f583a55f836e2517919407d3dbcf0f363406fa31fd86098c4bd38c1e
63ca005f-8e54-46fb-9752-c9116a467f4d,"2023-11-06 14:54:20.313060","2023-11-06 14:54:20.000000",efea4dfb-af17-411c-bf28-e42b390eebb0,2,51369ee7-8c29-4e92-923f-7c2851e06c91,NULL,"WhiteboardTemplate-very very big file-ba2a1c7b-bc8e-444f-8b94-bdcdb0fb128a",5a7fdb0b-af37-4b6d-98d8-be520e331c03,image/png,194662,QmU91mkZmG9oJEEgVj3Lfg1n2LDCd2KbZKbWEoLJusMXr9
6a44f561-cdbf-46cc-851b-1a9e5166cabd,"2023-11-06 14:54:18.430174","2023-11-06 14:54:18.000000",efea4dfb-af17-411c-bf28-e42b390eebb0,2,efa6211d-ec9b-411b-ac1c-e02f410ae784,NULL,"WhiteboardTemplate-very very big canvas-8ea51403-1bf6-4348-b1b7-9ca2510aa8b7",8fd7a078-2fa9-4d9d-9f3f-004859f6a711,image/png,403580,QmXR584qMD1kZWQdGjPoUWX55UUUttRz4t4PfU7tCii6Wy
6e19f2d9-5d2a-4b3d-b18a-66e811c73999,"2023-11-06 14:54:15.233507","2023-11-06 14:54:15.000000",efea4dfb-af17-411c-bf28-e42b390eebb0,2,5e0caa17-6787-4941-8a4b-f560d5f769d8,NULL,WhiteboardTemplate-wireframesmenustru-4-11f7ce0d-2eca-4cfe-a54f-868ebbcf0c63,6e5c0c9c-636a-482a-8c7d-9035acea78e6,image/png,403580,QmXR584qMD1kZWQdGjPoUWX55UUUttRz4t4PfU7tCii6Wy
6e6ce7c7-0058-43ad-8a28-8a48d663633f,"2023-12-05 15:46:44.839463","2023-12-05 15:46:44.000000",efea4dfb-af17-411c-bf28-e42b390eebb0,2,1152b20e-8f72-4ccf-bc7d-d25e2b282bca,NULL,bee.jpeg,fddb64ee-fa09-4060-9ea2-b6743631f4e1,image/jpeg,78786,QmYAWN7Tbjfh38Mj2YzxwKkZYNE3nBTAvCFK5Dd5umgaup
74209ccf-96bc-4fe5-aac2-22709a33770e,"2023-11-13 21:20:13.696249","2023-11-13 21:20:13.000000",efea4dfb-af17-411c-bf28-e42b390eebb0,3,f9005a44-5926-42b5-b3fb-478b84867da5,NULL,,5fd6b5bf-51d2-4cfa-952a-27074423d07a,image/jpeg,31831,QmeXoDWY86iPCwdCZVgD2becmbgN2wy5XC9RC832ffV22z
790e0393-e161-4cf9-9146-b611daa29d97,"2023-11-13 21:20:14.265900","2023-11-13 21:20:14.000000",efea4dfb-af17-411c-bf28-e42b390eebb0,5,0766d2b9-2cea-40d2-b683-586b6e856f53,NULL,,e132046b-29d9-4e83-9083-e1df043b65e3,image/jpeg,20718,QmViQoajobQiqmFLn1Mk3rBt5BiGbnidYXso8oKiWq1fcp
82e4bd22-091a-465f-8508-dfc621b10fec,"2023-11-06 14:54:15.178748","2023-11-06 14:54:15.000000",efea4dfb-af17-411c-bf28-e42b390eebb0,2,3e28c0f6-511b-45bf-9119-4cfb3fa66d10,NULL,WhiteboardTemplate-wireframesmenustru-4-11f7ce0d-2eca-4cfe-a54f-868ebbcf0c63,a22384e5-e0b7-4a54-a541-2b7abe28f0d5,image/png,210473,QmZxL3WJbmUYqY4WKhPV84nLqhts2T3vxS32TCtzbUMtHK
83ab18c5-3ad6-408b-b75a-dde83bb65f0b,"2023-11-13 21:20:13.682041","2023-11-13 21:20:13.000000",efea4dfb-af17-411c-bf28-e42b390eebb0,2,eefe6a1d-2216-4e03-a8af-6ab3d193e300,NULL,,be837def-cefd-4997-bbc9-2d0871dbd89e,image/jpeg,31831,QmeXoDWY86iPCwdCZVgD2becmbgN2wy5XC9RC832ffV22z
8661c930-e200-4daa-b66b-dabb314afea9,"2023-11-06 14:54:21.258921","2023-11-06 14:54:21.000000",efea4dfb-af17-411c-bf28-e42b390eebb0,2,a660914e-4cf5-42d5-a1ae-5a1e2e3814a7,NULL,"WhiteboardTemplate-Empty Template-ec0bf3b1-e7e3-4294-951a-3e0ce77c24f7",27ffa559-196e-4c7b-8fd9-23aa23224c5e,image/jpeg,12955,QmYc2LvHneNurSCbUySAphhAigens6FgSN6DM1XS24nTXR
8d4a1875-111f-4cba-a711-a3e1d6c9a1f0,"2024-07-31 08:19:44.462273","2024-07-31 08:19:44.462273",efea4dfb-af17-411c-bf28-e42b390eebb0,1,80aa4d35-5d69-46c0-b7c1-10a30c1e991b,NULL,alkemio.jpeg,1a38b592-331c-412f-a25d-3722a94076ed,image/jpeg,47877,ae450994f583a55f836e2517919407d3dbcf0f363406fa31fd86098c4bd38c1e
9404711f-d3bc-4e7b-8c9a-b3d2156e2fea,"2023-11-22 12:09:03.618351","2023-11-22 12:09:03.000000",NULL,3,7e667549-d2b0-4545-8336-9bd5f4ab9fd6,NULL,,ce97a02a-9fc1-4c12-a43b-e7335ec299bc,image/jpeg,25935,QmeqevNoF85xjn5YcGXyFPDkuGjbueiFbMwhQXTgxpUy3m
97577289-66b6-446f-983a-0d2649deaf59,"2024-07-31 08:17:29.812042","2024-07-31 08:17:29.812042",efea4dfb-af17-411c-bf28-e42b390eebb0,1,1586437a-b912-472d-8a05-29e33e5bc491,NULL,alkemio.jpeg,8cd0167f-3057-459b-99c1-e2e2ae11f0d7,image/jpeg,47877,ae450994f583a55f836e2517919407d3dbcf0f363406fa31fd86098c4bd38c1e
999dded4-6fb5-41eb-b254-5d8fa4a9d458,"2023-11-06 14:54:16.515424","2023-11-06 14:54:16.000000",efea4dfb-af17-411c-bf28-e42b390eebb0,2,ce844b16-72f3-4982-b955-95a632b52924,NULL,"WhiteboardTemplate-very very big canvas-30769709-f5a4-41ee-b346-4158d75ccfbf",76538850-ea3f-41cd-abf7-bae7a59fa110,image/png,194662,QmU91mkZmG9oJEEgVj3Lfg1n2LDCd2KbZKbWEoLJusMXr9
9e678842-51f2-44f9-8128-b81c21c755e3,"2023-11-06 14:54:19.887283","2023-11-06 14:54:19.000000",efea4dfb-af17-411c-bf28-e42b390eebb0,2,6fa7ec86-1c52-4ec4-8eb1-765ca01c693e,NULL,"WhiteboardTemplate-very very big canvas-acff8ace-5168-4a1a-ad8a-2b82644f19f1",b7b1d1c9-4504-43fd-a20a-f57235f415df,image/png,403580,QmXR584qMD1kZWQdGjPoUWX55UUUttRz4t4PfU7tCii6Wy
a14ff91d-37fd-4262-aca8-6af745133667,"2023-11-06 14:54:16.692609","2023-11-06 14:54:16.000000",efea4dfb-af17-411c-bf28-e42b390eebb0,2,b294a6d9-b998-489f-b23d-7a3405d22f4f,NULL,"WhiteboardTemplate-Custom Template-34c3861a-339c-4c6e-a531-6c73d0776ec0",566e3e2c-1ffa-4d62-9272-2eb09bdd96b8,image/png,169165,QmYnGC886g2Mb9ZEU2YxRxunaFTWan5FVpsDWDYGuu6RsD
a1cdeb64-7f48-48b8-8877-f4bf4a5b25ce,"2024-07-31 08:17:14.444327","2024-07-31 08:17:14.444327",efea4dfb-af17-411c-bf28-e42b390eebb0,1,36b1d69a-246f-4457-ae17-4edab2bf943e,NULL,alkemio.jpeg,aa1a41a4-4dd9-4243-9795-0ec7f5c3ae31,image/jpeg,47877,ae450994f583a55f836e2517919407d3dbcf0f363406fa31fd86098c4bd38c1e
a55d98be-fddc-4460-999d-3e196e293f11,"2024-07-31 08:20:14.766219","2024-07-31 08:20:14.766219",efea4dfb-af17-411c-bf28-e42b390eebb0,1,a5641099-04ec-4236-8ca1-ebb40e3ebda5,NULL,alkemio.jpeg,77196db8-e10e-493d-8507-200e68ecbfee,image/jpeg,47877,ae450994f583a55f836e2517919407d3dbcf0f363406fa31fd86098c4bd38c1e
aa28ea8b-088f-4ed6-9b1d-e933ee3d8dcf,"2023-11-06 14:54:15.108587","2023-11-06 14:54:15.000000",efea4dfb-af17-411c-bf28-e42b390eebb0,2,3d16c1b7-dcd8-48ab-bbdf-c12b1883ea2e,NULL,"WhiteboardTemplate-Custom Template-05dbb69b-fa5b-41f0-a49b-a3b4a9b36b0f",125fd763-9abe-4d29-badf-bcfcc5e3d6ec,image/png,24914,QmSihZzbtta9hr79L6hv8SGECJob6JuT9ofHGANxmyjfCQ
aeb41306-dfa2-445e-b633-aebb64c24f8a,"2024-07-31 08:19:29.719713","2024-07-31 08:19:29.719713",efea4dfb-af17-411c-bf28-e42b390eebb0,1,a91fabce-8c28-4c6a-a45c-8faa8c000e1d,NULL,alkemio.jpeg,a7dd83ab-6d15-427b-b3d1-c5b519de501b,image/jpeg,47877,ae450994f583a55f836e2517919407d3dbcf0f363406fa31fd86098c4bd38c1e
b403b61d-7c23-49c3-912c-62d4a62d325c,"2024-03-05 10:59:47.682417","2024-03-05 10:59:47.000000",efea4dfb-af17-411c-bf28-e42b390eebb0,3,fbd6440c-5fd9-4af8-a85b-ea437a10d78b,NULL,bee.jpeg,a7cd6899-c503-49a8-874b-79cf22759612,image/jpeg,78786,QmYAWN7Tbjfh38Mj2YzxwKkZYNE3nBTAvCFK5Dd5umgaup
b80b9c18-4710-424c-b538-195cf2822dea,"2024-02-20 16:48:13.198537","2024-02-20 16:48:13.000000",2de21941-a21f-4cfc-a076-3aa3bc74157e,3,4bdb1dc5-50ac-4cae-86a0-31641d6296ca,NULL,,b29c57bf-c262-4908-b6b7-4872c4f251c8,image/jpeg,25935,7f53cc31b6538a1c71a5606d06cae22aa4f79fc04ff602f9c0b4a0506f3737cd
c28f356d-c93d-4f19-8b11-53a725f40851,"2024-02-01 13:58:02.140859","2024-02-01 13:58:02.000000",42d306a6-1ab1-409e-bee7-2fbf37f1636c,3,226eed24-5a17-4161-8669-ba17a5894f76,NULL,pexels-carlos-spitzer-17811.jpg,b78b16d4-cf47-46b0-bd94-dca9733da9fe,image/jpeg,3398948,df83cd50b85bcecb7ebc4992eb3fed3b66dd720723610ddd80145b2fc60fbfe7
c39f7310-6135-48b0-b456-4f635ac72501,"2023-11-06 14:54:19.830239","2023-11-06 14:54:19.000000",efea4dfb-af17-411c-bf28-e42b390eebb0,2,1c2b2c02-f284-4040-aabe-060b76be58b4,NULL,"WhiteboardTemplate-very very big canvas-acff8ace-5168-4a1a-ad8a-2b82644f19f1",c33c8f37-1a3d-4edd-a77f-8c7572902ed7,image/png,210473,QmZxL3WJbmUYqY4WKhPV84nLqhts2T3vxS32TCtzbUMtHK
c3a7b15e-f041-4008-9e60-3d0a540deee5,"2024-07-31 08:19:14.453818","2024-07-31 08:19:14.453818",efea4dfb-af17-411c-bf28-e42b390eebb0,1,c8d1a31b-9bc8-49cc-8747-06f43478b5e0,NULL,alkemio.jpeg,e1d51a16-e99d-4c34-a9af-89bd6a641619,image/jpeg,47877,ae450994f583a55f836e2517919407d3dbcf0f363406fa31fd86098c4bd38c1e
c55deea2-ca4f-4501-a8ad-d71ad548a5b8,"2023-11-06 14:54:20.203771","2023-11-06 14:54:20.000000",efea4dfb-af17-411c-bf28-e42b390eebb0,2,a36cd45a-0b08-470a-940a-012a48892717,NULL,"WhiteboardTemplate-very very big file-ba2a1c7b-bc8e-444f-8b94-bdcdb0fb128a",449d9e96-3824-4eb2-bc3f-253612b2b4b5,image/png,403580,QmXR584qMD1kZWQdGjPoUWX55UUUttRz4t4PfU7tCii6Wy
c6325e5f-3ec0-490d-97a8-41f41bf88b9d,"2023-11-06 14:54:15.287361","2023-11-06 14:54:15.000000",efea4dfb-af17-411c-bf28-e42b390eebb0,2,5dc76c89-6087-4a59-a3ff-9735b8a19b54,NULL,WhiteboardTemplate-wireframesmenustru-4-11f7ce0d-2eca-4cfe-a54f-868ebbcf0c63,66b05665-a11d-4aa2-a7e6-57216946c401,image/png,252972,QmS5DUtnCtFK2FkWgrc4SwacsW23toNqFx9vwUHs7Dvrey
c6ab11f5-f1da-48df-b383-6694599725b4,"2024-07-31 08:16:59.436396","2024-07-31 08:16:59.436396",efea4dfb-af17-411c-bf28-e42b390eebb0,1,3bb88fab-b0f2-49f5-8a51-27ac99d32dc6,NULL,alkemio.jpeg,bebdc524-8002-42a0-927e-798ecc28f9b9,image/jpeg,47877,ae450994f583a55f836e2517919407d3dbcf0f363406fa31fd86098c4bd38c1e
c7493e84-0d02-427a-84fe-4e36bbea247e,"2023-11-06 14:54:16.400983","2023-11-06 14:54:16.000000",efea4dfb-af17-411c-bf28-e42b390eebb0,2,048d7f77-cff2-4712-bd56-0ec4c7c7fa13,NULL,"WhiteboardTemplate-very very big canvas-30769709-f5a4-41ee-b346-4158d75ccfbf",3f22f737-39a5-4162-b854-bc848c04dcc0,image/png,403580,QmXR584qMD1kZWQdGjPoUWX55UUUttRz4t4PfU7tCii6Wy
d1c6f416-8c1d-458f-ab93-f7a3e8ee841f,"2023-12-05 15:46:45.336552","2023-12-05 15:46:45.000000",efea4dfb-af17-411c-bf28-e42b390eebb0,3,aecf4608-e264-43c1-95d9-815e74f7e171,NULL,impactFest.jpeg,9e5d40d6-9e75-466c-bb3e-51c7f97621be,image/jpeg,162911,QmRNGXU1UqVoF9k189NEDZjTNwSxwqqXk71c5hZoYbYanD
d288971e-4aa7-45ce-9078-f716a36344db,"2023-11-06 14:54:20.001817","2023-11-06 14:54:20.000000",efea4dfb-af17-411c-bf28-e42b390eebb0,2,1b230811-b124-48bb-89db-24fe36136fbd,NULL,"WhiteboardTemplate-very very big canvas-acff8ace-5168-4a1a-ad8a-2b82644f19f1",659f7ec9-8b94-408b-9623-a5636f064de9,image/png,194662,QmU91mkZmG9oJEEgVj3Lfg1n2LDCd2KbZKbWEoLJusMXr9
d620eaeb-db59-43b1-aeb2-b986f6452fc2,"2024-07-31 08:18:50.391674","2024-07-31 08:18:50.391674",efea4dfb-af17-411c-bf28-e42b390eebb0,1,93b177fd-fb39-4474-9e5e-f5152a543d80,NULL,alkemio.jpeg,1e422f31-f1d7-4221-9b07-5e649d8984a2,image/jpeg,47877,ae450994f583a55f836e2517919407d3dbcf0f363406fa31fd86098c4bd38c1e
d7122670-c4d9-40f3-b94a-fa70d7f913b0,"2023-11-06 14:54:15.342074","2023-11-06 14:54:15.000000",efea4dfb-af17-411c-bf28-e42b390eebb0,2,925253b7-28a3-4d44-9edf-8d8500950663,NULL,WhiteboardTemplate-wireframesmenustru-4-11f7ce0d-2eca-4cfe-a54f-868ebbcf0c63,785b2b3f-6785-4012-81aa-7524354f4e5d,image/png,194662,QmU91mkZmG9oJEEgVj3Lfg1n2LDCd2KbZKbWEoLJusMXr9
d7be3e06-365a-4fc5-bdb8-3a11eca7515f,"2023-11-06 14:54:18.130034","2023-11-06 14:54:18.000000",efea4dfb-af17-411c-bf28-e42b390eebb0,2,baadc3eb-708c-469d-a3ce-bc630912201d,NULL,"WhiteboardTemplate-very very big canvas-8d5d672f-6c98-43bf-80c9-6e7ebc9fba35",5d61364c-4503-4dbf-99f0-4b6e34140fff,image/png,210473,QmZxL3WJbmUYqY4WKhPV84nLqhts2T3vxS32TCtzbUMtHK
d8fb2017-4b15-4297-9915-6a72f3be0fca,"2023-11-06 14:54:18.192662","2023-11-06 14:54:18.000000",efea4dfb-af17-411c-bf28-e42b390eebb0,2,b79124c1-82ff-4a61-866e-cce85dad7832,NULL,"WhiteboardTemplate-very very big canvas-8d5d672f-6c98-43bf-80c9-6e7ebc9fba35",b40bbdff-43b7-4906-b368-254a460b7740,image/png,403580,QmXR584qMD1kZWQdGjPoUWX55UUUttRz4t4PfU7tCii6Wy
d9bc06be-4b5a-4ed4-8d50-e6427b08670e,"2024-07-31 08:18:14.571768","2024-07-31 08:18:14.571768",efea4dfb-af17-411c-bf28-e42b390eebb0,1,9a147657-3d4b-4a40-a6e8-79b237b6813e,NULL,alkemio.jpeg,9e98465c-39e7-4e5d-a6d4-e00be182b1e5,image/jpeg,47877,ae450994f583a55f836e2517919407d3dbcf0f363406fa31fd86098c4bd38c1e
da8fad4c-f353-4bec-8c92-0f63c6532e50,"2024-02-01 13:58:02.241083","2024-02-01 13:58:02.000000",42d306a6-1ab1-409e-bee7-2fbf37f1636c,3,0ef4112e-b527-4727-8710-870338d6bd5b,NULL,pexels-mati-mango-11481752.jpg,7e999a3b-0f94-4c04-992f-626485c679d8,image/jpeg,3007147,3c2d92e53d721eb529a2258671c31b56a4094f85710f20550f619a0bc4c88eb2
e0d0e6fe-a98d-4620-8226-2a643b63a7c4,"2023-12-05 15:46:45.601897","2023-12-05 15:46:45.000000",efea4dfb-af17-411c-bf28-e42b390eebb0,3,def1b91c-082a-437c-95b7-4e4145b25d2c,NULL,raising_alkemio_profile.jpeg,2b1f0bb8-db12-4650-aaf8-24430537883a,image/jpeg,130018,QmNQwBy7UVfnmdxYQkTwxJ5C3Yi4JMnpuHCLB7w53p5V9J
e456b103-eae4-444f-85dd-d5c8dad8c41c,"2023-12-05 15:46:44.940709","2023-12-05 15:46:44.000000",efea4dfb-af17-411c-bf28-e42b390eebb0,2,210ca6ec-e231-412d-aafc-2ab9e8d63326,NULL,alkemio.jpeg,4bca9272-3c7d-44f9-98b2-0efbcdf96aec,image/jpeg,72364,QmYoRXNvzmupVXQEAkwBQGx5nGENfvHgtJst7TE23m1J6F
e7f46a11-a82e-4bfc-8dc5-5357ea873ff5,"2023-11-06 14:54:20.449676","2023-11-06 14:54:20.000000",efea4dfb-af17-411c-bf28-e42b390eebb0,2,c1baf808-3416-41c9-b977-f9858852c11b,NULL,"WhiteboardTemplate-Mission design canvas OECD-d43f6c1f-2b4c-4507-aed7-a0a747ec9bd3",b6c0a0b8-cc2b-400d-adb5-87c653372e75,image/png,24914,QmSihZzbtta9hr79L6hv8SGECJob6JuT9ofHGANxmyjfCQ
e8265b8a-d8d5-4269-b79a-6c6e02f1ec4a,"2024-07-31 08:17:44.470005","2024-07-31 08:17:44.470005",efea4dfb-af17-411c-bf28-e42b390eebb0,1,59792b42-fa4f-4101-96e6-f72bed073f5e,NULL,alkemio.jpeg,db7a20c4-57a6-446f-b09a-4f5e81b8683b,image/jpeg,47877,ae450994f583a55f836e2517919407d3dbcf0f363406fa31fd86098c4bd38c1e
e9aafb85-3f93-4797-8fae-5a0b9596f265,"2023-11-22 14:03:24.913901","2023-11-22 14:03:25.000000",efea4dfb-af17-411c-bf28-e42b390eebb0,3,a1b2b1c5-26be-4b35-8033-b11b97f31c40,NULL,1_6-size.jpg,5bd89106-c960-4c51-b4ab-a8093da9c366,image/jpeg,374407,QmZKkyQAS4xMCYjHV8W2ekx3qZpb6jFKSAoDG3MqekXos3
ef8bd026-fdcd-4b66-9dd0-7a0809b1f933,"2024-07-31 08:20:59.476854","2024-07-31 08:20:59.476854",efea4dfb-af17-411c-bf28-e42b390eebb0,1,65a68b6b-114e-4785-84bb-cff5c046f1b9,NULL,alkemio.jpeg,b473edf2-eb9d-4dc0-bfa9-3eff904d4c63,image/jpeg,47877,ae450994f583a55f836e2517919407d3dbcf0f363406fa31fd86098c4bd38c1e
f0aa64b3-0b1d-4785-a2ec-2ed8bef18f63,"2024-02-01 13:56:23.668285","2024-02-01 13:56:23.000000",42d306a6-1ab1-409e-bee7-2fbf37f1636c,3,bd129c73-d60f-4232-92a9-3c3922bfa116,NULL,pexels-mati-mango-11481752.jpg,dc45b572-9d9d-4765-8e3e-74934fdaa439,image/jpeg,3007147,3c2d92e53d721eb529a2258671c31b56a4094f85710f20550f619a0bc4c88eb2
f1ca7ebe-21b4-4207-b9d0-b31a2de8444a,"2023-11-13 21:20:14.274627","2023-11-13 21:20:14.000000",efea4dfb-af17-411c-bf28-e42b390eebb0,3,10e540f1-c943-4759-8e21-210811ec1d74,NULL,,97ba6d71-28ce-4401-9f3d-966796f1e0fd,image/jpeg,20718,QmViQoajobQiqmFLn1Mk3rBt5BiGbnidYXso8oKiWq1fcp
f26dcf2f-5ae1-4408-a6ee-ca627b8df794,"2023-11-06 14:54:20.257463","2023-11-06 14:54:20.000000",efea4dfb-af17-411c-bf28-e42b390eebb0,2,414e6f9a-c776-4d33-8dc1-ec88fb95e328,NULL,"WhiteboardTemplate-very very big file-ba2a1c7b-bc8e-444f-8b94-bdcdb0fb128a",90cf6145-5300-4451-8f74-c48a66687fdd,image/png,252972,QmS5DUtnCtFK2FkWgrc4SwacsW23toNqFx9vwUHs7Dvrey
fcdf8376-89f5-4713-83b4-e535a0de7c6b,"2024-07-31 08:21:14.535728","2024-07-31 08:21:14.535728",efea4dfb-af17-411c-bf28-e42b390eebb0,1,bfc5252f-e6ec-4afb-903b-748599c28b6d,NULL,alkemio.jpeg,ad968697-543f-4507-ae60-45343edf9bed,image/jpeg,47877,ae450994f583a55f836e2517919407d3dbcf0f363406fa31fd86098c4bd38c1e
fe7ed673-8111-4e60-b6ff-ddafdfbe85f6,"2024-07-31 08:20:44.691714","2024-07-31 08:20:44.691714",efea4dfb-af17-411c-bf28-e42b390eebb0,1,620907ac-87c4-4126-93c1-265ff6976a95,NULL,alkemio.jpeg,37ca5770-727e-4e44-a3a5-7c70ce88ce16,image/jpeg,47877,ae450994f583a55f836e2517919407d3dbcf0f363406fa31fd86098c4bd38c1e
ff7561cb-4d1d-4b66-a68a-b3833fbf4f84,"2023-11-06 14:54:20.150366","2023-11-06 14:54:20.000000",efea4dfb-af17-411c-bf28-e42b390eebb0,2,f00154f8-8d2f-4504-9bdb-8e41593fc68c,NULL,"WhiteboardTemplate-very very big file-ba2a1c7b-bc8e-444f-8b94-bdcdb0fb128a",b50e5652-5f86-4e54-9ced-97dafe050cc1,image/png,210473,QmZxL3WJbmUYqY4WKhPV84nLqhts2T3vxS32TCtzbUMtHK
