id,createdDate,updatedDate,version,description,authorizationId
0042d70f-c9c5-4011-835c-97922c7ee028,"2024-06-18 10:48:39.303909","2024-06-18 10:48:39.303909",1,,44a36e7f-fa75-482e-ada4-67e82918dfbc
007cdae6-3eb2-4ebe-ac7b-e334a9985cf6,"2023-08-30 15:20:42.978062","2023-08-30 15:20:42.978062",1,,6fae3d18-e7d3-4aaf-b841-97947811537d
00972e1e-c839-4be0-82e2-dce3663b5e5d,"2023-03-28 13:59:29.752703","2023-03-28 13:59:29.752703",1,,a344730b-cf96-4cb0-b25e-de8ac6505693
00bd8d1e-5a71-4e13-b607-cfe6466e0e87,"2023-03-01 16:39:06.156357","2023-03-01 16:39:06.156357",1,,b6b5448f-56e2-4f54-896a-16010e24003c
0165bc97-4360-4b13-93fc-e6ba83144c6f,"2023-06-29 11:22:50.886521","2023-06-29 11:22:50.886521",1,,501d5a37-856d-4f3b-b196-3693f9d43ccf
01ad693f-db0f-4bd0-b755-5751041ec470,"2023-02-02 12:08:51.261749","2023-02-02 12:08:51.261749",1,,27c33ff5-ffc2-470a-8e4b-7bb56cd05240
02339b8e-4429-4999-97f8-cabfcff7daaf,"2024-05-17 08:20:41.686745","2024-05-17 08:20:41.686745",1,,f8e96629-21b5-4000-9205-005e53901d46
02659e9d-8029-414c-b15b-000a998875c8,"2022-08-31 09:47:06.484479","2022-08-31 09:47:06.484479",1,,790efe99-6993-467c-b403-f3b2eb887226
0268a14e-c68e-4cbf-9b00-9e9e799e1695,"2023-08-03 13:47:41.832623","2023-08-03 13:47:41.832623",1,,f7d7322d-dec9-4363-8a06-7a77b97e6760
0274baa1-52ec-46a7-afc7-5d2476456bb6,"2024-07-19 12:28:27.897085","2024-07-19 12:28:27.897085",1,,e9957343-78bc-4019-b8b8-4efbe1d70594
02bca7a0-5882-4b84-9c6f-882cd873c1bb,"2024-04-29 10:36:32.329147","2024-04-29 10:36:32.329147",1,,66ddb262-836e-4bcb-89a9-e5741b17876a
03328f88-4a2a-4c39-b752-1863dfb90870,"2023-08-31 08:06:35.174469","2023-08-31 08:06:35.174469",1,,a2dc249f-9d18-4b8a-aa2f-6fe18c8d6ead
034bab70-bd3e-47a9-949b-9e0f085fec0c,"2024-05-08 07:59:31.988848","2024-05-08 07:59:31.988848",1,,3f7e0433-c30e-4520-a0b0-4efb7d0d330a
037b313e-c0ab-4a88-8277-93e059173f33,"2023-07-11 15:02:10.774103","2023-07-11 15:02:10.774103",1,,6cae835b-cd5a-489f-89e1-f98d188030f0
037d4a19-daae-4f29-8d60-089e06303a35,"2024-03-07 09:24:42.453462","2024-03-07 09:24:42.453462",1,,ad3a9918-b329-4b33-9b64-1af37272f990
049205a6-2e47-4404-9f7b-02efca45f016,"2024-06-28 12:04:03.334882","2024-06-28 12:04:03.334882",1,,37f7312e-0710-463c-894d-3c7fb7775e27
04c849c9-cbc4-4154-9948-69a1c5f609ae,"2023-01-26 14:28:50.469827","2023-01-26 14:28:50.469827",1,,4d8a705f-6876-466f-904e-e6517688c3e9
05a3f093-e756-4250-9de6-98a67e520028,"2024-04-08 10:18:59.746402","2024-04-08 10:18:59.746402",1,,821e3e72-2124-476a-87fd-2d8b4740b740
06a46c73-8807-4f8c-a995-895796d575a9,"2023-08-17 08:43:55.567459","2023-08-17 08:43:55.567459",1,,f4f27b9e-93ae-412a-9d3d-b855cda7ca43
074d5958-e1d6-48ff-9cba-a29986707743,"2024-05-16 14:17:07.284231","2024-05-16 14:17:07.284231",1,,4295660f-e102-4f2b-a6cb-39804e630def
08081e1b-3295-497c-9ac3-dfb177c16c2a,"2023-01-12 11:18:24.261123","2023-01-12 11:18:24.261123",1,,3e6ef84c-2d29-44a9-a670-1e7199e0fdd7
083bbf82-00c0-4037-9006-ab0432cb2685,"2022-09-15 11:04:28.811684","2022-09-15 11:04:28.811684",1,,68aaddf9-5540-4eee-9f50-51d6652bd32b
088e85c3-a974-4603-87da-2d8547a08761,"2023-03-31 14:29:26.640753","2023-03-31 14:29:26.640753",1,,09e84eaf-e505-4424-a441-c4dcee58366c
08e61dbc-e97c-4b23-b606-2764cf33b85c,"2023-11-09 18:50:33.325329","2023-11-09 18:50:33.325329",1,,c8cee085-9a40-4b0c-804e-e3f4f07653d9
0977a1d6-a0a6-4116-8fc4-67d05fe0d964,"2024-06-05 09:44:14.996001","2024-06-05 09:44:14.996001",1,,315f5de3-e2eb-4bfb-8c1a-f84c1a689830
09d30de3-7773-4eeb-9a43-e587348bb4d2,"2024-03-11 09:44:13.879048","2024-03-11 09:44:13.879048",1,,732dc2d5-79f1-42f0-b9c3-1bb11d8f5c83
0a15cf63-287f-46df-b696-cdebd10abd47,"2024-06-05 08:53:03.793939","2024-06-05 08:53:03.793939",1,,822b2b27-e810-472f-8fa2-70e466d59c70
0a208a33-8b0c-4264-936f-256600d6edbc,"2024-08-12 07:25:21.976983","2024-08-12 07:25:21.976983",1,,f0aa5d8b-9c8f-4398-98dc-37178c09e615
0a5a89a8-812f-4461-b34b-ba6f448d6a8a,"2024-08-12 10:51:45.208191","2024-08-12 10:51:45.208191",1,,25307cc5-bcb4-4547-8e17-7772c1f21d06
0af9cdd6-1101-4a79-8e45-b23049822bab,"2023-07-20 13:05:51.937806","2023-07-20 13:05:51.937806",1,,26ebb013-89f8-4796-a2e5-f0b2a2b43909
0b0d910f-98f7-40ed-b16e-7405484532e1,"2024-08-12 13:17:56.881042","2024-08-12 13:17:56.881042",1,,b33e1f71-dc0a-4dde-ad9c-8792779dc418
0b82175f-bd36-4f3c-a70a-a63dba9384b2,"2022-11-25 10:59:02.620203","2022-11-25 10:59:02.620203",1,,09d007ef-bf94-4a7d-9aea-93c89dba8d6d
0be43307-2ae8-425a-aaf8-15ea3ffa3476,"2024-04-08 10:18:17.951828","2024-04-08 10:18:17.951828",1,,99583099-4683-40b8-89e6-656bb2f85351
0cf17373-d6c4-4298-9f34-7d851beb7712,"2024-05-16 13:37:40.630607","2024-05-16 13:37:40.630607",1,,11108400-de66-400b-8a24-eb5c6226453c
0d9ced3d-e486-4c7e-83a1-72c2e3b47c89,"2024-06-28 11:54:19.836550","2024-06-28 11:54:19.836550",1,,37ce31a0-6632-44d9-b93b-b5feaf2195cb
0def10c1-9067-499d-a24d-fb109ce1791b,"2023-02-10 14:29:47.346244","2023-02-10 14:29:47.346244",1,,07bdac9b-40c3-46a6-9ab2-1ecba3a6edd8
0e2eec3d-cf5d-4195-a702-50507a907d1b,"2024-06-10 13:12:33.716060","2024-06-10 13:12:33.716060",1,,bfeab368-072a-4f02-b6aa-a21016602abf
0e5916a8-401b-4ca8-a3e7-388f0d1dd777,"2024-09-10 10:03:56.391810","2024-09-10 10:03:56.391810",1,,33e9808a-cd81-4c02-a8f3-78bbdae31cf1
0eb0b9d4-70d2-49bc-8b64-c55c984a53a9,"2023-07-11 14:37:07.441579","2023-07-11 14:37:07.441579",1,,57cc1020-e994-467e-9fc5-85f81446d2dc
0eb4b696-6520-4949-9d61-ddc8e4c27524,"2023-03-01 15:49:15.346752","2023-03-01 15:49:15.346752",1,,66920e9d-c93b-4e76-8514-ee1ac5b15546
0eee7e67-c62a-411c-954a-a29ecd4af638,"2024-08-19 09:11:07.331875","2024-08-19 09:11:07.331875",1,,8ab96b4b-0e58-412c-a00d-4c610c82ab2f
0f17f802-03c3-4c3d-8cf1-7bab3bf6c649,"2023-07-24 10:12:46.404054","2023-07-24 10:12:46.404054",1,,6c18fdad-e3b3-42ff-a5d0-c87d893217d5
102f3a63-34cc-4ba9-919f-661979bb20ce,"2024-07-26 12:01:23.736602","2024-07-26 12:01:23.736602",1,,c7e2d3df-b2d4-41fb-bc19-76dbc3b3bc1b
109c7210-c411-4825-920f-9f50a28d3251,"2024-06-17 15:41:15.014005","2024-06-17 15:41:15.014005",1,,77954681-4681-4acb-a5a7-c6aeada846a8
10ad4c7b-0b00-4f3e-b519-32d4b751e4b5,"2024-06-25 17:54:07.649047","2024-06-25 17:54:07.649047",1,,d036f933-e550-44a7-9e09-bcb21acd2dc1
116adfb5-b357-477c-bb1b-23c98dbbb4da,"2023-08-22 10:21:38.704015","2023-08-22 10:21:38.704015",1,,f6eba3b5-b53f-496d-97e1-60229d25e4b1
11d03758-4f93-473f-aa62-6062b5e2b63d,"2023-02-10 12:38:37.985317","2023-02-10 12:38:37.985317",1,,e87902e8-c34b-47d1-9c45-c114bd38e04c
121adbab-b073-491c-8471-516952e288da,"2023-08-22 15:05:11.071619","2023-08-22 15:05:11.071619",1,,0cb1dc20-fa39-4364-b20d-9fce4d05cfb6
129104a2-df73-46d3-8066-473454d13642,"2023-07-11 14:56:46.371124","2023-07-11 14:56:46.371124",1,,3761ffe7-6efe-40a0-bc53-ea9b1b25a5ce
12c9738e-b5f5-4186-bb4a-3aaba64af5e0,"2023-09-29 08:50:26.690999","2023-09-29 08:50:26.690999",1,,f6f283c1-44ed-48c0-b39f-1d26cbfd6ee8
12efb2e8-9965-42ea-b12b-630d841a2f5e,"2024-08-12 10:51:22.610421","2024-08-12 10:51:22.610421",1,,264342c0-ea0c-4878-999a-4d5a278f12d1
12fd8164-8eb5-4fbf-8681-a3d560d269d3,"2023-03-01 15:59:05.577772","2023-03-01 15:59:05.577772",1,,37cfaece-98ab-491d-b3c9-4dab126d5274
13161380-56db-4756-b07c-49762c010b3b,"2024-02-01 12:47:45.898068","2024-02-01 12:47:45.898068",1,,cc687931-c752-4f9e-97e5-ccfeef313b00
137bc1f9-2350-4183-8c32-7c48e1db025f,"2024-07-01 10:46:28.723386","2024-07-01 10:46:28.723386",1,,81d7d2d4-5547-4c99-a969-5369e3c123d9
13b87e13-3143-4061-9809-5443b0e716bd,"2023-08-17 10:18:14.072857","2023-08-17 10:18:14.072857",1,,e0c208bb-4c33-4cb7-8813-e9a4a8640c1c
1457a477-a9a3-4c2d-b974-65808484ef21,"2022-10-27 15:15:19.123129","2022-10-27 15:15:19.123129",1,,6f695210-47a5-4b5a-a106-c6e019395ba4
149843b2-3b16-4e86-95c0-53011a4242c4,"2023-08-31 08:45:53.905207","2023-08-31 08:45:53.905207",1,,a9974090-e9b0-44a3-9fe7-d9f85b19e0f0
154e8f64-c150-4fee-b2e0-5a47a5719bb3,"2023-07-19 11:38:38.744087","2023-07-19 11:38:38.744087",1,,30f11eff-cf28-4fdd-931c-b0f43bad2282
15c3b214-5ca4-4566-9738-846de18b83a5,"2024-06-06 07:50:20.876434","2024-06-06 07:50:20.876434",1,,6c63f9f3-e4c4-40af-9c5a-b587040a10b9
15d5f465-af22-4253-8fda-22ca58e26eb1,"2024-05-28 13:08:48.629566","2024-05-28 13:08:48.629566",1,,4d900399-0912-490e-8887-2bd9aa9ba137
1610808d-1faf-4f6e-b844-98d75e28c6e7,"2023-08-04 11:27:01.622108","2023-08-04 11:27:01.622108",1,,36496bb0-7b16-49a3-af2e-367608553810
164e6b5a-c617-4c10-9d72-f8c01174c8b8,"2024-08-14 06:44:03.137493","2024-08-14 06:44:03.137493",1,,5d92b22b-7a85-48f8-813d-269d3ea985c3
165a325c-bf23-4706-9dae-8cb59b7df7d2,"2023-01-26 18:43:05.247098","2023-01-26 18:43:05.247098",1,,ef2ec19d-94f9-42d5-a2d5-66b08c96d6ed
168024f0-2f9e-46b0-808f-d7dc0d22f8a9,"2024-07-19 07:49:07.328474","2024-07-19 07:49:07.328474",1,,fa8e0ee0-8bb2-460f-ac35-64bba598d5a3
17308e66-34e0-4efa-94a7-e6e221a36456,"2024-08-29 07:16:10.200055","2024-08-29 07:16:10.200055",1,,7a5c7216-cc40-47ad-bea8-8cfbe797aeaf
178f452d-0bd0-40df-96da-6fc105d468ad,"2022-07-13 14:19:46.422702","2022-07-13 14:19:46.422702",1,,3de45512-e5ac-441d-ac88-0d23e820ceef
18b47662-902e-4759-a018-6a870e0e87f8,"2023-08-21 12:04:58.725754","2023-08-21 12:04:58.725754",1,,00d675e5-7367-4ac3-b055-cb8a1a0b93b2
197dffea-9574-4151-96e5-663a7a6149b2,"2024-06-05 15:18:08.694033","2024-06-05 15:18:08.694033",1,,cafe3c94-04b7-45f8-81a7-d38ce4795b60
19e97fb7-f949-4cd0-a7e1-8e9bf66a15ec,"2024-01-30 14:54:03.566553","2024-01-30 14:54:03.566553",1,,329a5387-2013-4c5c-8c98-43e6d2198498
1a1ae8bc-3806-4332-ba16-5f172204e944,"2024-08-13 15:22:43.676983","2024-08-13 15:22:43.676983",1,,bfc49f82-3aae-45b7-a10c-ee3ffe8a4623
1b6027d5-4cb6-41b7-9500-0e9ff54b3bbd,"2023-08-22 09:51:30.186006","2023-08-22 09:51:30.186006",1,,1e3d0d8e-c2be-486a-8ba3-891664a150ae
1d980da2-f74b-45ce-951d-bf8a1b447697,"2024-03-25 11:34:19.405761","2024-03-25 11:34:19.405761",1,,99641bb1-2625-4ceb-aa36-e8255ff6b892
1da2e33a-6ca2-4a8d-b674-81e68e6a2bbf,"2023-08-17 18:13:28.226742","2023-08-17 18:13:28.226742",1,,fca45c48-17ed-4cf0-9306-2023dee53189
1e1d2a7b-655f-4d9c-b1c0-9fc7f7c6ca18,"2023-01-11 14:49:00.375063","2023-01-11 14:49:00.375063",1,,7ab02001-df99-4bec-ba8f-97ac9a972523
1e60d6d2-536f-4ead-a657-40f8a3071279,"2023-01-26 18:37:51.503324","2023-01-26 18:37:51.503324",1,,0ddef5e2-b7cd-4b8b-8fde-09ce0c76281b
1e74768c-3aa3-454f-a86d-2050eef92448,"2024-03-11 09:52:38.799518","2024-03-11 09:52:38.799518",1,,de5b71cf-2b06-4a6b-9abf-a6bbf288447f
1fcf33e2-8d64-44ca-a62d-4d677338b0b3,"2024-08-23 10:54:21.503942","2024-08-23 10:54:21.503942",1,,f5224645-857d-4157-97dd-7d68a6b9ac22
1ff71834-c52f-479d-af89-af4fa6f52d79,"2024-04-17 10:52:54.921370","2024-04-17 10:52:54.921370",1,,f76e0537-414e-47ea-b9a5-63403eeeec87
203662c4-098a-41c5-8e4c-1302914b445e,"2023-08-16 15:52:10.718671","2023-08-16 15:52:10.718671",1,,9b771d5a-3fcc-4826-8277-6ab20cbe2195
209b7ad1-3b7a-4896-a64e-e95a48d097e5,"2023-07-11 14:58:54.971681","2023-07-11 14:58:54.971681",1,,b1b6d3a2-aba0-4f73-8b36-c95cd3fbdd30
20a4b250-1369-4ed7-bb2c-7167304ac4e6,"2022-09-26 06:56:02.611483","2022-09-26 06:56:02.611483",1,,4dddb994-690d-4647-9f73-9b4c29874219
20fc720c-e1df-4c3d-a076-58e913110ab5,"2023-07-28 08:24:12.352363","2023-07-28 08:24:12.352363",1,,12805c7a-94a8-49ae-b685-b2a999f33f4a
210cf8d3-4285-4905-90bf-c7ba9ba134f0,"2024-07-05 13:55:43.414383","2024-07-05 13:55:43.414383",1,,c0dc421c-e518-4369-b146-94868489face
212a775f-2d28-498c-8cb1-f3cc8f98e578,"2023-08-31 08:04:13.084597","2023-08-31 08:04:13.084597",1,,663f9401-e994-4552-80e9-4c45af051ec3
21aa44b5-ab29-4858-bd12-0c5d5349b92c,"2024-06-05 08:57:24.384217","2024-06-05 08:57:24.384217",1,,56231c83-3092-47a3-908e-db93bd220b09
21b0d739-4702-4156-8a0c-bf4949861db4,"2024-07-01 07:27:03.505621","2024-07-01 07:27:03.505621",1,,d36463ad-912d-4f45-ac75-6b15b05b179c
21bfabd0-8123-43ab-b3f8-36471cbf3d9d,"2024-05-17 13:45:09.470630","2024-05-17 13:45:09.470630",1,,65b971bc-fd4e-421a-a053-605664c58300
223f5286-1c6e-4054-be45-4e0b9607fc49,"2024-08-13 14:26:15.762513","2024-08-13 14:26:15.762513",1,,d66e59b9-30ab-48c5-889d-067af479a71c
22799c23-ec17-48fb-8c01-411710b2d086,"2024-05-16 07:51:04.442201","2024-05-16 07:51:04.442201",1,,ab2d1115-b83b-4f3c-8327-eeb374b6e05a
22afa46c-ae50-44cf-88fb-0476d406de1e,"2024-04-08 09:21:47.547537","2024-04-08 09:21:47.547537",1,,28981588-297f-485f-b745-b49a086d04e2
22c2cdd7-4cbe-440d-a941-a85362bed14c,"2023-05-04 06:46:52.087005","2023-05-04 06:46:52.087005",1,,c1b17902-70ba-467a-abea-5de90e0d52e5
237b2ac4-a11b-43a9-a938-9404aa458b59,"2023-08-16 15:57:53.306390","2023-08-16 15:57:53.306390",1,,649c7f47-4e36-4cd6-974b-4fc30dc1d78f
2447e3c2-f470-4845-bb58-143a243e8d9b,"2023-11-30 16:01:41.970242","2023-11-30 16:01:41.970242",1,,69e0818c-d624-49a9-85e6-8ae4f1f4a96a
24795dce-de55-4b6f-aa45-299a1f4acaab,"2023-07-20 13:04:47.158796","2023-07-20 13:04:47.158796",1,,9cd9cb1f-5f9e-4130-afb6-c6a0a4740501
24d80c66-2223-4f5b-a3d4-3b8f3cbfe987,"2023-09-20 10:02:53.660572","2023-09-20 10:02:53.660572",1,,bd525a0f-d3f6-420c-a853-3f659191cb4f
253db1eb-f484-4980-a4a9-3f78ec75887b,"2024-06-19 10:54:32.906733","2024-06-19 10:54:32.906733",1,,aa53b6ea-64de-4703-b431-a1eaaacdd076
25d488f3-06c7-4b95-b5b2-26319b259dc3,"2023-04-06 13:34:21.627764","2023-04-06 13:34:21.627764",1,,b2d735b7-94bf-41a5-9efa-b0683d2a08d8
25fb0154-b276-47e8-bb34-c8f422da3b96,"2023-07-24 10:13:08.122407","2023-07-24 10:13:08.122407",1,,c6467923-0511-4cd5-89b9-a3de0ec22f73
2675b179-db89-49a1-8aee-0f4ce3e80a66,"2023-08-16 15:56:12.161549","2023-08-16 15:56:12.161549",1,,6c15efcf-0819-43b4-8055-aefd5346ee2f
26ac70c9-2cc8-4fcd-aafb-32b76cef79a2,"2022-07-13 14:16:04.095534","2022-07-13 14:16:04.095534",1,,0e7a608a-d0d9-4404-befa-219f9dc1179a
26f4c548-d2bd-4f8d-ab02-6907f98ff385,"2023-01-26 19:52:58.465213","2023-01-26 19:52:58.465213",1,,66453f20-8d3b-4f3d-b18c-58ed0a8474f1
27766dd5-be58-43a6-b788-a1ad81802145,"2024-04-30 18:58:41.821193","2024-04-30 18:58:41.821193",1,,8ea65ca6-144d-43a2-a369-6231270b2d30
27aca967-7e19-4c5d-a529-90eb2c838f80,"2023-08-04 09:40:46.706619","2023-08-04 09:40:46.706619",1,,81df40b5-5959-4437-b372-b5c5a9f9bb4c
27b11b83-7ffd-4b3e-8221-558bf286544a,"2022-12-29 10:24:00.784808","2022-12-29 10:24:00.784808",1,,c4d2cd26-f327-49f4-8a8f-83911950c0e8
289462b5-4bbe-496f-baa4-1bd3dfbcd079,"2023-06-27 13:16:55.100890","2023-06-27 13:16:55.100890",1,,eb25cd60-ecea-4f39-8ecd-f69fc9e2fd16
28a0a489-2252-41a9-889e-7ae8b8ffde9b,"2024-05-13 07:49:58.583325","2024-05-13 07:49:58.583325",1,,5e9be828-375d-4741-a630-0af65848148d
28b867dd-1cff-498f-8921-090d089de688,"2023-01-12 11:13:37.057620","2023-01-12 11:13:37.057620",1,,0fe7e2ad-120f-4b7c-acaf-c86c9553cd8e
28be7ca0-1867-435e-9fb4-42d5e7e15265,"2024-02-09 13:54:10.966368","2024-02-09 13:54:10.966368",1,,5c5587f5-e5a6-45ea-90d1-3a6c0cb85d26
292391ad-8f77-4272-833e-f67c7d834c52,"2023-11-08 10:25:00.257290","2023-11-08 10:25:00.257290",1,,4aa5360e-0253-44ae-8fbd-dc98abde90b6
2a0c7d6b-b620-41ba-9811-4097084c17a9,"2023-12-05 13:00:05.494319","2023-12-05 13:00:05.494319",1,,bba06372-6064-44d6-b49e-6a3dff532849
2a344980-9cb2-49da-b34c-278447ad8ea8,"2024-06-05 15:15:09.366103","2024-06-05 15:15:09.366103",1,,c016cb8a-1fcb-47cb-8b88-02701da80e3a
2a45a8f3-41bc-4b88-8e87-21800f72147b,"2022-07-13 14:19:21.265871","2022-07-13 14:19:21.265871",1,,e417deac-5bd9-4d4b-8833-3c2e63998c27
2a6e2d41-8e68-44d0-ad8a-ec611d258f98,"2023-07-20 14:15:20.313473","2023-07-20 14:15:20.313473",1,,7c3b6658-8da8-4a5c-a5fb-2d1466358abc
2b7c2fb8-6bca-4fb4-82d6-be3a9564e54f,"2024-07-01 07:48:17.540312","2024-07-01 07:48:17.540312",1,,bdb200aa-bbd9-4eb8-a19d-8eabccecd3a1
2b8a90d1-9ee9-4763-9833-9cf27b6259f0,"2023-07-13 11:46:53.814698","2023-07-13 11:46:53.814698",1,,db56d9d1-b25c-45f6-b62e-2157c1bb4737
2bc89f22-d7c0-4285-9135-7544941a7ee8,"2022-10-05 12:35:22.951547","2022-10-05 12:35:22.951547",1,,c4f6322c-187f-43b5-87d4-f1b61efaf7ad
2be415ce-4685-432c-97c6-0183321d5990,"2023-08-21 12:07:56.252290","2023-08-21 12:07:56.252290",1,,3420d0f0-bc11-46e8-8aee-0d41cf4b21b2
2bef6a97-62fc-42f5-9b47-d2ba0ebe4c2c,"2024-03-01 12:53:52.746805","2024-03-01 12:53:52.746805",1,,5ca8acc9-212e-46f1-94b6-b7dc92ecd490
2c52adc0-b4dc-414b-b647-60cb21a4c2af,"2024-06-03 11:36:04.912441","2024-06-03 11:36:04.912441",1,,eb789739-22d2-4a27-8f04-ec3f2de19c3e
2cfdd912-5f96-463f-9702-e270b6d5e0a2,"2024-08-14 08:13:39.112521","2024-08-14 08:13:39.112521",1,,ee0cfc66-72e7-47ea-8f94-853f0bb284d3
2cff50f0-799e-433c-b205-c8b4f0474a58,"2024-04-08 10:04:39.886682","2024-04-08 10:04:39.886682",1,,3ca972da-a3f7-4f3c-a35d-9912497d6c58
2d83632b-1d4f-4e6f-8acd-caed9416b679,"2024-07-05 13:54:42.950814","2024-07-05 13:54:42.950814",1,,31de392f-a30f-4545-b80f-b00737488527
2d9b6f2a-e03f-4286-a181-91d38d837a39,"2024-07-05 13:55:19.231482","2024-07-05 13:55:19.231482",1,,77ff6d72-764f-49ef-a977-bff5347c6595
2e2317c9-5306-4335-9d3a-e18fd424608a,"2024-06-25 13:57:43.402846","2024-06-25 13:57:43.402846",1,,ee463a0a-7ee5-4775-897f-8d2ade9d5a09
2e5b7093-9b36-4a5c-877b-5afb08d9a165,"2023-02-03 11:27:39.268792","2023-02-03 11:27:39.268792",1,,a73863dc-c143-4da1-add7-f9a0341496da
2ec0d743-05c7-4ad9-b8a0-ddef6cbced67,"2024-06-28 11:29:59.149544","2024-06-28 11:29:59.149544",1,,ec64c289-e5fd-400f-bc63-3f7d582d2c88
2f96c98c-c9f9-44f8-ab4d-fd5b48cf941b,"2023-06-01 08:38:46.664162","2023-06-01 08:38:46.664162",1,,50fc3f8f-5f6b-4f04-82fe-0b2104270a2f
2fbc2967-53fb-4879-a008-35e1ff4fb979,"2024-07-08 11:42:19.887809","2024-07-08 11:42:19.887809",1,,f43cea2f-c0a0-43e8-86fd-f321f0a6e531
2ff46e4f-73e6-4551-91cb-dd8e346b5db5,"2024-08-20 08:34:58.946151","2024-08-20 08:34:58.946151",1,,ea4ec34c-eccc-481d-ae0b-463a56aa55f3
303e33c6-2981-4289-83a4-0b1910862d2a,"2022-11-14 13:58:31.818845","2022-11-14 13:58:31.818845",1,,e1a1bf47-014e-403b-9dcf-1cd0a8ba9a59
30875d45-7d15-4710-a330-adcbf182fbd2,"2022-07-13 14:17:22.476939","2022-07-13 14:17:22.476939",1,,dac39835-ba9c-4ef6-a701-b60f22abbb53
30b08439-dc88-446a-9777-d2654d4db03b,"2024-07-01 09:21:50.198192","2024-07-01 09:21:50.198192",1,,b8117ba7-d9dd-45fc-9f71-b6e511015833
30c8a281-dd62-45f8-8159-0a9e627d7d7b,"2023-08-23 08:52:54.240358","2023-08-23 08:52:54.240358",1,,23567ab8-0766-4d06-a0a5-404ebc5d2e9a
310086f5-b0e4-40ba-bfc9-5d8d2f241c0d,"2024-05-09 09:22:22.963066","2024-05-09 09:22:22.963066",1,,8e72888c-59ec-49c1-ab64-2bb7e2ed0582
32ae66c7-c1fd-4e33-b891-2ef766d3c14d,"2024-06-10 13:31:34.180326","2024-06-10 13:31:34.180326",1,,46b588a2-5a4c-40a7-ba10-988b55977c7b
330fbd66-4576-4bb3-865d-c8f71016d469,"2024-07-01 09:25:35.631951","2024-07-01 09:25:35.631951",1,,f48b33d2-f653-4d8b-b245-df2560f98cd0
332ccc4b-ada4-458d-bca7-8866498148ed,"2023-08-17 18:13:58.501249","2023-08-17 18:13:58.501249",1,,fcd2f383-5dd6-4246-906a-ff6b34230fcb
33b54c29-221c-40e7-899c-23b4a8251d13,"2024-07-01 12:33:24.727500","2024-07-01 12:33:24.727500",1,,cf8f3ecf-9154-4f7e-b5a1-6f716d8ad76d
33b818bb-8776-41d1-8703-784a9b7136ad,"2024-06-10 13:16:11.772350","2024-06-10 13:16:11.772350",1,,af7191e8-ddde-4648-8ef5-271bc4ebaeef
33ff570e-1cdc-4b29-8f85-35213d19d38b,"2024-06-25 12:45:53.627375","2024-06-25 12:45:53.627375",1,,059f53b3-b040-4dc9-9b8b-75e6280dcf11
3521d9d5-7944-42a3-8f8b-2a97c47f409c,"2024-04-12 12:40:59.874960","2024-04-12 12:40:59.874960",1,,12c2fc65-765e-4b83-b5fb-f1b45b54b4b3
354521fb-613f-48a8-a62d-8d1c50008195,"2023-11-09 15:22:00.040662","2023-11-09 15:22:00.040662",1,,26fc1fd0-6112-4722-a548-bc8582229151
35ba46e3-6f7f-4185-8313-9d0e7d3d4dd8,"2024-04-08 10:26:58.100840","2024-04-08 10:26:58.100840",1,,fb06f742-81e3-4587-9d33-477dee00ccc5
35bd45b6-ce52-4019-9777-67e5ec0a14a4,"2022-09-28 13:02:57.027487","2022-09-28 13:02:57.027487",1,,40559134-7f4a-4655-af35-20e04f0b4eb3
368cb05d-f47e-4168-88b1-7a5c9b111012,"2024-02-12 09:18:34.451027","2024-02-12 09:18:34.451027",1,,4c467ff0-968c-4e9b-ac74-63617f62c753
36ab9f1b-8f26-402f-b564-3769dd64bf95,"2022-11-07 08:47:14.505101","2022-11-07 08:47:14.505101",1,,a7e6b6f3-0822-40f1-9128-43ad4149287f
36c8f959-2703-4a44-a774-06fa5c6b1a21,"2024-08-14 06:39:53.168275","2024-08-14 06:39:53.168275",1,,9ab76e8f-1a79-40d7-96f0-3685d6426837
36f76d49-d737-466b-8787-6b9168ac4a6a,"2024-06-28 12:24:19.269715","2024-06-28 12:24:19.269715",1,,44b65fd6-760e-40a4-8dcf-e81615552b9d
371a8f73-4209-4feb-be7b-b9984694a9d5,"2023-01-12 11:37:34.279335","2023-01-12 11:37:34.279335",1,,8078e27e-a736-4a4a-bbf5-ed3b2991e03d
37c4ffd2-75cf-43bc-b17d-e70928e2b629,"2024-05-08 08:06:27.751989","2024-05-08 08:06:27.751989",1,,53091f08-8547-4eb6-b28c-1b61a4ef9ac0
383fe4d8-cfaa-4ac5-a444-c8c9d86aee10,"2022-10-28 06:49:08.633976","2022-10-28 06:49:08.633976",1,,27e34ed8-769a-4087-a7a6-8a432f01387a
38c495ee-d811-4897-b58b-acd2dcadf312,"2024-02-09 14:09:04.936858","2024-02-09 14:09:04.936858",1,,901670f4-82ec-4d63-bde5-48010e8fc78a
38c6c8c4-c191-4695-9032-5734f92ead52,"2023-08-31 08:43:15.222521","2023-08-31 08:43:15.222521",1,,f4a62510-b65f-422a-b141-76d1a911c07a
3900563b-f6ab-4be3-a27b-a21faf694c35,"2023-07-20 12:02:53.260526","2023-07-20 12:02:53.260526",1,,806237d3-bd68-42f9-9ce0-8fd4d0064ba2
391f09e5-9ede-4a5a-8876-cf6f0575ddd9,"2023-04-21 13:40:17.671475","2023-04-21 13:40:17.671475",1,,548c7b42-524b-4327-a1c9-121bba04292b
3923f057-92dc-4291-8c24-a1058223b592,"2023-11-16 11:39:46.278690","2023-11-16 11:39:46.278690",1,,60b0ee3e-e1b2-40e6-b64d-bb79446ce14e
393316d6-738f-434d-ac38-496af2de4756,"2023-04-27 10:48:08.669895","2023-04-27 10:48:08.669895",1,,f67e407b-3c72-4095-bb24-b7a0e0db4203
3937f912-bc20-41bb-8271-047d8024f6c7,"2024-05-16 13:55:12.958366","2024-05-16 13:55:12.958366",1,,eb488837-c0e9-421e-a23b-7f810f73516a
395d9c43-3e8a-4820-a246-150282df0f37,"2022-07-13 14:14:24.239072","2022-07-13 14:14:24.239072",1,,dc9df825-309d-4ba4-8739-2b81e5d7b0b1
396d67ac-4a9d-4fb4-872a-c46825fc7668,"2024-07-01 09:22:08.185343","2024-07-01 09:22:08.185343",1,,5eee23c6-20b3-4e4b-8e2d-aad9cff25ab8
39900804-75b6-4450-b7b1-897603efd57d,"2024-08-12 07:34:59.438927","2024-08-12 07:34:59.438927",1,,cea386a8-6dff-44b6-bf58-cd39b8a44143
3a78d5b0-7331-484b-b646-6cca067d3f82,"2024-02-09 14:22:34.916917","2024-02-09 14:22:34.916917",1,,c5832af4-94b4-4816-affd-11e175f92382
3ab3cf15-c8c6-4910-83dd-5f79be6335f9,"2023-08-21 12:06:27.742730","2023-08-21 12:06:27.742730",1,,c415082b-6fcc-4790-9d6c-65884836f3c5
3ab5463a-3d90-48a7-9bea-2e013516802a,"2024-06-18 13:24:15.176792","2024-06-18 13:24:15.176792",1,,327fa5c2-d0de-4c22-acff-b60f75ab22f5
3aea721d-c883-40a6-ab37-b315973f8e4a,"2024-08-29 08:22:59.923616","2024-08-29 08:22:59.923616",1,,1db564e3-efde-4ec6-8c21-24f148025ef4
3b497cb2-857c-4273-a2d2-0f9e1e0a767e,"2023-09-08 13:29:57.075709","2023-09-08 13:29:57.075709",1,,b5021487-d27c-447c-8cdf-ee69a1062eec
3b5156bd-9041-4edb-b680-0c755483e507,"2023-06-15 08:37:41.482451","2023-06-15 08:37:41.482451",1,,f0fac3d2-cb54-44da-adc3-f352f13b28ab
3b55ecba-4b90-4f49-b041-23a3a5d346b4,"2023-11-16 11:44:55.190394","2023-11-16 11:44:55.190394",1,,a7cde8ff-6672-4de7-b09c-f2a76496a452
3be97460-8d07-49ad-b50a-30415fa88754,"2022-10-27 09:35:08.908215","2022-10-27 09:35:08.908215",1,,3f953485-ea7d-4a4c-90e9-f0751a2de24b
3c119f9f-96bc-442a-8a1f-46bdfced7264,"2023-09-01 08:52:01.837213","2023-09-01 08:52:01.837213",1,,537827f6-4671-4e67-9a89-a420cbb39aef
3c56f143-dddd-4566-8541-c20b986af0ae,"2023-01-26 14:11:06.551654","2023-01-26 14:11:06.551654",1,,e37a774e-e38c-4a3e-9678-0034c01c9849
3c6db0e0-b7cc-4359-99a3-a7242ae30ace,"2024-03-01 12:54:11.813435","2024-03-01 12:54:11.813435",1,,396a79c9-87d9-4e6c-bd8d-47550c32cdfd
3c81ee2a-eeb3-47d1-b8a3-a53de49a5043,"2024-01-11 10:05:56.553260","2024-01-11 10:05:56.553260",1,,a4396f4b-c93d-471d-abfc-78c886c95045
3cd1d2f3-6643-42f0-bec1-02c21e0515b9,"2023-03-01 15:59:29.202874","2023-03-01 15:59:29.202874",1,,70617253-30b1-48dd-9c3e-5ab93436368e
3cd52603-4365-4ec9-8bfe-5a6164dc439f,"2024-02-19 15:13:00.875535","2024-02-19 15:13:00.875535",1,,b5029dec-2919-42ec-96c2-24c47beb7174
3d26e8d8-b9ac-4dfd-ab3f-0a12d6187b39,"2024-06-28 22:12:59.241793","2024-06-28 22:12:59.241793",1,,723246b8-534d-4adb-af3b-9241849f4e2d
3d989a53-a36c-4ee6-8842-dd5eab91b117,"2023-08-03 12:30:59.007454","2023-08-03 12:30:59.007454",1,,d49436ae-6df4-4514-87bf-3f8b69e714e8
3db1bada-9312-4696-a25f-b8fcfce88a88,"2024-06-25 12:40:07.761397","2024-06-25 12:40:07.761397",1,,2353a75e-78a2-4e79-9a9b-66350746724c
3deacd7a-4271-489a-ba06-95ca60c21fb5,"2022-07-13 14:20:12.500723","2022-07-13 14:20:12.500723",1,,ecd89af6-333e-4013-871d-f099c2f83cbb
3df34463-7026-4877-b3ea-fcef9068a548,"2022-12-23 10:26:59.068749","2022-12-23 10:26:59.068749",1,,6c4f31a3-9d95-49fc-8aad-355c2a842f9c
3e49e4c6-5e7d-41bc-911e-1c861f6fdc6d,"2024-05-02 08:24:23.925265","2024-05-02 08:24:23.925265",1,,617e8831-560f-4593-a471-f21d1a65ac38
3ef16d22-4be0-49a4-b531-da923512b242,"2024-06-18 10:47:02.087557","2024-06-18 10:47:02.087557",1,,0aa68606-adf5-4933-9644-2d49ccbb4602
3ef8ab3a-0511-4a40-92eb-722098d32a52,"2023-05-23 21:04:24.041635","2023-05-23 21:04:24.041635",1,,05876941-f931-4e74-9411-ead6fda2ad0a
3f999eb5-7a35-43ac-89ae-742c92dddae9,"2023-12-18 16:06:30.105583","2023-12-18 16:06:30.105583",1,,53941866-2165-493b-857f-f05c4b1f03b1
3fda7315-aec9-4bbe-b6f6-307523313eec,"2024-06-05 09:44:31.430306","2024-06-05 09:44:31.430306",1,,0b5859e5-132f-49f7-b842-4eaf64ec31c9
3fe4ed0e-5179-48f6-b222-be4bbf7f181d,"2024-06-03 14:56:59.852533","2024-06-03 14:56:59.852533",1,,d4cf20e2-cf8b-453e-85b4-0cdbfac04592
3fee5245-18d6-4c41-adc9-dfcc1312899f,"2022-07-13 14:23:26.201012","2022-07-13 14:23:26.201012",1,,8f14cee2-dc7b-4e3d-a3fd-a118fa2bfcf9
4127e6eb-07c0-4ec1-b11b-d020ae690b84,"2024-07-01 07:39:34.015316","2024-07-01 07:39:34.015316",1,,1dd21d14-6a78-43eb-a2a6-5ab0b8e1de03
4130c1b6-175a-4894-9312-6e30aee6a81a,"2024-05-16 13:39:03.274154","2024-05-16 13:39:03.274154",1,,5438ead3-ba7b-46ec-bb90-f8c8ef792798
4148d111-c05b-4249-90e7-8af1a8de0258,"2024-06-05 10:26:10.891313","2024-06-05 10:26:10.891313",1,,b995ff93-fddc-4bf7-b3a1-f71807300854
4166f098-bd5c-401d-8088-1cf8a4b9f892,"2023-11-22 11:41:56.137640","2023-11-22 11:41:56.137640",1,,18030b1e-1e46-417c-ac86-661ba04e2376
41b97f9e-fff8-406a-8a22-f92d07cdd67b,"2024-02-20 15:59:54.929595","2024-02-20 15:59:54.929595",1,,95f5a98c-e625-4e44-8304-8135370c40ba
420878cc-50c4-4883-bbbe-a4b2ecbd18bd,"2024-07-08 11:19:39.997827","2024-07-08 11:19:39.997827",1,,fcdef78b-575e-45e0-9235-2792078720b5
42404950-43df-4cbc-a039-22e76950496c,"2022-10-05 14:04:23.612180","2022-10-05 14:04:23.612180",1,,be297bd5-e4aa-4552-8186-6bf360a19c31
42618f84-90dd-403f-a085-6886b9948d38,"2024-08-12 07:27:07.847012","2024-08-12 07:27:07.847012",1,,b9008524-2d86-4e42-b4e4-6e523cdbdf68
42be2fa0-662d-4518-95da-d3571d866d7a,"2024-06-19 10:32:17.053531","2024-06-19 10:32:17.053531",1,,47dbda0b-734a-40ea-880e-ccd836dd5a3a
447bcd97-f24a-4081-a9a3-672426af1807,"2024-06-04 11:31:26.318566","2024-06-04 11:31:26.318566",1,,e43063b6-fefb-4a1d-8b86-d91f317e1081
44a72ca9-8339-4c5b-bbd9-be24b6bfa149,"2023-08-23 08:52:05.294151","2023-08-23 08:52:05.294151",1,,b510ae09-2363-4f89-aebe-3ed7fb472692
44d6bd53-57c9-4d51-bff7-df3c9075bee1,"2023-11-16 11:39:51.628028","2023-11-16 11:39:51.628028",1,,93093062-aa39-4c5b-9ac5-67ca2054a78a
45f7e9b8-5685-4bb6-8b44-7a3d4b4cdc09,"2024-05-28 12:26:22.821291","2024-05-28 12:26:22.821291",1,,165c23ab-a9ce-40b1-8965-30f8cb055c61
45fe75e5-3bdb-45da-bb5d-42ea446c2502,"2024-08-14 08:48:43.028222","2024-08-14 08:48:43.028222",1,,1ac225d5-0016-461c-85f1-3aac2956339e
4625bd60-30a1-4fcf-b99e-2df0bbd6976a,"2024-07-19 12:27:26.893101","2024-07-19 12:27:26.893101",1,,b8f29585-c810-44d6-9438-a9eee4d40e41
46cdad00-850b-4331-875c-2c1f1a17b84e,"2024-07-18 12:27:57.516403","2024-07-18 12:27:57.516403",1,,9685d6b4-941a-4ac4-9e7c-1650c33b00fe
47008032-fa2e-4ded-962f-843157a57316,"2024-05-16 13:49:39.390852","2024-05-16 13:49:39.390852",1,,f0d11ce4-cf11-4fc9-93b9-194000033f70
473a3217-31e3-4f3a-8d54-c90a31fa1bb2,"2024-07-18 12:27:04.293037","2024-07-18 12:27:04.293037",1,,b84cbf38-77b6-4d66-bd47-81804ad93062
47ab3666-bcc5-4fe2-8500-aa11ce0fdb80,"2023-05-17 15:45:59.020427","2023-05-17 15:45:59.020427",1,,af04c398-8fe7-42ab-a7e0-d3dae40e59a8
47ab9baa-2423-4a63-9c7f-899df05703df,"2023-11-08 10:26:28.548465","2023-11-08 10:26:28.548465",1,,ea86b319-e839-4f32-a9e0-c097b64ec76e
48630661-c1da-4d48-8805-13c6f4078ac0,"2024-04-17 10:54:06.519194","2024-04-17 10:54:06.519194",1,,177b8eed-ce28-43cf-ad6a-ef30d2bf9610
489bd003-6218-468c-be49-a3117ea512b0,"2024-06-05 09:43:28.035553","2024-06-05 09:43:28.035553",1,,a3ac6a4e-01b7-4b27-b786-dc8ad1e541ee
48ca0560-9f4a-4cb2-be8c-42eb797fbd0f,"2023-07-27 10:59:21.880190","2023-07-27 10:59:21.880190",1,,8e0aae2a-f89c-4dec-ac3f-fd21c73c0bc1
48fe2141-6ea4-4061-8d42-5eb6e57d1b6a,"2024-08-29 08:41:33.875887","2024-08-29 08:41:33.875887",1,,89ef8dd1-6944-4577-a473-66bd505e7764
4988b857-50e4-4b0b-9d18-7ea1e309af28,"2023-07-14 12:36:56.868714","2023-07-14 12:36:56.868714",1,,9fabceea-426a-4dd9-bce1-4457c90fd18f
49907633-e282-44dc-a7b6-7801b9631985,"2024-07-05 13:55:25.272470","2024-07-05 13:55:25.272470",1,,6307008e-aa43-4642-97cb-06ad992afbe7
49f107d5-bc9b-4598-b0d3-5679958b8112,"2022-07-13 14:22:57.675244","2022-07-13 14:22:57.675244",1,,59f4d150-3539-45a6-a417-085fdd27d0e4
4aa4eab3-f0f3-4153-929f-598533585956,"2024-03-12 16:02:50.872980","2024-03-12 16:02:50.872980",1,,f8fa2dd4-2a30-45a0-9c5c-6007455f8194
4aadeb19-87c7-4fbd-8049-f5649d6b1ffe,"2023-08-30 15:20:06.795245","2023-08-30 15:20:06.795245",1,,0544417b-12da-4521-a864-98764b0b94af
4aef7f81-2912-435e-9a19-c16ddbcbc44d,"2023-08-23 08:52:31.924508","2023-08-23 08:52:31.924508",1,,e9cdfbbc-7ffc-483e-9eda-2ad74251a6f5
4b054f03-401e-4d06-b0fa-a0c885b842e5,"2022-07-13 14:23:47.834356","2022-07-13 14:23:47.834356",1,,dd846ab1-a004-4fa8-ab29-85766ef76937
4be6ec30-b800-412a-98fb-9c31dff1c57a,"2024-07-05 13:54:48.863124","2024-07-05 13:54:48.863124",1,,7564ebf6-c070-42c9-94c3-2e0f958dd55a
4c0d65f1-bbe8-4a22-a5a2-2601d408c194,"2024-06-03 20:00:26.679336","2024-06-03 20:00:26.679336",1,,5e9e1de7-1313-4f46-9a13-f614cfa3105a
4c269cf9-ffdc-400c-8aca-9e89a74a1d41,"2024-06-05 09:44:28.389971","2024-06-05 09:44:28.389971",1,,84649f07-e2ec-4714-8d23-9b0249d933bd
4c32ccfc-996f-4178-aa22-0da4f46cf2aa,"2023-12-18 12:59:02.047848","2023-12-18 12:59:02.047848",1,,19e223f0-6271-42e1-9b2d-12b6039f6341
4c4801ad-363e-4e82-b5d6-9e1110db449f,"2023-06-02 10:13:39.752083","2023-06-02 10:13:39.752083",1,,6886c910-d255-4ecb-91e8-5d11334845d6
4d307c30-d86f-4733-b96e-3bca96d6f246,"2023-09-28 07:13:48.761579","2023-09-28 07:13:48.761579",1,,5f5dea8b-d421-4418-9084-87490c9fe999
4d3cfbec-1bb7-417c-ae99-3616020ff05a,"2023-10-10 13:11:34.355254","2023-10-10 13:11:34.355254",1,,711bf662-0713-431d-9a1e-6838f6091a46
4d47eda9-be60-4b7a-a1a9-400cf937712c,"2022-12-08 11:53:00.940800","2022-12-08 11:53:00.940800",1,,610b6dbe-36c9-48ac-9ca4-435ec413206a
4e0bf2a4-5330-432d-b606-0efcd8dae88b,"2024-04-08 10:04:43.183976","2024-04-08 10:04:43.183976",1,,77b32750-2edd-43e7-8e8a-f21d7554c05b
4e42ec40-6ebb-4e77-a1b8-3584e05d6836,"2023-07-27 14:15:15.986857","2023-07-27 14:15:15.986857",1,,2f46d322-42a7-44df-95ed-486ae85f04ab
4e8140f2-9abc-473c-bdfc-e3de5f54d6b5,"2022-07-13 14:17:46.745027","2022-07-13 14:17:46.745027",1,,9958c878-f3df-49a4-84a1-8f6deb50f4df
4f1f2188-9c40-41c8-8994-ed6aba609366,"2024-07-26 12:13:04.143076","2024-07-26 12:13:04.143076",1,,873a823a-c75c-465e-9c17-4710be8cf91f
4f7ac446-ac6c-434a-949e-76ec9c1860c8,"2024-08-14 08:32:40.329568","2024-08-14 08:32:40.329568",1,,cab15542-8f30-480b-93f2-039d183da4f6
50995fcc-daa1-422a-9670-1e46423020c0,"2023-09-20 09:31:45.910630","2023-09-20 09:31:45.910630",1,,42fac8fe-7082-49a7-9d36-87827a2725ae
50d2bef3-2319-4419-a9f4-1a0ded7905c8,"2024-08-16 12:36:01.866816","2024-08-16 12:36:01.866816",1,,85238861-1117-4b52-830f-f684890234e5
51509dee-2145-497a-b3dc-944257b8b84a,"2024-05-17 08:30:09.541894","2024-05-17 08:30:09.541894",1,,5abf9ac2-c6a7-4669-9329-c9e85d75437b
51571e3f-f3b5-4779-a1d9-4efdf24b3c80,"2023-07-19 11:43:58.587427","2023-07-19 11:43:58.587427",1,,cdc52deb-645e-4b52-841c-c12b4dd0e3cf
516701ac-4519-4bbb-8970-43d7fde96819,"2023-01-12 15:20:00.767400","2023-01-12 15:20:00.767400",1,,dcd18b15-eb81-46d4-bb27-2400b3521fe3
51ba485b-f39e-48d8-943c-15f2e56df247,"2023-02-02 12:10:00.055463","2023-02-02 12:10:00.055463",1,,2f9f249e-96be-40d1-ae4c-bc41107779ad
51f82326-3bc9-4512-9707-429aaeb8383e,"2024-06-05 10:23:18.680474","2024-06-05 10:23:18.680474",1,,33b2368b-e9fb-4fb1-ab91-31727353cfd6
5269bbc9-16b8-43c2-94e0-0f663dc3b2af,"2024-06-04 08:53:26.112395","2024-06-04 08:53:26.112395",1,,063f505b-4915-45a2-97ea-559a36dcc4e2
52879a2c-63b5-4b26-bb58-5318415309f8,"2024-03-01 12:54:03.819158","2024-03-01 12:54:03.819158",1,,e1445276-5b6b-4118-9385-2e1afbc48f92
53fbff8b-6960-4498-ab5c-fe13f485735d,"2024-06-03 09:07:31.816561","2024-06-03 09:07:31.816561",1,,1682fc67-42c2-4646-b987-b48b46f9fc4b
553084d3-49cc-4d34-9929-61a120ee2efc,"2022-12-01 13:21:01.802936","2022-12-01 13:21:01.802936",1,,990d6f38-a2b7-4d16-adbf-7cabe95d7d8f
55684958-e357-4c09-a7f9-4af4c3c86b80,"2024-06-25 17:48:07.038680","2024-06-25 17:48:07.038680",1,,7c42ba67-34dc-41cd-8bb8-2c16af187651
55839551-942b-49b7-8bec-54c624425713,"2024-03-12 15:52:42.799509","2024-03-12 15:52:42.799509",1,,96023d97-c023-4235-9ada-431fe56aaf40
559bf148-d10d-4261-bd35-ba8c5d2082ff,"2024-08-16 12:36:53.051283","2024-08-16 12:36:53.051283",1,,afbc8d10-d655-49e7-bc45-1162878ad79e
559d934f-a983-43a0-bd04-a3d7715922b4,"2024-04-08 10:29:29.692326","2024-04-08 10:29:29.692326",1,,520b1e4f-5af1-4207-95c7-8811a6bb8d90
565f49ee-9855-4a99-a576-9eda35eaa01e,"2023-01-12 15:21:35.055812","2023-01-12 15:21:35.055812",1,,bf3103da-7058-4bf6-9a86-d91758c13955
580f154c-baa6-4b5e-bb2c-e303e91e000b,"2024-06-25 08:08:02.829053","2024-06-25 08:08:02.829053",1,,8b221958-9883-4edf-9e06-28a8dea1c45b
582d3d99-4767-4d87-b8ac-edec72b61d71,"2024-05-17 08:20:18.087478","2024-05-17 08:20:18.087478",1,,e4cd2ecd-8c60-4304-ba2c-d0a656929990
58373ae1-cfcd-492a-9655-5daeddb3d771,"2024-07-05 15:02:19.439469","2024-07-05 15:02:19.439469",1,,d32546d3-15f3-416a-8691-8eb2e51fa8df
588b5fda-d19b-4916-a8ed-d253e96da971,"2024-06-06 07:50:27.416191","2024-06-06 07:50:27.416191",1,,d0748e52-31c9-40cd-b7fa-678ae42c5d4e
592f6093-9b12-48f3-a453-3683f45b0555,"2023-11-09 15:57:33.112473","2023-11-09 15:57:33.112473",1,,becb316d-ffb5-4568-a9af-e63e78037ad3
593db88a-6fb2-41d5-a685-48adf09b4b24,"2022-08-24 08:59:04.319165","2022-08-24 08:59:04.319165",1,,e73e3c1c-e51a-4908-a924-20ba8fec8138
5957e5a7-313a-4840-b67c-3063e73377c6,"2024-06-19 10:33:06.802543","2024-06-19 10:33:06.802543",1,,cf28dc1f-03ec-4790-82ce-ac01f9861ea9
59cd0a3a-ccca-4f04-b7e5-22aaeb0dea2e,"2022-09-15 11:01:13.329412","2022-09-15 11:01:13.329412",1,,af1f7478-469e-4109-8621-4cea5388c617
59dab4d1-3135-49f7-a915-2e85e730a9c4,"2024-07-05 14:10:26.036709","2024-07-05 14:10:26.036709",1,,eae96e35-35b5-4091-9f81-8ccd1c8d1178
5a12dacc-ab90-4f21-9452-eba82d119320,"2023-11-09 18:43:43.551802","2023-11-09 18:43:43.551802",1,,4dfe3c4f-589b-4cbd-b111-8a8eb42bf5f7
5ab39496-37a8-427a-bc10-ef68b64c2998,"2023-08-21 12:08:44.838824","2023-08-21 12:08:44.838824",1,,0d5fb3d0-9512-4bbc-a2e9-d30e94fac5d1
5b0086ad-2c3f-4381-8ebb-d744079028b2,"2024-07-01 10:35:38.282744","2024-07-01 10:35:38.282744",1,,0509b453-6bf8-4075-95f1-f1b7199db0ad
5b343b14-d8c2-470b-b4aa-7195a8b9f0ed,"2023-03-02 08:25:37.064984","2023-03-02 08:25:37.064984",1,,55347db7-68c4-424d-b4d6-8742495fbe33
5b39f0b7-a316-46e3-865a-167cb83061cc,"2024-03-07 09:24:53.653467","2024-03-07 09:24:53.653467",1,,e9ad96fe-8c6e-4456-8796-a1f1011ffc0a
5b8cd06c-4046-4d51-8e8a-744511498ca0,"2024-06-03 19:59:27.830202","2024-06-03 19:59:27.830202",1,,d7864570-88e9-459c-9ad3-e4843b6a96b6
5b90fe3b-3982-4fd8-8d12-8da521dacc06,"2023-11-16 11:39:55.203376","2023-11-16 11:39:55.203376",1,,48c5eca4-95b5-43a7-b990-6b456aaf9f7b
5bb1eea9-1610-45d3-8a7d-29f880d36f28,"2024-04-08 10:03:55.313292","2024-04-08 10:03:55.313292",1,,a3750629-0593-4782-854c-243a3f4d6ae1
5bd9cd01-d30f-455e-a06b-cc812cf45ea2,"2024-04-08 10:32:31.482088","2024-04-08 10:32:31.482088",1,,96ecca8a-7e8c-48ba-a7a5-603ed4a0cf35
5bf589bf-0459-43b6-b038-eb916802a87b,"2023-08-17 09:11:56.676956","2023-08-17 09:11:56.676956",1,,cca2fe6e-2201-4373-9a0c-e67aece4e04c
5c7d8f15-8d18-4271-a874-0054f0d2c96c,"2024-03-12 12:45:11.695867","2024-03-12 12:45:11.695867",1,,93cdcb73-d349-40c2-89c1-457b05bde91d
5cd2bc23-b847-418a-aa7e-d69c29933e60,"2024-02-09 13:47:31.448952","2024-02-09 13:47:31.448952",1,,f6de6e48-b6a8-4d3d-8bba-811c46c6272c
5d5c2fdd-d750-45a6-98f7-131ca486286b,"2024-06-05 09:37:06.493158","2024-06-05 09:37:06.493158",1,,d81b2de9-65f5-41f3-a46d-7eb650453e8e
5d8d49a1-ee86-4205-8045-bdfc61ae9fbe,"2022-09-15 13:19:09.967636","2022-09-15 13:19:09.967636",1,,b6828f4c-a7b2-4c8f-9658-d6f7aa9b222a
5e7270c3-a2fe-45a9-a31f-c1b14fc332fc,"2023-08-04 09:34:41.446298","2023-08-04 09:34:41.446298",1,,9c2c57a5-5568-4c02-85ba-eb4a54cf077d
5ea2f886-060e-4a96-a1e0-bfc065b181ec,"2024-08-12 10:52:12.211729","2024-08-12 10:52:12.211729",1,,cc7e8a77-0ee7-4f24-8e1c-42079180f6e1
5eb1c4ea-369a-458f-80a0-eaae19b58ad8,"2024-01-24 07:14:18.761594","2024-01-24 07:14:18.761594",1,,d8be16e8-1db6-4a34-b57f-4602cf462373
5f2262a2-e70f-46e3-926a-2acbd5167a6f,"2023-12-05 12:09:26.208370","2023-12-05 12:09:26.208370",1,,876303b9-3579-4ffb-a809-df94301942da
6051ebdd-0209-4d4f-83dd-33efb799c281,"2024-08-28 11:33:28.329429","2024-08-28 11:33:28.329429",1,,4ca7603e-91d3-40a8-b856-d7aa3b13fec3
60592e6e-ae0e-4fdc-829c-1e9c2ef00a55,"2024-09-02 11:12:45.342083","2024-09-02 11:12:45.342083",1,,bd0d7026-627e-4e44-89a8-1cff55223a9f
606dfc13-d675-4da7-85af-625197109a79,"2024-05-17 13:40:28.528112","2024-05-17 13:40:28.528112",1,,4cf869b1-e59a-409d-bce1-a6bea6386fa9
60c64c28-376b-444c-8c84-2d496cf39332,"2023-11-16 11:30:29.284712","2023-11-16 11:30:29.284712",1,,60a3e0d1-4203-438b-bef1-d12076779a6d
60cd3919-119b-4d52-a1df-4bb109c2cf77,"2024-05-17 13:40:16.632693","2024-05-17 13:40:16.632693",1,,8e0b003d-cf3e-4ef6-bad5-a51ed7a780d8
60d81012-179e-4c2f-81bb-f0ce1d538d84,"2023-02-02 12:10:35.626034","2023-02-02 12:10:35.626034",1,,59918068-0e53-4a1f-90ad-b9134e987f11
60dd9cc9-99ce-4143-8ad3-4bb6e796bdd9,"2024-07-19 10:25:54.659299","2024-07-19 10:25:54.659299",1,,6e2207a3-ced2-4cda-9753-6c77c3faf320
60fb6a10-596a-4af4-bef2-0dc596e1a0a8,"2024-03-07 09:24:36.275247","2024-03-07 09:24:36.275247",1,,ab869e88-048a-4289-8ccb-b86f63c5eebb
6168130b-0531-43ac-b390-e74417b735bc,"2023-10-11 11:06:09.418794","2023-10-11 11:06:09.418794",1,,bc8800b2-7137-483f-91ef-9308f4436076
61885898-4497-4e14-97d4-625485ffac6f,"2022-12-08 12:14:20.616138","2022-12-08 12:14:20.616138",1,,bf7b43a6-8709-4f3a-88c0-edbd5ef3f484
61a863f6-4ee9-4755-9329-f47257eddbb4,"2024-05-08 08:02:50.540572","2024-05-08 08:02:50.540572",1,,bcced8d3-d2f1-4d8b-944f-c32557c71c11
61df82ef-24ef-460a-957c-a279477eb8ba,"2024-04-30 21:19:46.678190","2024-04-30 21:19:46.678190",1,,4251a4b3-a196-4193-bdee-f3c90386c833
61f68415-dbb0-443e-bf4a-f8c20d88781d,"2023-07-28 12:13:23.896452","2023-07-28 12:13:23.896452",1,,f65a0503-bf7c-4625-9f5b-454303daae56
625accc4-fe8a-4445-8b04-2736f308a3ce,"2024-05-30 11:27:38.060624","2024-05-30 11:27:38.060624",1,,c021819d-9227-4ca0-8bc9-16392c33a840
63c71a35-2ce2-4f61-af26-17797f06d08c,"2023-05-31 14:58:01.528189","2023-05-31 14:58:01.528189",1,,3cb2ee5f-6d50-4d96-b0ca-fbcf6a4202b4
641a38ee-dabf-477d-920c-fead2c152bc5,"2023-05-15 11:08:47.302066","2023-05-15 11:08:47.302066",1,,912221dd-1780-4e47-8abe-f40e81250a1d
64b60756-5715-4203-9209-2bd9b29e5973,"2024-08-13 14:27:49.953895","2024-08-13 14:27:49.953895",1,,6e348e9b-ffe8-41bf-a278-5a917c4135c1
664e147c-6dd9-4e06-9444-cf912846833a,"2022-09-15 10:51:10.406878","2022-09-15 10:51:10.406878",1,,550bc26a-763a-401e-be19-4f2ef7548d62
678ad1fa-cbd7-4c05-80a1-14a3217f9e91,"2023-07-11 11:58:43.594689","2023-07-11 11:58:43.594689",1,,95b91a09-1c13-4b11-9de4-2888e9e9b5a6
67d63a70-fead-464b-a920-93b9f2921eac,"2022-09-26 06:56:48.219498","2022-09-26 06:56:48.219498",1,,f31b0401-a131-419b-851a-f9cd8e9e1193
68a2dd4f-99b0-4787-9eeb-3d1c77211db9,"2023-05-17 16:05:00.598172","2023-05-17 16:05:00.598172",1,,3f1d1adc-3be6-4b72-9fba-1aba87dd9794
69d456e7-38e9-4931-acc4-2689fac01087,"2024-06-04 06:46:06.750494","2024-06-04 06:46:06.750494",1,,65cb7539-837a-4513-ab77-146f72a3529f
6a04067b-9dbd-4f7d-8a8c-7208fc278a91,"2024-05-16 18:45:15.758218","2024-05-16 18:45:15.758218",1,,6ab021d6-48e0-4208-ac9b-ba73ce39cea4
6a2572f7-ecfd-4943-913a-7802b7a39446,"2024-08-19 07:32:23.229059","2024-08-19 07:32:23.229059",1,,9c89e1f6-7e4f-4121-ba73-65549a52f78d
6a9afb17-4173-4099-926a-675ea8ec4348,"2023-08-17 08:55:04.505811","2023-08-17 08:55:04.505811",1,,2ed958be-797d-4665-8cf8-b9d9e6077c20
6aad7f11-229c-422d-afe2-f9eeadb74e67,"2024-08-19 07:36:55.389521","2024-08-19 07:36:55.389521",1,,244160c1-03e5-47ea-9f69-9cb1a32688a6
6b2f2402-f8ae-494e-9501-129f8070105c,"2024-07-05 08:31:48.825812","2024-07-05 08:31:48.825812",1,,67c70522-be26-4150-9261-3779fb1facf0
6bc60a86-5590-44bc-823f-ae19fdbad005,"2022-07-13 14:26:33.117475","2022-07-13 14:26:33.117475",1,,166a81d4-794c-46c6-af07-010f82aee818
6bf324ff-2656-4378-9efe-d5474809bb51,"2023-07-19 11:39:13.069685","2023-07-19 11:39:13.069685",1,,03fb3b5e-924e-443d-b2d8-22e5c17a915d
6c1938ad-6a83-459a-a277-55fdf0b81bfd,"2024-07-01 12:32:59.787831","2024-07-01 12:32:59.787831",1,,691e4d09-d188-42d9-8384-5f927649cace
6c84cb30-f125-4839-942a-cf29ab8ac499,"2023-08-17 09:12:42.429772","2023-08-17 09:12:42.429772",1,,dcd367d8-f7ae-4eab-a15c-a73d321582ce
6d020cc4-3dbe-4c0e-9eaf-f538ce97da27,"2023-08-16 16:09:54.739747","2023-08-16 16:09:54.739747",1,,baaf699d-2843-4c76-8c05-124587838c8d
6d062281-ae7e-4193-9abc-9a1fd29d056b,"2024-04-08 09:59:58.356619","2024-04-08 09:59:58.356619",1,,29c66f89-db16-488e-94f1-71d9f3761c91
6d0a829d-1d8c-4cc5-99d2-686582406a4a,"2023-05-03 08:00:15.273609","2023-05-03 08:00:15.273609",1,,3c10830a-120e-4fb1-86cc-e5b6b99b7d00
6e43724a-cd61-4120-95c1-035ae981d0f4,"2023-03-01 15:48:50.738953","2023-03-01 15:48:50.738953",1,,fbf9e2d7-ca00-4b7b-8fe9-76bc8504a3c6
6e563ce4-54eb-45b1-a7cb-3334ea4c5308,"2024-08-28 16:09:00.095569","2024-08-28 16:09:00.095569",1,,61e8fbfe-f05e-470e-8156-f47e6c761d12
6eb6aa46-a265-4dac-8d42-3fb4ecbbfe95,"2024-05-16 13:31:27.415956","2024-05-16 13:31:27.415956",1,,8250faab-7b4d-4995-b2e5-bdf8054bf781
6f2f82e2-e734-4e21-bc51-c9afc584d593,"2024-07-26 12:02:56.530766","2024-07-26 12:02:56.530766",1,,99e8cef0-c7f0-4a65-8842-e9ae337754ac
6ff57aa9-067a-47c7-ab13-b7adb8752c78,"2024-08-13 15:39:40.877962","2024-08-13 15:39:40.877962",1,,9d7205c5-95da-4571-9e73-db553d792b0b
706017c9-b2d9-4261-bae0-3714ad2075af,"2023-08-21 12:01:13.298533","2023-08-21 12:01:13.298533",1,,efe48558-cb7b-4a4e-be87-073e657a2196
70a2393e-7b8e-4b51-a072-d68bdcd1f6f0,"2024-07-05 14:04:48.720130","2024-07-05 14:04:48.720130",1,,ca90462d-3bc5-402c-8e93-4097eeaea23a
7184aa5f-eb86-4253-b437-8d83eec84e60,"2024-05-16 13:35:47.934246","2024-05-16 13:35:47.934246",1,,95eaa2ab-5ee7-44d9-bbcf-fbe64adefab6
71aa7266-1cae-4775-aac2-ab138416bf39,"2023-06-27 12:53:07.392139","2023-06-27 12:53:07.392139",1,,776f9af3-80bd-48ed-a594-4096c7980ef5
71cb39f8-bce1-4ddb-a253-e3196c62d8f8,"2024-08-28 19:52:54.460091","2024-08-28 19:52:54.460091",1,,b629a379-0477-4f36-9d5b-05f4bcfba957
7274332c-07e1-4761-916e-a9d38b133a84,"2023-08-17 15:17:30.219399","2023-08-17 15:17:30.219399",1,,beb355bd-1253-4b43-93e7-c4f7c340c618
72c05041-aa9f-4131-99e6-e1bb27b1230a,"2024-06-03 09:25:56.815798","2024-06-03 09:25:56.815798",1,,8c1ebf13-c1b2-4c8a-83f3-97822e665b13
73f97eef-a8c0-463b-a656-743347dab49e,"2024-06-28 12:15:17.996823","2024-06-28 12:15:17.996823",1,,8acf775b-f65f-4e27-9d41-f665fac9803c
74179680-f8d9-4f14-96df-ba9e91817a3a,"2023-08-04 09:50:47.225084","2023-08-04 09:50:47.225084",1,,2c469cfc-eef6-4b48-8bae-1b6125461766
74600788-89a0-427a-9f7f-ea6607dc06c6,"2023-02-10 12:43:55.978140","2023-02-10 12:43:55.978140",1,,37a5f92e-3fa0-4d22-9ec6-56cb0bdf39f8
74b9fec0-2090-43df-a36f-18594e648fff,"2023-07-27 14:23:10.743583","2023-07-27 14:23:10.743583",1,,d882057b-a2d3-4d29-9198-b601013f6968
74efd25f-2b0a-4ee3-a6f1-4aa42a1d8a3d,"2023-07-20 13:05:09.567086","2023-07-20 13:05:09.567086",1,,9482cbae-212f-458c-a1a1-2ee06b2de17a
754146b0-08e1-489d-ab90-3e371b11678e,"2022-10-28 14:19:11.770678","2022-10-28 14:19:11.770678",1,,16b709c1-ee67-46af-b892-6e3f6e3076d6
7551595c-d477-40ce-9231-f3117c74e410,"2024-05-17 06:39:56.333385","2024-05-17 06:39:56.333385",1,,ec9c51d7-df4c-44bf-8178-b1a08ddbd319
75639f09-528e-4570-8096-3da3a01375cb,"2024-06-19 10:35:17.318005","2024-06-19 10:35:17.318005",1,,ae58c64a-e33f-4b99-ab5f-6a06b9ba4f12
75ca4848-f42c-4b75-9a19-1ac876e77bde,"2023-07-19 12:18:40.599789","2023-07-19 12:18:40.599789",1,,23a07804-ab60-4638-b487-8129cce759a3
767a88eb-7dd0-4397-958a-70d71428590e,"2022-10-11 13:20:55.861742","2022-10-11 13:20:55.861742",1,,2ea93847-0388-49b0-aa48-2f95cc4d3c3b
769e0a0b-8fb7-4419-9361-3a17d5471683,"2023-02-02 12:14:47.266770","2023-02-02 12:14:47.266770",1,,3eba3c29-c081-4baf-9464-8c5d022cffde
76aa0ba7-3e9b-4717-93a8-188ba2530a27,"2024-08-14 06:47:14.779149","2024-08-14 06:47:14.779149",1,,bb960317-330b-4916-b4c0-3c9570447acc
76d47b8e-4de7-4fcd-8b6c-30df7016ee70,"2024-02-21 11:04:03.485706","2024-02-21 11:04:03.485706",1,,b6b12248-5ced-488d-90bf-56cd459a1a7b
76dbd235-4be4-43f0-9db4-a675120fdbc2,"2023-05-10 07:58:57.922804","2023-05-10 07:58:57.922804",1,,a4546442-d144-4118-a128-30e738d488c2
77ec6459-1728-46ac-aa13-1cf81f73fb2b,"2023-08-16 12:03:39.969011","2023-08-16 12:03:39.969011",1,,9faac90b-1083-497c-9bf1-187f84a4eb9a
782c9afb-702f-4da3-aec2-1cacf758b9d2,"2024-05-16 13:37:39.323507","2024-05-16 13:37:39.323507",1,,6dde6e69-ad9e-4674-87e3-5d195d50d144
78414617-14ae-4fa4-9ed1-4e18f23b4dc9,"2024-05-17 13:40:35.625770","2024-05-17 13:40:35.625770",1,,5a1af61d-2ca7-46aa-abc3-f276bc142384
78494185-c734-4fec-bb46-c0ed90cef4b1,"2023-03-28 14:34:07.675591","2023-03-28 14:34:07.675591",1,,4515518a-36ea-4e3b-99cd-5d337fd5ee38
7869c486-fc75-410b-abce-91e94d932cb3,"2022-11-25 10:55:56.418405","2022-11-25 10:55:56.418405",1,,49b06e7f-f1d9-4283-9334-0e2c40440680
78aa3859-d2ad-40ef-8e40-a3e7c14a72d4,"2023-09-27 15:06:38.668096","2023-09-27 15:06:38.668096",1,,f5d33f61-bb92-4cf0-8352-f1d5da2c0a96
7a631c7b-a8bb-4d73-9868-b323bbbce97d,"2024-05-02 15:19:44.160511","2024-05-02 15:19:44.160511",1,,3ca1c972-2578-4ead-a20b-0042b93c81ed
7b3e579b-169a-40d1-b140-1b71af2812c8,"2023-08-24 18:13:31.177408","2023-08-24 18:13:31.177408",1,,cf02b5df-6eb8-4d0a-80b5-ebef2d19cb95
7b8982d6-5c37-4a48-a4b6-37f5266f9a4f,"2024-08-29 07:38:53.820792","2024-08-29 07:38:53.820792",1,,b78c80ba-e5be-41c0-8e8f-a40225a027df
7ba3ac08-8e12-4f11-99e3-33a9b3a5beed,"2023-07-22 14:04:58.805289","2023-07-22 14:04:58.805289",1,,af78a007-b758-4476-b417-52a1e20984e1
7bf387b6-9d21-4422-b8c9-3ca86097e2aa,"2023-03-01 16:02:21.368505","2023-03-01 16:02:21.368505",1,,cf0c9582-1f20-49bf-bed5-363d92f688d0
7d5ae1a4-f81b-4fd8-8f45-8ee5e14bad48,"2024-09-02 11:23:41.905679","2024-09-02 11:23:41.905679",1,,641263cb-6a27-4db7-acd8-23fae4ffe786
7e2bb6ca-1262-4060-a667-0146049bbd19,"2024-05-17 13:47:11.452854","2024-05-17 13:47:11.452854",1,,da3f1b20-ba99-4354-98f4-7a0fced4be6f
7ea04376-6f73-447c-bec7-7b375354f65f,"2024-08-14 08:10:43.384431","2024-08-14 08:10:43.384431",1,,d962cfe7-bc01-4124-ad79-261867851ceb
7efe6a8b-d818-46ba-83c0-b2973900aae1,"2024-08-12 07:27:29.312751","2024-08-12 07:27:29.312751",1,,8599f746-1bcd-4394-b015-67ee66e256a2
7f15780d-2d8f-4995-87aa-43bc12083531,"2024-06-19 10:55:17.621265","2024-06-19 10:55:17.621265",1,,585a2bb9-7e96-442a-ba20-521db25bb342
7f5dc1d3-7848-438b-bca8-8f6ad3730ac9,"2024-07-05 14:07:14.302835","2024-07-05 14:07:14.302835",1,,bd2b4a44-9ada-45da-8c8d-dc971fe25639
7f8ca968-e342-49fb-b288-fd6902a38473,"2023-05-31 14:15:20.718318","2023-05-31 14:15:20.718318",1,,8ca2dff2-8811-41f6-89c0-f66ae641f49b
80035666-9ff0-4d7c-829c-f29c7aeab40a,"2023-08-17 09:14:05.679837","2023-08-17 09:14:05.679837",1,,9f93dbc6-a0de-4aa3-9de7-e1d726675ba2
80dc5458-49ce-461f-9936-565194e97664,"2024-07-11 15:15:44.250016","2024-07-11 15:15:44.250016",1,,79a9e96d-b931-4bc3-9c2f-8b5db7dc1223
80ebb0d1-74f2-40b3-8e25-ba4a55a4443e,"2023-05-15 10:59:39.578415","2023-05-15 10:59:39.578415",1,,acaa79b7-ddb9-428c-95fc-45ae1bf8e720
819e8e30-dc14-41d0-aa50-be2ab47bb729,"2024-08-14 06:47:51.833577","2024-08-14 06:47:51.833577",1,,db115ef1-0db4-427d-9e4d-4baa8066b2fc
81e62219-3466-427b-b575-8f73b815697b,"2023-08-16 12:43:07.533904","2023-08-16 12:43:07.533904",1,,cd0fed4b-7f9e-4f10-b254-32f29a0b558a
82072358-426f-4e64-8721-daff18c1143a,"2023-06-29 11:23:22.431276","2023-06-29 11:23:22.431276",1,,62246782-755d-49af-8c09-3033a92a1a73
8237e1a7-6bc2-430d-8d76-ce25f17b1ee9,"2024-06-28 23:24:10.697426","2024-06-28 23:24:10.697426",1,,291fd1b3-b884-4c9a-9bb3-97180394dc5d
82ff70b8-3e86-4047-b33f-ae3450480834,"2024-05-16 13:32:29.905608","2024-05-16 13:32:29.905608",1,,281239d1-43d8-4e89-af7f-ccada8a90d53
832f588b-8d69-4b30-b43f-c5fc135af27f,"2024-06-03 19:59:31.192611","2024-06-03 19:59:31.192611",1,,30a613da-b4d5-4305-9e42-6b3a58f2c922
83454317-69be-4ca1-bfb3-a83e36b34e48,"2023-01-12 17:49:06.960086","2023-01-12 17:49:06.960086",1,,3da51f55-3670-41f2-ba2f-ebefab4fe7ce
83514aa8-30c4-48f6-ad4b-efc6259566df,"2022-12-22 19:25:03.689640","2022-12-22 19:25:03.689640",1,,97970bae-c215-4193-baf6-44f21000ec63
8351ce2b-193f-48fc-aa22-7e56491d40dc,"2023-05-03 07:25:49.783392","2023-05-03 07:25:49.783392",1,,652db7ce-45b0-4b9e-978f-7cbf5912e9b9
837559a2-0060-49c7-8ed0-6f1b328a38c6,"2023-08-17 17:03:48.900212","2023-08-17 17:03:48.900212",1,,bab624f8-f53f-4d9f-8f0f-89e2468b07ab
83a68cba-2214-4857-bbf8-b412ecd46309,"2024-07-01 07:33:44.067732","2024-07-01 07:33:44.067732",1,,490be2a1-9893-401d-8b1c-0ad8c0fd7118
84e90828-38f2-434d-8524-1ac7b18a0237,"2024-05-08 08:19:00.495370","2024-05-08 08:19:00.495370",1,,80a14074-e405-42a8-a3d7-9176bf83b7c6
85472bbe-db1f-4675-98d6-cb95849f9ebe,"2023-03-01 15:59:20.869624","2023-03-01 15:59:20.869624",1,,cde17497-d111-413a-9086-6498400fbbad
854e63b0-1d9d-4788-b308-b54ec5218665,"2022-08-31 09:39:13.311151","2022-08-31 09:39:13.311151",1,,3629e64f-9a67-4d94-9b24-a30251f7b8b9
85670e28-6578-470b-bee7-ea7b7ee74034,"2024-07-01 07:27:29.628417","2024-07-01 07:27:29.628417",1,,83a8ab99-3766-476b-a86a-b6edbab6126b
8658c8e1-ecdf-45b2-9e91-88275ce60b02,"2023-05-17 16:10:45.300004","2023-05-17 16:10:45.300004",1,,51ec0aa5-0a23-4663-8635-eea86ca01f73
866cc5a9-1c02-4c17-81bf-f9bfd854691a,"2024-08-29 08:21:50.874871","2024-08-29 08:21:50.874871",1,,4fea5fa0-7257-45d9-9576-40df5640f8be
8708fa6e-8fd6-462b-bab9-93f797f25b61,"2024-06-03 20:00:18.439750","2024-06-03 20:00:18.439750",1,,c1dfc448-894c-4bdb-8e5d-7c1f8a079556
87a7a224-58cf-488f-8463-9b89ced91865,"2022-12-29 10:18:03.248092","2022-12-29 10:18:03.248092",1,,286b1119-ba13-461a-81ed-313f332793b8
87c8b9f4-007a-4743-b500-9482aeb3c4e8,"2024-06-05 09:44:23.463748","2024-06-05 09:44:23.463748",1,,69ac983a-5d66-4dfb-bf62-9051b3bb783a
87ff2fd8-a0c8-44c4-8bb8-67a2942261f4,"2023-07-19 11:43:26.957897","2023-07-19 11:43:26.957897",1,,ef397d91-c4ab-45f8-994c-2830ae19f2d7
88579728-9048-4c22-a233-25ccd5f4a048,"2024-05-17 13:40:25.419767","2024-05-17 13:40:25.419767",1,,7f742e5c-6509-4db0-bd89-68ea9a426148
88af0746-1e88-490b-bb8a-b3c6d135c016,"2024-06-28 12:13:40.863624","2024-06-28 12:13:40.863624",1,,9a10eef6-3d83-42d2-a120-92d5f971fc79
88c49d21-dcd7-4b92-a047-4ec4490ad520,"2024-08-29 08:35:31.836211","2024-08-29 08:35:31.836211",1,,98b514ef-1175-4f3e-8d85-e51fc6c03ec8
88e8afb3-e36c-48c9-8793-c490c851a95d,"2024-07-26 09:25:54.713425","2024-07-26 09:25:54.713425",1,,15076182-edd4-4179-a612-c7dec829075f
89a57c35-17c8-40cc-a85a-8582ada4e01a,"2024-05-17 13:47:04.123146","2024-05-17 13:47:04.123146",1,,aaff9768-edc9-4a5d-aff2-821c177412c5
8a9b606f-6d40-47ee-8be3-ffdde5ae522b,"2024-07-01 10:46:57.920242","2024-07-01 10:46:57.920242",1,,996b2d10-7d1c-4032-8fb0-ff7712625c0b
8b287987-b622-4656-b8a5-608ca809fc5a,"2022-10-28 06:29:36.809244","2022-10-28 06:29:36.809244",1,,5496b38f-e8d6-48cc-9c0d-14b8c2031c0a
8b8e01b5-adf2-4d38-b92f-00bb9d027cb3,"2024-06-03 13:01:25.948976","2024-06-03 13:01:25.948976",1,,4b732c7f-450a-421d-8939-2f55932732fe
8ba8c873-c56f-4615-a475-2f18e9563191,"2024-01-24 07:14:09.698342","2024-01-24 07:14:09.698342",1,,9b2a2f79-70d8-4304-befa-08b470c66eba
8bbeff66-4acd-45cd-b108-0cc77ca508e1,"2022-12-08 12:05:53.509885","2022-12-08 12:05:53.509885",1,,db40e526-3cc3-4d3c-9263-29c814e627e6
8dbbd105-bb90-4b87-9910-0272848c1be2,"2023-03-21 13:46:10.237040","2023-03-21 13:46:10.237040",1,,74d8e759-0680-4945-892d-ad75d2e16e61
8e07df48-3f9b-4113-8472-dd0da4fab8fa,"2024-04-26 15:08:40.199555","2024-04-26 15:08:40.199555",1,,c7b2485a-70ca-4fbf-b3e8-40df6ed4ec16
8e16ba64-1ec5-469c-bc1d-60b5fd12674e,"2022-10-05 14:14:04.604390","2022-10-05 14:14:04.604390",1,,7b37f7a6-9da4-491d-b79e-ee54cc234f38
8eab82d5-08d4-42f8-b82c-d1b7f1b42ff9,"2024-03-12 12:33:54.720916","2024-03-12 12:33:54.720916",1,,24d0ec57-140c-47d8-9700-e7c1ae1b7a42
8ec008a6-df15-42dc-8e95-39526f5abf12,"2024-08-14 08:48:53.008412","2024-08-14 08:48:53.008412",1,,ffc93f10-267f-4ecf-94f8-16dd6b161dac
8ec7b79d-bfbd-4fd1-aa03-7eb7f59eaf10,"2024-04-10 11:14:03.481082","2024-04-10 11:14:03.481082",1,,a0328045-9848-44e9-a711-eb6fe3bf1b5e
8ed8c313-bf65-4961-94ef-8a3bca162d45,"2024-05-16 13:05:54.102451","2024-05-16 13:05:54.102451",1,,d8b463bd-f371-45f8-ae43-a5e26975790f
8efc3d46-5be6-46da-acdf-4847029e34a3,"2024-05-20 10:41:55.617450","2024-05-20 10:41:55.617450",1,,b0495be7-9f20-496c-8023-1bfb19f066fd
8f9d6dd1-d2f9-4df3-84df-1d8d2fcb36fe,"2024-06-06 08:06:20.078318","2024-06-06 08:06:20.078318",1,,e81c0a78-8875-4be2-a575-b7fe76f6fafd
90161699-d005-44f9-a325-53b3487912cd,"2023-10-11 13:58:35.707386","2023-10-11 13:58:35.707386",1,,35ced253-e21b-449b-8233-f9969cdc5f8a
9022b7e1-20c2-4f33-af1c-4fbd9a2fcfcf,"2023-06-02 10:11:54.816092","2023-06-02 10:11:54.816092",1,,f415c07d-86ef-4bdf-af51-e1c20bdb1daa
902c2b89-7165-4867-bc01-f4682ca2d110,"2024-05-28 13:17:34.552967","2024-05-28 13:17:34.552967",1,,fc1974df-a292-4e61-9f9f-274b79c7bd15
907410f4-423f-42df-81c2-090a5accd6b3,"2024-07-19 10:27:13.638815","2024-07-19 10:27:13.638815",1,,5bb1debc-1d87-41cc-a7b9-89b513de4fd7
90adc612-5c99-40c9-9006-b3225bfd65dc,"2023-03-21 13:43:45.942323","2023-03-21 13:43:45.942323",1,,a4d67718-e18d-41b5-862f-af25fcb3dfe6
913cf4e7-9d63-4167-ab62-793c182830c9,"2022-07-13 14:22:04.719261","2022-07-13 14:22:04.719261",1,,6a59bdd2-6140-4130-b0a2-30a94104feef
91561c00-f9ee-450c-89f1-bec3ed974586,"2024-04-08 09:21:30.709319","2024-04-08 09:21:30.709319",1,,21814838-aec1-4a60-9336-562105e7bdb4
91b7bf90-f0bd-432f-86d7-68a86238ef77,"2023-08-24 19:35:46.578262","2023-08-24 19:35:46.578262",1,,b82e938d-5c6a-41a6-b30c-744c86d800a1
922cebf1-3f2f-437f-8de2-869f36cf4f6f,"2023-08-17 08:44:39.210084","2023-08-17 08:44:39.210084",1,,53b85227-8f3b-4d68-ad2c-fba7430c3efb
926dd0c9-5b7e-4d80-9d33-b8d652d20912,"2024-07-05 13:55:49.341063","2024-07-05 13:55:49.341063",1,,b5fa8652-96f6-4690-b698-347c026f319b
92c959b8-1b95-44bf-b134-7232c689f71e,"2024-05-17 11:44:26.292795","2024-05-17 11:44:26.292795",1,,e02acd58-276f-4774-afae-d5b3c270a702
93a6972b-3142-4b39-b421-934de841e5f3,"2024-08-13 13:43:12.473469","2024-08-13 13:43:12.473469",1,,3326a906-2d43-4ae8-b094-22d3dbdab959
93b4efb1-c25d-4b0e-8691-f65fb7e4a373,"2024-05-28 10:24:20.007628","2024-05-28 10:24:20.007628",1,,dba35b4e-414d-4937-a3d5-e6a94b283f0c
94c4aa45-43d3-41f6-ac5a-212b43bb5938,"2023-02-03 16:42:23.970040","2023-02-03 16:42:23.970040",1,,45d56e1a-8beb-4225-93db-c19613429138
95beb1cc-7a05-405c-bdb6-56f1d8bf50c0,"2024-04-30 21:28:41.272875","2024-04-30 21:28:41.272875",1,,c1fc50c8-c61a-4aa6-8b08-c1af0ac3b5a4
95c61a07-648a-40de-8c30-0bb484ac8a51,"2023-08-22 15:07:04.371052","2023-08-22 15:07:04.371052",1,,8100262b-2f96-4f83-bcf9-a92c5ff22118
95f57097-1710-4544-8d0c-68d5cf6c760f,"2023-03-30 09:16:34.774293","2023-03-30 09:16:34.774293",1,,2ded601a-dbd5-4f35-9fc0-4d45f6b90402
96154b06-d41e-4a30-8c9d-7f701da1fe97,"2024-08-07 09:23:26.151661","2024-08-07 09:23:26.151661",1,,579bcfc8-dde4-4f31-90f5-9c9a3672d69e
9627853f-21e2-4ffa-8db0-af2b2a058346,"2024-04-17 10:06:32.438153","2024-04-17 10:06:32.438153",1,,8a9157a5-dfdf-466f-9511-4c4123546731
969107be-355e-43fe-8bfd-7010d3ff5638,"2024-03-07 09:24:45.083923","2024-03-07 09:24:45.083923",1,,5ca7bd19-f5c5-4195-8aca-0f6d82c293a2
9695c693-9ff0-4d58-8c01-461a1c8a2781,"2023-05-11 11:38:18.892786","2023-05-11 11:38:18.892786",1,,7e831957-eb5b-4bb2-b732-ff9f41fe0fd3
979dba1a-d9e3-47ca-af5e-3eafe8aa295a,"2022-10-27 15:28:51.025615","2022-10-27 15:28:51.025615",1,,c6370c45-0452-4761-856a-ac0024ba3dd0
97d2ce6e-2c05-4a97-b211-18ee49f62c7a,"2024-06-06 07:51:16.979620","2024-06-06 07:51:16.979620",1,,d7aad7a1-fd69-4d91-9396-827e9d6ec873
97d3c2f9-5b4d-4d87-9932-c62942e4525c,"2023-07-22 14:09:56.537750","2023-07-22 14:09:56.537750",1,,832df1b5-e572-4a11-90a6-6de7e25c66c5
981e4084-f41a-4903-bb75-c801f8c7087f,"2024-07-19 12:29:25.858512","2024-07-19 12:29:25.858512",1,,ad654c65-6898-4fdd-8d05-7ea611065dc3
987a786f-a9d0-42b9-ab68-fa04e3decd66,"2022-07-13 14:24:26.834728","2022-07-13 14:24:26.834728",1,,a0545cb5-679f-4097-ad63-e7da113d1e42
988d5af7-a9c6-4a8f-9f86-c47c211dfdb1,"2024-04-08 09:21:27.998456","2024-04-08 09:21:27.998456",1,,150f5981-f304-415b-8b09-db9d4f65169e
9895594e-f98b-46fa-bcdc-aa209a84aa23,"2023-01-12 17:49:31.436696","2023-01-12 17:49:31.436696",1,,2ad93b76-56dd-4eee-91ff-57c7d36e410c
99014326-83fe-4adb-b6d8-1ef80c5e4ab8,"2024-03-11 09:53:43.765653","2024-03-11 09:53:43.765653",1,,0bcebbe4-dc7e-4757-9fad-99579ef78d95
99167672-d87a-4a31-af22-6845e666697a,"2022-11-14 13:24:25.639400","2022-11-14 13:24:25.639400",1,,64b48fc0-f75f-4d99-9f3a-9d5503744590
99a73662-a066-477a-b782-e76aa92936e1,"2024-08-12 14:08:11.541318","2024-08-12 14:08:11.541318",1,,59ce6f40-4f9c-4da4-8bc7-7317c1cf85f6
9a7359e0-1809-404f-84ca-5949cadce3b1,"2023-05-03 15:03:45.824072","2023-05-03 15:03:45.824072",1,,ca4ee695-ae5a-4fb5-9d61-ddf9d17d7c5b
9aa1ce95-aa2f-4afa-9539-93414437aafd,"2024-05-17 13:40:20.290706","2024-05-17 13:40:20.290706",1,,631480db-b8f2-4170-bbd3-2284b9b01317
9abe2bd4-1fa2-404b-99b6-b2ad0a3711b5,"2024-05-16 14:11:43.567780","2024-05-16 14:11:43.567780",1,,3e9195ea-b719-4ff8-973a-4dc486617adc
9acff872-4f05-47fc-8512-f3106b2143ae,"2024-05-16 13:41:31.344133","2024-05-16 13:41:31.344133",1,,3b3980ae-35f7-4cfe-b8e2-190b4de40118
9ad667f5-46a5-44a0-a901-a11a00f5795b,"2024-08-21 07:38:57.725881","2024-08-21 07:38:57.725881",1,,390b6aff-8300-4091-8d8f-1e720e9160d1
9ae3da6d-227d-4d1d-9eb2-01fe2d3a32d0,"2023-06-27 12:15:58.306857","2023-06-27 12:15:58.306857",1,,d81c2d65-7322-41f8-8c9a-88a4847b4abe
9aeb811c-219d-4cd7-9a27-47c36aede1dc,"2023-08-31 08:44:58.664428","2023-08-31 08:44:58.664428",1,,2d4b488a-99fa-4b70-9eaa-f92b9ee5ae2c
9afecea6-f446-40ab-97c3-534761aa004d,"2023-01-26 14:13:27.150234","2023-01-26 14:13:27.150234",1,,f240ba4b-75ea-452c-9fa7-c32b96e22ea8
9b583581-78d9-4ef1-9750-8ec0b2cf324c,"2023-02-21 08:33:04.877331","2023-02-21 08:33:04.877331",1,,9b1aea78-2954-4dd7-9a9b-7aa42e87dfdf
9b5cbb94-2268-40c5-9583-b0e8ed455290,"2023-04-06 13:36:18.528124","2023-04-06 13:36:18.528124",1,,3716d794-e40c-4f39-a44a-517290ad3722
9c4ddb79-058a-467d-a01a-fa05aeff529b,"2024-08-07 09:37:33.391266","2024-08-07 09:37:33.391266",1,,1affb49f-49c1-4d65-8f92-42a3cd1098f8
9c73c0aa-3aa0-4f7f-9235-916399715018,"2024-04-10 12:26:06.559302","2024-04-10 12:26:06.559302",1,,388e85cb-6b9a-444b-8f60-48ee2da14add
9de9d9b7-17cf-4463-8a65-7a221ebfc216,"2023-02-21 10:32:48.004105","2023-02-21 10:32:48.004105",1,,2a192e49-0d45-45a4-8dac-de51895261a3
9f2192a5-ce46-4def-be08-bd262854db2e,"2023-08-21 12:02:34.890998","2023-08-21 12:02:34.890998",1,,c68370f9-a149-45fd-8ee1-86f42596e1db
9f9205c1-903d-4225-a9c1-a88e2db97e1f,"2024-06-03 11:28:11.526637","2024-06-03 11:28:11.526637",1,,d2287935-c8fa-4ae6-ab1a-3a3fafdc6f6b
a049f5d1-cd8d-4819-9ee5-c97a13acab00,"2024-05-07 12:49:08.218117","2024-05-07 12:49:08.218117",1,,76fb30e5-bf70-4937-8333-b3726570939d
a04cf59b-d457-434b-bc93-7e5d41724c6a,"2024-02-01 12:19:09.820184","2024-02-01 12:19:09.820184",1,,52e6ad6b-c444-4f79-80c1-2e2b7c51a31b
a0e11c1a-f4af-4c03-b9e5-fe6f28f35a61,"2023-08-22 10:30:25.084820","2023-08-22 10:30:25.084820",1,,c5845af6-41a5-4759-ba48-4f8559572902
a0ed613c-8e5c-4e84-8b32-8c02e0db21bb,"2024-02-20 15:56:18.902517","2024-02-20 15:56:18.902517",1,,a0b2c7ae-8be9-4464-affc-6705ceb99fcc
a10d1fa0-3524-4677-99c8-07883dd2ded0,"2024-08-19 09:11:47.000384","2024-08-19 09:11:47.000384",1,,fbfccf15-93b7-4149-ba97-497cfc58075c
a2f2d875-0e6e-461d-970c-d9891b4545a5,"2023-08-16 15:59:18.981720","2023-08-16 15:59:18.981720",1,,31a2be9c-e7e7-49ac-8e68-2ca6e2e194ad
a3447e7d-8425-4232-98d6-5988b391cefe,"2023-07-28 12:32:21.582574","2023-07-28 12:32:21.582574",1,,3fa4a798-4c14-416e-8b63-a45498443e30
a3a2f199-20cf-4fc2-8545-996806e2eefd,"2022-11-25 09:59:13.231785","2022-11-25 09:59:13.231785",1,,fa8e5441-9afb-4074-bda6-ec97a5bd2b5a
a56834a1-0195-40bd-ad11-b24d6405a13f,"2023-08-22 10:09:02.822841","2023-08-22 10:09:02.822841",1,,6f9c3bd1-618b-49d6-85c8-668febb67697
a57f2192-3773-47a1-890d-326da64e8618,"2024-06-28 23:22:36.499778","2024-06-28 23:22:36.499778",1,,ba1461df-d2de-48ce-87ff-30d37202c4b5
a586aa9f-5105-44f9-b765-dd92805a0a72,"2023-09-28 08:40:09.208631","2023-09-28 08:40:09.208631",1,,1f59770d-29da-4430-833f-c00e185886ad
a5ffd3fd-ceee-41c1-ad61-3b0dfd8ba569,"2024-08-12 13:05:08.913728","2024-08-12 13:05:08.913728",1,,242dc6c5-4f18-4c8b-a632-5f477e322ddd
a64afc9c-fbfa-46be-bd28-2ee5a9f49189,"2022-10-11 13:34:02.416030","2022-10-11 13:34:02.416030",1,,3b309d9d-a221-425e-8b59-7b60393031de
a653f1ae-15ac-4d99-aac8-d262d5091552,"2022-08-24 09:09:30.681447","2022-08-24 09:09:30.681447",1,,27d4357c-b863-44ff-ac37-024e77f434be
a6bb2f39-692d-4994-a8b9-06df8ed8b118,"2023-06-15 08:36:45.410894","2023-06-15 08:36:45.410894",1,,2d747ed1-3b41-4821-81de-eb842ed8f0cd
a6edda56-84f1-47b9-9855-b7005efd4361,"2024-07-05 08:33:09.947724","2024-07-05 08:33:09.947724",1,,7271c499-accf-4621-a94a-96ae696f27f6
a71ff782-abec-4033-80d3-19518b3c6498,"2024-08-27 14:41:19.561733","2024-08-27 14:41:19.561733",1,,c8eb3397-4e29-4881-b350-5263c2e68cec
a7abc568-c844-4e16-87e8-ba456a2a7e32,"2024-04-08 09:19:56.066196","2024-04-08 09:19:56.066196",1,,d35f8e62-81b8-4985-82b6-e0bf6440ca18
a935b4bb-3529-46cb-81f1-4ae8ce902b67,"2024-01-24 07:14:15.315644","2024-01-24 07:14:15.315644",1,,dafa90c8-5d73-49e0-b920-e6a2464494be
a97295af-ff3a-475e-aa5c-73ee244a73c9,"2024-02-09 13:52:28.061193","2024-02-09 13:52:28.061193",1,,6c155183-e0ea-420d-9b45-fde577ced4ef
aa1a11e1-faa8-41cd-b3d2-939b30ed5ad7,"2022-09-26 06:55:27.636497","2022-09-26 06:55:27.636497",1,,2a148d2d-5f50-4b62-bdaf-51d9e420def5
aa68c21d-86ca-4995-bd62-cebe8534d2ba,"2024-06-05 15:18:01.183196","2024-06-05 15:18:01.183196",1,,f65c21ec-1478-4be1-8b80-a28b020aa0b0
aad84fb1-7120-4e41-945a-7f461e7225b0,"2023-03-31 14:23:26.348343","2023-03-31 14:23:26.348343",1,,b4c212e9-6073-40a0-903d-7850db3d1186
ab41eb74-8550-4917-b354-73eaa3b9019a,"2024-06-26 09:16:31.088434","2024-06-26 09:16:31.088434",1,,a53e593f-f9d2-425e-a53a-c3903e877373
ab67b0dd-0501-4c1e-a518-f639c1d20577,"2022-07-13 14:16:58.079460","2022-07-13 14:16:58.079460",1,,7c1ffde1-742a-4873-ba8a-ebdfe2682962
abc1c425-c4fd-452e-b2fe-4e001e220dfb,"2024-06-26 09:17:01.376255","2024-06-26 09:17:01.376255",1,,6814d9a4-3473-44b2-938d-66a942d5ef4f
ad309649-83e3-49bf-a706-476b2bd1638f,"2024-03-12 15:56:05.001347","2024-03-12 15:56:05.001347",1,,9a124371-ed8e-41b1-b8c1-eebbd7331a9f
ad3fedeb-929d-4aa2-ab50-7492b2257d09,"2024-07-08 10:37:42.478577","2024-07-08 10:37:42.478577",1,,1d5bc690-063b-4fe8-b1a6-a2cda7bbce4d
ad809c10-c210-4930-b552-4037cea6f2a9,"2023-10-10 13:03:23.945288","2023-10-10 13:03:23.945288",1,,533ae0ca-816e-40e6-8914-dbea30c01475
ada149f5-96be-48b4-9910-64f4331dbe62,"2023-08-21 12:01:52.682254","2023-08-21 12:01:52.682254",1,,86e335a6-6c2f-4d3f-98fc-2c15edabc5a0
ae12e9e9-d446-4358-8b2b-efdbd9bb464a,"2023-01-06 13:29:13.367535","2023-01-06 13:29:13.367535",1,,816e7779-4fe9-45bd-a132-173152a82c72
ae76d05d-df5e-4068-b8cf-bf342c49511f,"2022-07-13 14:16:32.283995","2022-07-13 14:16:32.283995",1,,708fe176-66b4-42df-8e04-32ec291bec4e
af0a1a34-67e0-4fd3-ab95-4585906c950c,"2024-06-25 08:11:18.270536","2024-06-25 08:11:18.270536",1,,ec7099e4-e28c-4403-addf-7d1a0441df54
af0d5a13-51c9-493f-829d-a154cbada0dc,"2024-05-16 13:26:51.961555","2024-05-16 13:26:51.961555",1,,9da3a701-d42b-4e5f-82e6-6a065c573ae5
af265c2d-3afb-471b-a02f-3051c9da6b43,"2024-05-28 08:51:24.123203","2024-05-28 08:51:24.123203",1,,0cc3b374-214f-4b0a-8bb9-6cd66354bfae
af28f4a2-56a3-4dd7-8714-759b08b79502,"2022-07-13 14:32:26.406925","2022-07-13 14:32:26.406925",1,,d92b303d-e64c-4118-bf96-56ec9d3015f0
b0010223-f362-4202-93e3-7b88cfba522b,"2024-06-03 13:32:36.601283","2024-06-03 13:32:36.601283",1,,905e8cc4-cba0-4681-ae09-bc88bcaf49eb
b061509b-3a8a-462c-84e5-1165f04ad7ab,"2023-06-15 08:35:21.952994","2023-06-15 08:35:21.952994",1,,9f384048-575b-40c4-a264-740aeef0675f
b08f6df7-50ad-47cc-bd50-56e8174b9155,"2022-11-25 14:23:46.611290","2022-11-25 14:23:46.611290",1,,49aa74b2-db2b-4fcd-a757-187cf50fff76
b09997a9-8066-4e00-9607-8093bd2f6cfa,"2023-07-19 11:39:44.186774","2023-07-19 11:39:44.186774",1,,d311cdd4-31a4-454e-b8a4-886956bde9e6
b0a77b06-204a-4c4f-b746-4b82e2cc4250,"2023-02-16 14:25:08.875797","2023-02-16 14:25:08.875797",1,,14c4c048-c85c-4f1d-b880-24a454334685
b0b69ef8-381e-454f-aed8-30af230e8852,"2023-05-04 06:28:39.025617","2023-05-04 06:28:39.025617",1,,6d4e33dc-3353-44e6-9831-211f03a2ef86
b1473e10-e929-488b-8a92-73e04d7d80e8,"2023-08-30 14:47:12.160817","2023-08-30 14:47:12.160817",1,,c8ba108e-691f-479d-ba70-bfefe91f3d6b
b1645251-0555-4213-a4bf-27bb44498519,"2024-08-14 08:13:28.911234","2024-08-14 08:13:28.911234",1,,26c05fa5-c0fd-42de-84bc-c57bb254ef47
b1afa173-b44f-4bc3-8ef0-154211afc90e,"2024-06-03 11:31:02.377748","2024-06-03 11:31:02.377748",1,,3a5adba2-c39d-4653-9969-25eb757a69fe
b1f307c7-1ce0-4b60-9558-f970c5626e7f,"2023-04-21 14:05:45.043724","2023-04-21 14:05:45.043724",1,,63174b85-ec0c-4464-998f-5be1f22168c1
b22b17b3-79a1-491b-bf56-0b76c6695f50,"2023-07-20 13:05:22.441544","2023-07-20 13:05:22.441544",1,,ca5f0727-3dd3-4975-9a56-6d7bf4635500
b25554bb-e615-4041-9315-7b030ce83fed,"2024-07-01 07:38:55.561832","2024-07-01 07:38:55.561832",1,,ad093ec1-3ea0-4402-8d1b-c23318dabd65
b28e750a-65ea-4c64-be57-dc6c61426bd1,"2024-05-07 12:49:42.919649","2024-05-07 12:49:42.919649",1,,b659041d-fa99-41df-99b2-3342ec29e247
b2e3c373-195a-486a-86ed-5116ac0e1694,"2023-07-19 12:19:44.444045","2023-07-19 12:19:44.444045",1,,175d947b-bf32-471e-9205-044b5c0137b3
b30278b2-e054-4f44-b39b-ee493a69a3f5,"2023-08-16 16:09:04.053511","2023-08-16 16:09:04.053511",1,,9c841514-4400-4d33-94ca-93aa68e9a79c
b318a503-ce41-4a7b-9e01-c0d0f22abd62,"2024-07-05 13:55:29.101577","2024-07-05 13:55:29.101577",1,,018a5d4c-fbc7-409a-9d8d-2c76c0e337a8
b3552750-726a-4a1d-98cf-4628b90a845f,"2023-06-02 06:27:54.575953","2023-06-02 06:27:54.575953",1,,3d751daa-7fab-42b8-8ff8-f62e7773eabb
b3c58ba0-941d-40c2-97e2-28013229bdd6,"2022-07-13 14:22:30.549813","2022-07-13 14:22:30.549813",1,,8c5ceb5b-a056-4f9f-bdd6-7e6a2cb58254
b469a482-90ba-4334-97f9-b2094764e9ec,"2024-07-26 12:34:47.633570","2024-07-26 12:34:47.633570",1,,a3550f80-1752-4e56-ae90-a76a320258b4
b48af105-e2a5-4b05-a897-7ced36da927f,"2024-08-12 13:07:24.513674","2024-08-12 13:07:24.513674",1,,a6a697d5-4ee9-48a8-b083-738d1c8da3be
b49fd2a1-9e5f-411a-92eb-ee98fd1726bb,"2024-03-11 10:14:12.774409","2024-03-11 10:14:12.774409",1,,35166913-49cf-444a-941a-88fd07391b50
b4c9436b-36a1-493e-a1ed-58b28b1b79c2,"2023-11-22 11:59:16.375914","2023-11-22 11:59:16.375914",1,,67bf811d-37bd-4f94-afc1-b5c6c6a3cdb8
b4ffa119-540d-4703-844f-988106873122,"2022-11-14 13:53:55.929567","2022-11-14 13:53:55.929567",1,,89868e8f-ec24-4739-8ac4-16ca4205d7fa
b5630bcb-5260-4c64-a68f-8ce9f1c5adec,"2024-06-25 17:54:30.737397","2024-06-25 17:54:30.737397",1,,866ad368-05b8-47ec-a824-35baea40f9df
b5c7559e-8e62-45e1-8053-78b82433133b,"2024-04-25 08:21:55.660468","2024-04-25 08:21:55.660468",1,,7d6f3b8f-8fc6-4dc6-af43-74a2c6c077af
b5e724bb-2934-4508-81ac-3df9589d04dc,"2023-03-01 14:28:11.962638","2023-03-01 14:28:11.962638",1,,76e74afe-9eb0-49d3-b776-40314d664eb2
b67bbe5e-2d65-4206-87ad-11fc60b5a2ac,"2024-07-01 09:17:31.949457","2024-07-01 09:17:31.949457",1,,86d8a17d-f702-4204-895b-b183bb389195
b6ab22cf-e50b-4524-a5aa-0259cc46a004,"2024-08-21 07:23:00.415153","2024-08-21 07:23:00.415153",1,,f181da72-7e7a-4791-b69d-5fb4debaa941
b762bcd9-fdd5-44eb-8131-70ea5310aa6c,"2024-08-13 13:42:33.572290","2024-08-13 13:42:33.572290",1,,4147abf3-9729-4840-a3af-26e699f26104
b939df6a-15de-4c1e-8cba-37a680238cf3,"2024-04-08 09:20:55.330760","2024-04-08 09:20:55.330760",1,,b472084a-abbb-477a-a796-3608281c2a2e
b9b0166d-e48c-4f78-a22a-ccef4557a016,"2023-08-22 10:22:00.070831","2023-08-22 10:22:00.070831",1,,c9bbd1f9-4ed2-484d-8983-52487465f3dd
b9ba4f1a-74c8-4a9b-b4e3-8c5bbede8a3c,"2023-07-20 13:04:41.915997","2023-07-20 13:04:41.915997",1,,f938d6a0-f8aa-4fcf-b8e2-ef8a73b2a938
ba062b50-116e-4e5f-a53e-bd2b9cd84a09,"2024-08-12 09:43:17.017680","2024-08-12 09:43:17.017680",1,,9e76f68f-fa52-4899-adc7-02fbbf0e79b0
ba6ebd96-e5f7-486b-a010-d297f599d076,"2024-06-28 23:38:05.651026","2024-06-28 23:38:05.651026",1,,8270a874-1e14-4c22-b605-69398e1472e2
baf1da51-1f21-4eba-b4f4-292778a70d1f,"2023-07-11 09:49:46.928414","2023-07-11 09:49:46.928414",1,,cb80754d-6607-4845-b50e-83181aca6595
bb7efc4c-11fb-4b19-a43d-ef4226a32ff6,"2023-03-02 08:26:28.864362","2023-03-02 08:26:28.864362",1,,470ac6fe-01e3-4407-81bf-674aea5b8689
bba56d1d-72ef-4af2-a958-149b7648eca9,"2023-05-05 09:48:57.898091","2023-05-05 09:48:57.898091",1,,832f926d-ec74-4925-a4f1-27b821dccf4c
bbc6b7e6-51c9-45fa-826a-208273671da2,"2024-08-19 09:10:29.138625","2024-08-19 09:10:29.138625",1,,b4da6efd-4785-463c-adab-40f87d817863
bc08bdcb-fe3a-4fd8-9304-ef78ac7a49d0,"2023-07-24 08:26:43.173905","2023-07-24 08:26:43.173905",1,,c9051f90-29e1-4338-a942-d49f604300c6
bc148439-446f-44ac-9999-d5b348832004,"2024-01-11 10:09:42.635011","2024-01-11 10:09:42.635011",1,,b52c45ae-bc32-48b3-b0cc-eee448dc7bfb
bc94105e-916d-4773-9b83-f8398d71947e,"2022-09-28 13:02:11.932474","2022-09-28 13:02:11.932474",1,,6cf36b68-9d78-4476-886a-b78904d828b8
bd096f71-292d-4016-a4c4-4148cf90276c,"2023-12-18 10:31:12.585680","2023-12-18 10:31:12.585680",1,,902d6c00-6c57-4660-98dc-9b3d21817efd
bd0f186e-58a2-4b19-bf6a-04d2f9f91800,"2023-07-14 12:35:04.005228","2023-07-14 12:35:04.005228",1,,f5a8b67f-ef74-4ce2-a31e-1047e73e9718
bd2ba281-fbe0-4f22-b41e-97570d48d2dc,"2023-08-16 15:34:42.566550","2023-08-16 15:34:42.566550",1,,36e18fb5-b1a4-4d90-b388-84653876247b
bddc97fc-099a-43e6-a96f-64dbcdb1cff6,"2023-07-28 12:19:36.262493","2023-07-28 12:19:36.262493",1,,e5aaef1b-915e-44bc-98ac-37177fb9c4d7
be0670d9-fc14-4e4f-9d57-bc86c7a1cb02,"2024-06-03 19:50:23.863545","2024-06-03 19:50:23.863545",1,,8b697e77-a2a5-4d2a-8b9f-ee938ca2a5bd
beefc828-de58-49c6-b1fb-af63c7c57b13,"2024-03-07 09:01:11.198506","2024-03-07 09:01:11.198506",1,,27428c65-1308-4c20-ad4a-07b4e551a8d0
bf188077-06b6-4b74-a8dc-c8f2329e7a32,"2023-05-05 09:57:59.220558","2023-05-05 09:57:59.220558",1,,6fa9c838-7d8c-4ad8-bb21-0396644e6a23
bf9ceeeb-b365-4981-a0f7-d14c33cf3c43,"2024-02-09 13:31:05.690798","2024-02-09 13:31:05.690798",1,,62edc485-24e2-4429-9084-8217ec25756b
bfe13a1e-2df0-44dc-b62e-dc65bc63d55d,"2022-07-13 14:24:16.433584","2022-07-13 14:24:16.433584",1,,a885326e-3b4f-4428-af9d-b3814588352c
c05f1d63-208b-473c-b087-d2a8c186d01a,"2024-05-02 08:22:55.295108","2024-05-02 08:22:55.295108",1,,c4a2ff6a-ab3f-4ee3-9180-4329f3c6a14b
c0ab553e-6bbb-49a6-a7ce-4abbe831e636,"2024-04-12 07:37:26.438896","2024-04-12 07:37:26.438896",1,,bf9125c0-e21c-46b3-8f60-639d2218c1a5
c0d26214-c8f1-48d7-830a-f4872ee6ccdd,"2023-01-12 13:08:17.875070","2023-01-12 13:08:17.875070",1,,feeb9f1c-0585-44c2-b872-df1eb10fdf92
c12f9818-23bb-4345-bfc9-3f3b51b74655,"2023-08-17 17:02:48.801147","2023-08-17 17:02:48.801147",1,,d33d229e-01d0-4135-aec2-1ed05c14fc39
c16c5843-66dc-40a4-9cfb-32a7b7669632,"2022-11-14 13:25:22.705562","2022-11-14 13:25:22.705562",1,,1ce2279d-949d-4ae9-92a8-1a4be6065d53
c19da9c0-fe9b-4f50-bc3c-6c41b149c228,"2024-08-19 07:26:13.055042","2024-08-19 07:26:13.055042",1,,760a8065-d5a2-4a42-986e-5965810b5dc9
c1c8ccd9-5a2d-41ee-a2db-5c6d168f803c,"2023-07-11 13:20:39.343366","2023-07-11 13:20:39.343366",1,,02ad8c56-8445-410a-aceb-26a231bbd0d7
c1fd8c5b-16b8-4eec-84c0-0a02c0573008,"2024-06-18 11:03:39.709160","2024-06-18 11:03:39.709160",1,,5f34165d-ead0-4ea4-95d9-9572458a94d7
c1ff83ff-128d-4f88-bb0a-149abb4d9848,"2023-01-26 14:05:09.548553","2023-01-26 14:05:09.548553",1,,0f8195c6-3911-4c00-94f0-ccda738e1259
c20f49db-8239-4b63-8e69-504ad823cdf8,"2023-12-18 14:36:16.273191","2023-12-18 14:36:16.273191",1,,e053dd0f-e000-41d2-98ec-133afb0f8d75
c2820a94-0cd8-4a25-a52a-a076dbd7ff1c,"2023-07-22 11:01:45.780746","2023-07-22 11:01:45.780746",1,,ed39dcd2-48f1-4c9d-9685-f685d518c4c9
c384d892-b33e-475f-b3d8-9a149e794598,"2023-09-20 14:46:39.893444","2023-09-20 14:46:39.893444",1,,d6a43034-0b3b-476f-81c7-346bb878e9d0
c477f113-634e-488a-8bab-1e3e984be890,"2024-06-25 14:03:52.937150","2024-06-25 14:03:52.937150",1,,8be98697-a6f6-4b43-b310-d489515c5973
c4d4e2e3-88dc-4b49-8dd0-bdaa2c8fc6e0,"2024-04-15 09:24:47.411896","2024-04-15 09:24:47.411896",1,,fcbc6d62-a0f5-4bd6-af5c-291e9ea3a2d6
c5695a75-3e50-4c60-ac43-6e59de5e35cd,"2023-08-16 15:37:39.193101","2023-08-16 15:37:39.193101",1,,57c55628-1bde-49f3-9b3f-596135868293
c623d21c-d762-4592-b2b8-d33177c88ec8,"2024-06-06 07:50:23.101397","2024-06-06 07:50:23.101397",1,,67c560a9-1f02-4680-96b0-8a1778337bfb
c66966ca-0ae1-4b9f-9f70-e266548faa4d,"2024-06-28 07:38:00.727760","2024-06-28 07:38:00.727760",1,,86932e37-cdee-4d76-9325-3dd0c63cf762
c6aa99cc-c05f-43a9-b636-018102b585b9,"2023-07-14 12:34:43.698939","2023-07-14 12:34:43.698939",1,,7718d0c8-5dc8-4ddb-96c2-c05db5e10d99
c71896fa-c41c-4476-9424-5cc288b60c17,"2024-07-05 08:31:17.194634","2024-07-05 08:31:17.194634",1,,9a846534-1c33-4c5e-b44d-e627fe0e9e3a
c71d72ea-6972-412f-a2bf-5fa101b0fc1d,"2024-06-26 10:40:21.987489","2024-06-26 10:40:21.987489",1,,2342014c-f25f-4917-be29-e5e0402bb255
c732db07-6adb-431c-bfaa-fe80bbfa4cbd,"2024-05-09 09:21:48.887211","2024-05-09 09:21:48.887211",1,,2c473365-9540-4b65-ba2d-0a3bb2a98652
c7666436-ea20-4cc3-9f7d-6b172cfeb8e5,"2024-07-01 07:47:13.209783","2024-07-01 07:47:13.209783",1,,d766d904-ab3a-4fda-a210-df47bec04071
c7749caf-8dfd-498f-a164-3e340df704cf,"2024-04-29 10:25:34.951769","2024-04-29 10:25:34.951769",1,,e789b7f6-6354-4a1d-ad11-d422dfea75d0
c8d3b8e8-78df-4de9-944b-57fcbb3383f2,"2023-07-27 15:24:58.749335","2023-07-27 15:24:58.749335",1,,fdc60804-7601-4f2e-81e5-fff48cd02880
c920b8c8-57d1-4c7b-b7f2-b20b9663e3e2,"2022-11-25 10:47:57.087345","2022-11-25 10:47:57.087345",1,,06f7a543-f740-4cf2-b734-b413e8331d90
c9246940-4f20-4634-b7a4-53fe23303930,"2023-03-01 14:27:30.166623","2023-03-01 14:27:30.166623",1,,219bdd42-bb3c-4628-b84c-a6e979e1a733
c983bd66-604c-4e95-9410-488cf1cad5ba,"2023-01-11 14:47:31.559520","2023-01-11 14:47:31.559520",1,,c5ffda4e-e613-4a65-b8fb-619647a2cc1f
ca2affa0-4c6f-415a-93ab-70d542eb25dd,"2024-06-03 08:27:35.812470","2024-06-03 08:27:35.812470",1,,a958d484-dcab-434c-89fd-9658bc602c35
ca65cde3-c23a-442c-8988-abfa25843f42,"2024-06-03 19:59:20.792006","2024-06-03 19:59:20.792006",1,,a8f7ee8b-22ad-48c2-98ca-e6c67d9ae872
ca6b07c8-71b5-42d0-95dd-c287620f2e13,"2023-08-17 08:38:27.802178","2023-08-17 08:38:27.802178",1,,770db064-706c-4324-87cd-090cbc1358c3
ca84cb37-87fd-4e79-af21-2c1f08a41148,"2024-02-19 15:09:15.831877","2024-02-19 15:09:15.831877",1,,bc8d822a-6a23-4fee-9683-6b363dc44529
cad6739b-7fe2-4e1f-8703-bbd01f8c2dd3,"2023-01-12 17:49:57.888881","2023-01-12 17:49:57.888881",1,,ac3ad5ba-c922-4269-837c-064444a5603c
cba528ea-94b7-4ae7-87c5-6b3bd1d22f6b,"2023-08-22 09:51:02.381096","2023-08-22 09:51:02.381096",1,,a869d2d5-719f-4f94-8cc5-2aca24cb55b7
cba8787f-eccd-482a-aba1-ab87171f64a8,"2024-07-08 10:37:07.847138","2024-07-08 10:37:07.847138",1,,5fef9034-4a99-42c5-91c6-fdf1b194a3df
cc1ebb1f-293b-4410-a03a-05b2f4e8e584,"2022-10-05 14:07:38.539696","2022-10-05 14:07:38.539696",1,,d44519be-d494-4e23-a07c-a11e5661f2da
cc80ae79-bde3-4669-be2f-6d4c89673c51,"2023-08-31 09:29:25.807776","2023-08-31 09:29:25.807776",1,,08493c56-336f-4e8a-85b9-b0adbef8174e
cc81abb3-765f-4672-a35b-6216ae8e8879,"2024-05-17 13:45:14.635217","2024-05-17 13:45:14.635217",1,,6f76c8b5-8c38-4bfe-97f5-15ed6afeaa02
ccb07730-c418-47c4-a789-fb4e5b0cbb65,"2023-08-22 10:20:44.849731","2023-08-22 10:20:44.849731",1,,88d51018-72e9-4e92-9f28-ac669dc233dc
ccbe2b7e-d60a-4868-8966-c07f35087fbe,"2023-09-01 08:51:35.250441","2023-09-01 08:51:35.250441",1,,2742f3ad-086f-4a07-91e7-a97f5e80a213
cd663556-fa46-46e7-8d79-118b463e23ef,"2024-06-28 23:06:48.960580","2024-06-28 23:06:48.960580",1,,0fe6c495-8b9f-40ba-9ec4-c54c53a3a63e
cdefe62d-a8b6-4b98-b280-ba8348f0b290,"2024-03-07 09:12:58.847002","2024-03-07 09:12:58.847002",1,,fd1ec4fe-4460-43e8-a771-2d701b2b8598
ce2a2c0a-5891-432a-aa69-e7ee9d5dd4db,"2022-08-25 08:57:55.818620","2022-08-25 08:57:55.818620",1,,060ac835-7e31-4e46-bc66-ff6a0a137e03
ce8fac74-3948-4f60-877c-31d92ec8b278,"2024-06-06 07:55:50.619517","2024-06-06 07:55:50.619517",1,,897416cb-dfd0-4a32-a506-19445b2e7110
ce97671f-804a-4489-b62d-df97882a184c,"2024-04-17 11:56:42.190674","2024-04-17 11:56:42.190674",1,,b1511b82-6deb-4648-ae0e-a9392443b779
cec0d9bb-da92-4fbf-83a8-ca653d700066,"2024-04-08 10:16:26.990948","2024-04-08 10:16:26.990948",1,,545c1308-dc43-49f2-8e0d-4a9a1cdf831e
cf9aa5d2-d395-4c3a-b36f-ee924b945106,"2022-12-13 15:08:55.034569","2022-12-13 15:08:55.034569",1,,a2b6f55e-89c2-4dd1-9bad-1a5ec45db3ca
cfa2c97f-0d45-4142-924a-56db5e592a66,"2023-03-01 16:37:53.461235","2023-03-01 16:37:53.461235",1,,7c009007-cf98-4ef3-b31c-dbc339cd71bd
cfa77409-7e37-42b4-9d07-994d895655db,"2023-02-16 14:54:04.743209","2023-02-16 14:54:04.743209",1,,d1601f03-81d3-4fef-90dc-f8563a874530
d00a382f-3b15-4a0e-99e5-77ef62e75d4d,"2023-08-17 18:13:04.904831","2023-08-17 18:13:04.904831",1,,b7473296-ae6b-44ac-9a6d-98996bdec140
d04627c1-8230-4c2c-a074-95f0bc7a427a,"2024-05-02 08:18:41.645923","2024-05-02 08:18:41.645923",1,,59d0f0d6-07c7-4cb5-a108-85dec18ab846
d072c012-7681-40eb-9d01-2666a1cd7254,"2023-05-11 11:39:42.919633","2023-05-11 11:39:42.919633",1,,3b6b8117-ef67-4e18-bc89-057fb85d11cb
d1269dbf-9e12-459d-ad67-91684639c0e9,"2023-07-19 11:40:29.103568","2023-07-19 11:40:29.103568",1,,1e2de1ae-e4b0-4080-b5f1-1815398236db
d1dd8070-01ae-41fe-861e-0d10eb9fcabd,"2023-11-08 10:27:39.925792","2023-11-08 10:27:39.925792",1,,998da123-21fa-4c8c-91d2-f5f8df978ef6
d289094f-c4fd-482f-8a59-0457a54ba291,"2024-02-09 13:20:56.675694","2024-02-09 13:20:56.675694",1,,47754923-0bfa-4d8a-a204-101174bd7f9d
d2d07eed-b6e3-4140-86aa-4752df1467ef,"2023-12-18 10:21:52.083180","2023-12-18 10:21:52.083180",1,,1c1e03d5-7c2d-445e-a053-833bb680d8d0
d3d1ff21-307a-4872-84c3-731988582149,"2023-06-27 13:50:51.992802","2023-06-27 13:50:51.992802",1,,a9fcc404-a00d-4c16-9354-0a0cd55e532b
d4148058-15ca-4df0-98f2-2460a65fd358,"2024-07-01 10:36:13.414910","2024-07-01 10:36:13.414910",1,,b82f3e0b-555a-496d-8213-a5d21d92ab77
d46ae64d-063b-4207-81ba-d72d5f560bc3,"2024-06-06 07:55:53.433021","2024-06-06 07:55:53.433021",1,,30296ef2-2f18-48af-9d50-f78e6235c1e0
d5403395-f2cb-48b3-8dc1-d838ca5d34a6,"2024-06-05 09:44:25.934521","2024-06-05 09:44:25.934521",1,,0ced643d-7533-410d-9381-b18827630c33
d54bf03c-23a6-4901-851c-a4a252ceb651,"2022-10-28 14:08:49.222471","2022-10-28 14:08:49.222471",1,,ac48d92a-0bf9-4dd3-8c1e-33d70cab6fe3
d5543e57-25f5-4707-8dda-6b2fce94f2db,"2023-07-19 11:26:33.278823","2023-07-19 11:26:33.278823",1,,9c1da6b5-f2b0-4afd-8070-c5b19511db48
d5823fd1-e3c5-4c5f-a744-c2ceccdb8b68,"2023-01-11 14:48:21.392403","2023-01-11 14:48:21.392403",1,,8ca45eab-a3f9-4166-8bf4-a16aeb6a1125
d5aacfa2-5ca4-484a-af8a-34e74ad232d1,"2024-05-02 09:09:23.045222","2024-05-02 09:09:23.045222",1,,b4a227af-b32c-4b14-938c-67f4ac19a0e6
d6687cc5-192e-4ffc-9aac-231ce3fc17c4,"2024-03-14 20:55:53.222671","2024-03-14 20:55:53.222671",1,,7a9c22c8-49ae-49c1-b272-1120d171e5a8
d6bcce24-ed1f-4f94-a404-6e705eca988c,"2024-08-09 08:31:50.686354","2024-08-09 08:31:50.686354",1,,92d801e4-1acc-4a19-9a77-1115b0772ecc
d7263e1c-b3a4-415d-833d-09e799a35c69,"2022-10-11 12:19:22.192051","2022-10-11 12:19:22.192051",1,,4311bea8-93fb-4904-aa59-84ee8a94e23b
d7be5b43-570d-4d37-a60c-4d576ded141e,"2024-05-20 10:39:59.345107","2024-05-20 10:39:59.345107",1,,925d04bd-0588-47f0-8a39-97f6ad2a3151
d7d7cd4d-71f8-4f9b-b57b-14621f63fd4f,"2023-09-20 09:51:22.823206","2023-09-20 09:51:22.823206",1,,731596ea-fd7e-4650-a434-38cdc16f071f
d7f011c8-e7d9-4878-a7b2-e3e144e4e7fa,"2023-09-29 08:53:04.724752","2023-09-29 08:53:04.724752",1,,6023e736-4297-4253-a8f9-c5cc5acd8fd6
d7ffd2c2-f3b3-4d15-ae83-f17d2c2580d7,"2024-04-08 09:21:26.253452","2024-04-08 09:21:26.253452",1,,05424da3-434e-4e56-8a9d-d216e224396c
d896d2fc-9f2e-4b98-9db3-21c9ecfb4669,"2022-07-13 14:18:33.352004","2022-07-13 14:18:33.352004",1,,2bccc051-a230-4306-85eb-8b9a0fcdd0a2
d9221bc5-de7b-48d9-890d-99f6527f6bb4,"2023-08-31 08:04:58.649180","2023-08-31 08:04:58.649180",1,,4e170479-ef9b-4bf7-81af-0ba980195811
d99c82d3-2834-4321-af68-0ec048d4dc8f,"2024-08-12 07:24:33.809530","2024-08-12 07:24:33.809530",1,,f489716b-8626-4801-aad3-13d909f26605
d9bbed44-2b08-4ddc-9885-328e5cc6be9d,"2023-08-16 12:46:59.865945","2023-08-16 12:46:59.865945",1,,c09c044d-4e57-489c-9793-951a4ada0acc
d9de84c9-5fba-4880-9837-25591b6fcebc,"2024-07-26 09:43:21.289047","2024-07-26 09:43:21.289047",1,,f684477e-8f36-404c-a757-576a1dcd3556
d9f09b0b-e8ee-4726-b5a9-61a7eee5287a,"2024-08-20 08:34:24.654308","2024-08-20 08:34:24.654308",1,,2c76da4d-6d14-4136-abf0-805c6d780f48
da84cba7-4c1a-4f9f-8a77-c0e9f7182bbe,"2024-06-04 13:54:31.464366","2024-06-04 13:54:31.464366",1,,f09180d3-9816-4da4-925d-c8f8eaeb35ca
da995882-86a9-466b-9e41-261f52df819d,"2024-05-20 11:26:11.430773","2024-05-20 11:26:11.430773",1,,596058d3-39ac-4fa1-a746-044ab0389a88
dadc3157-61fc-40ae-8c6d-124f4435abae,"2023-07-27 14:07:13.096711","2023-07-27 14:07:13.096711",1,,edda7182-5af1-4b0c-ba81-a1175b8b68f9
db1d6e47-1592-4d5d-ad77-36329a3cfa8c,"2024-07-01 07:34:54.651463","2024-07-01 07:34:54.651463",1,,53844d87-79c9-4461-a4f8-d868041ce299
db86d577-9078-410a-9eaf-5a04307c3037,"2022-08-24 09:14:16.013867","2022-08-24 09:14:16.013867",1,,34a3902b-9e83-4bfc-841d-9d1bb76c1a2c
dc4869cc-79da-4795-ae4f-4feda31989fb,"2024-08-28 11:32:56.442777","2024-08-28 11:32:56.442777",1,,20efca33-0aee-451c-a17c-5ea016c47cf6
dc8190ac-d994-4020-bd96-d2965a554af5,"2024-03-06 12:59:54.820823","2024-03-06 12:59:54.820823",1,,2a9ba5cb-0044-4e63-8ab9-549f84644e66
dcb5e11a-2eeb-488d-a16b-d39ae2851851,"2024-08-29 08:21:39.851214","2024-08-29 08:21:39.851214",1,,6ea33765-eba8-4f16-b3a4-076bc927cdb5
dcda9f6a-9841-4021-9fce-580c5b037957,"2023-12-05 15:20:39.467401","2023-12-05 15:20:39.467401",1,,b66037bf-c8c5-4b24-86ed-1974a935dee2
dd5dfd99-f693-4c8d-bba3-f324ab0cb6f6,"2024-06-28 11:27:01.232247","2024-06-28 11:27:01.232247",1,,133900d2-2f42-4e2f-a22b-dd891e77a5b0
dd87e298-a96c-432c-91c0-1c9d4c6290be,"2024-05-09 14:26:57.047455","2024-05-09 14:26:57.047455",1,,69cfb37e-acd0-43c9-9874-fdcdc88e726a
dd98df92-4df4-4e99-856e-1ce5f12ed56a,"2024-07-01 12:33:43.958403","2024-07-01 12:33:43.958403",1,,7e121663-8a4b-40fa-ab88-7ed4ac885ca3
dddb298a-baa1-401d-b129-80be0d54d978,"2024-07-01 12:33:39.788617","2024-07-01 12:33:39.788617",1,,12cb34e6-687b-4d76-b0e7-121342e1b85b
df3d95af-3802-40d0-9ae3-29e1fda91435,"2023-03-01 15:48:57.280281","2023-03-01 15:48:57.280281",1,,391479c9-6461-45b9-bf3e-9816e22ebcaa
df4a870d-7c09-4e34-9173-4c42202310b2,"2022-07-13 14:20:40.740359","2022-07-13 14:20:40.740359",1,,f5052375-42e1-406a-9cd2-55489b73eab8
df4eb275-3bd3-4903-801d-773ee1bcced3,"2023-06-02 10:13:13.641506","2023-06-02 10:13:13.641506",1,,e53164f2-6965-4ae9-8ebd-1b2f4c2a7115
df5e9332-c0b9-4eee-be22-fa535767dbf8,"2023-03-31 13:47:47.184103","2023-03-31 13:47:47.184103",1,,60960277-543d-4d5f-95be-060138423a0c
e00a7228-b72c-4372-9f65-88b3e8117063,"2023-01-12 12:41:48.279943","2023-01-12 12:41:48.279943",1,,1de0b099-69e4-4b68-83dd-b40a678ae807
e0668687-8503-4f8c-9940-1ffcf984b1c2,"2023-05-12 06:59:52.748617","2023-05-12 06:59:52.748617",1,,adbf74a4-0a6d-40b7-93d2-cc8280dae16a
e07a00cd-8b43-4876-9961-09f9c182b6fc,"2023-10-11 14:43:07.652170","2023-10-11 14:43:07.652170",1,,39b22658-effb-4936-8039-4d09fb7fa684
e0b4419e-5af3-4550-87d7-31bc19531826,"2022-11-14 13:54:37.913821","2022-11-14 13:54:37.913821",1,,3fd49fb1-90e5-491d-8265-d0803c26ab6e
e140d703-3e25-4b8f-80c5-26e54c897f16,"2023-08-21 12:03:14.451070","2023-08-21 12:03:14.451070",1,,318f98eb-d2b8-4343-a345-9260c8cfce22
e14a0935-4738-4b1a-a0e9-e4aab8a0ec25,"2024-02-09 12:47:16.158971","2024-02-09 12:47:16.158971",1,,d7589c4d-f429-4b1f-968c-6ab5ba163c27
e193c7b2-0664-4257-a743-86132f412737,"2024-04-08 10:28:26.782442","2024-04-08 10:28:26.782442",1,,4cefd371-0553-4cf9-ba91-d902ca960344
e1a1a90c-9ba2-40c9-9803-34a1ba862994,"2023-02-16 14:32:45.851312","2023-02-16 14:32:45.851312",1,,245427df-862c-455f-8a2f-8fae4b54778f
e1baac34-0934-402f-8204-5a9624fab802,"2022-07-13 14:18:57.472109","2022-07-13 14:18:57.472109",1,,ae31ea0e-2b88-4d8d-8c2b-c5fcedd87e44
e1dff9a8-c61c-40d5-bbe9-b7e52d5f49be,"2022-07-13 14:18:10.078051","2022-07-13 14:18:10.078051",1,,439123d5-dbfd-4d53-b44e-cb936b6cd0da
e22484d1-7888-40b6-aeb8-d2fff01d25cc,"2024-07-26 12:03:38.633993","2024-07-26 12:03:38.633993",1,,5f08cfc1-7862-4d9b-85ea-a957c086f230
e3138879-cb48-4cf1-94c0-78a4e37c97a7,"2023-12-05 13:21:44.600174","2023-12-05 13:21:44.600174",1,,ee6ea671-c4b6-473d-98b4-87dd3bb09dba
e34f2926-ee28-4877-b527-e7fcdc7d94ee,"2024-06-03 20:00:23.014653","2024-06-03 20:00:23.014653",1,,62103fc9-6ae6-4f3e-918c-e285c3b55a24
e3651d07-0860-40d2-8e92-28c70b78ec5e,"2024-06-06 07:55:59.033781","2024-06-06 07:55:59.033781",1,,73737885-ea27-4f19-852b-676c116e2b7f
e4078bc1-0867-4db1-b267-26b1a4373ebb,"2022-12-22 19:28:20.266111","2022-12-22 19:28:20.266111",1,,5bac3fcc-1a9d-4484-a576-89f0e9770a4c
e4471755-5142-4523-8ef7-52fbb56bfbbf,"2024-05-16 14:17:33.226727","2024-05-16 14:17:33.226727",1,,a2833b9c-6e22-42d7-98d2-fb1530fdf397
e50b43aa-2d4e-47d0-977f-7cdd889660d3,"2023-08-17 08:37:43.528976","2023-08-17 08:37:43.528976",1,,56157eea-2eef-4e60-9f39-871fa86360d1
e61b2642-d49e-45a5-ac1e-318da3ea3537,"2024-06-05 09:37:00.524380","2024-06-05 09:37:00.524380",1,,17121732-c372-4065-9e97-f1c6b4411e8e
e63d7339-cd18-4a13-874f-37514b1fe3ad,"2022-12-23 10:33:11.462647","2022-12-23 10:33:11.462647",1,,55969fc1-d9d4-4d34-af4c-48ca1cdc3779
e6431be1-ae0b-491a-8bba-cbf945460c5b,"2024-01-24 07:04:08.715177","2024-01-24 07:04:08.715177",1,,40abafcf-73b9-4aeb-971b-f52cffa7a720
e647b3db-e9ad-4a68-a2d6-b2cf050bd3db,"2024-04-29 08:26:05.628127","2024-04-29 08:26:05.628127",1,,896c2f1b-4804-45fe-b96a-4a95497a005d
e6bad0ed-d753-47d3-b7f2-1b735ec55a17,"2023-03-28 13:05:48.879224","2023-03-28 13:05:48.879224",1,,a23ba970-1905-45be-b8ad-a3965bfe8c9e
e7ab5110-81a6-4e91-b0d2-d6a925999fbb,"2024-08-29 08:21:40.199699","2024-08-29 08:21:40.199699",1,,2ef1d669-bb68-4717-9b21-97c0e04be20e
e851aae0-c6ab-4c94-a217-3ec1f7a9eaf6,"2024-08-28 15:20:07.066203","2024-08-28 15:20:07.066203",1,,6a79df99-12c2-4da0-84ac-15e91f97cf16
e8706307-3ddd-4cdb-9813-c327bd71f098,"2023-02-21 10:36:22.632214","2023-02-21 10:36:22.632214",1,,ba782286-c462-454c-a679-6d255107da66
e8940316-b3bc-4f0e-a680-39b915972626,"2022-07-11 14:53:04.435853","2022-07-11 14:53:04.435853",1,,871f245c-3045-4cb8-be53-665817f7c0f6
e91b56c6-edac-45b5-bb37-2663068a1ceb,"2024-05-28 13:04:59.877958","2024-05-28 13:04:59.877958",1,,d95e016c-1c62-4e7b-b13e-a2ff0eb3b7dc
e94adb1d-cb5d-431d-a500-a4cef6a91eba,"2023-05-15 11:05:41.148430","2023-05-15 11:05:41.148430",1,,662eec30-d5e7-45df-a115-bca444d1e4d5
ea304ad6-6955-459d-8bb0-19cd0fced91f,"2023-01-12 11:16:04.608112","2023-01-12 11:16:04.608112",1,,d2526e62-33e3-432d-b9b3-3b80233f6e9e
eabc4e7b-4538-45d5-ba32-40687c501063,"2024-06-03 11:32:05.990580","2024-06-03 11:32:05.990580",1,,51d1f695-22bc-4036-af8c-711551fb3f17
eacefb7d-3899-4639-916c-12bafd9ab10b,"2024-07-01 07:47:30.821628","2024-07-01 07:47:30.821628",1,,0327668a-1bca-486d-af48-b596b2831579
eae2ea21-1d1d-4452-89a7-d4adebc938aa,"2023-12-18 10:29:20.491546","2023-12-18 10:29:20.491546",1,,aec55b27-c405-465e-bcb9-16db6ca7aa31
eb458bd6-3484-422e-b355-0af8a5567eff,"2024-03-12 12:34:29.739562","2024-03-12 12:34:29.739562",1,,3ca41817-fe3f-4aa5-8ab2-10ca30b76580
ebe7b8ef-7a18-4533-9947-069d0bec10cc,"2022-10-05 14:53:00.499860","2022-10-05 14:53:00.499860",1,,327ba98f-94dc-4941-91d6-db70440fc68c
ec2866e1-01db-4c66-a01b-34f4c3b9a7ad,"2022-10-31 12:01:55.006692","2022-10-31 12:01:55.006692",1,,f264f79c-3c68-4930-8df9-6ea2a36a398a
ec411ecd-826c-496c-8d2a-d7ee47175cb7,"2024-07-08 10:35:53.282628","2024-07-08 10:35:53.282628",1,,72dcbfc8-fd79-4fa3-b2d9-22c8e3d11133
ec7a3add-6c94-4f97-94b1-e0d070dfdfe5,"2023-08-22 09:49:19.779997","2023-08-22 09:49:19.779997",1,,8f8fbe9e-a0d9-4ffd-a508-f8cf55d08ec4
ed01eb84-b000-4ffe-8987-546174636140,"2024-08-14 08:33:48.404860","2024-08-14 08:33:48.404860",1,,91fa0748-5987-42e9-8661-23fa6b9a0e59
ed35f187-548b-4c5e-85cb-c89ffdacb46c,"2023-08-21 12:04:16.902200","2023-08-21 12:04:16.902200",1,,d8cddfa0-7f24-4d31-b64d-c7d985e85747
ed52b47a-5040-4fb2-95d9-b7dde3ffcf7e,"2023-08-23 08:52:29.278931","2023-08-23 08:52:29.278931",1,,c9f4a5f5-b1d3-44a0-8bcb-8dd3ecac76bb
ed71cd4a-19ae-46db-ba89-c1f65a227154,"2022-11-14 13:26:01.319072","2022-11-14 13:26:01.319072",1,,89941354-33f7-4839-a299-1fea7443eb3d
ee51df7f-1ee4-4832-96f8-fb5b83272fdf,"2024-05-16 07:22:21.172239","2024-05-16 07:22:21.172239",1,,0fd939bd-8c55-4163-bdc6-f387cfa3e352
ee713398-2acf-4bd3-b9d3-599e621c494d,"2023-01-27 13:51:35.894819","2023-01-27 13:51:35.894819",1,,c8c050ca-b32e-46d0-81f5-01c3e2a15885
eed5a346-dac6-4b90-b72a-0f56d46b4b50,"2024-07-05 14:04:37.999255","2024-07-05 14:04:37.999255",1,,e32a1d56-b416-443c-80db-cb736561e98e
ef44d37b-51cc-4681-85a2-e9f5dec90d7a,"2024-05-29 12:36:15.527463","2024-05-29 12:36:15.527463",1,,511859c8-3feb-47c0-8202-95c4f2fbad37
ef46ba5e-3f77-42a9-afbf-45e64b061c3c,"2023-07-11 12:00:57.478531","2023-07-11 12:00:57.478531",1,,6c45de7f-bff4-46cf-a06e-6e5651a3d988
efe89501-54c2-4010-84eb-7590ff162e0d,"2023-07-11 15:12:51.838011","2023-07-11 15:12:51.838011",1,,3bb1eb03-1af0-4a92-8a03-070eadff738e
f050903e-e32f-4eb6-8610-b227ed37bba0,"2024-03-25 11:32:12.934011","2024-03-25 11:32:12.934011",1,,4ba3af5f-fa24-49e0-9de4-c750e1c0882f
f072a37e-87d1-48b8-a78f-6bd582ab394a,"2024-05-17 13:39:25.197609","2024-05-17 13:39:25.197609",1,,9de577da-0042-4b4d-a8a2-97712b2a80d1
f0ce78f3-41a4-47a5-ac83-2050615f8f29,"2024-07-11 15:44:55.592105","2024-07-11 15:44:55.592105",1,,3c530275-a3c5-4c48-9d3a-d766925a9b20
f12848bd-b96d-426c-a83a-06ae76b49c37,"2024-04-30 21:17:03.727325","2024-04-30 21:17:03.727325",1,,0b204fce-6255-414f-bd14-7d2db775bbdd
f13d3d9f-9087-48bb-a735-25f6a5225a6d,"2023-08-21 12:05:41.486438","2023-08-21 12:05:41.486438",1,,5537982c-7479-498c-b194-13ffb00be526
f17cc857-bc78-4138-965b-e932f1bdcd57,"2024-06-03 12:29:38.907129","2024-06-03 12:29:38.907129",1,,257e35fd-36cc-4f94-b4df-4bb717603cf3
f1900960-9d93-40dc-b253-b259e9fd1660,"2024-02-09 13:55:01.251701","2024-02-09 13:55:01.251701",1,,f3820e41-7336-4923-8803-7b14eb9a29dd
f1965bb9-3bdc-4371-ab70-7540ad20bc7b,"2024-06-18 11:04:09.439390","2024-06-18 11:04:09.439390",1,,e02ed829-b99f-4b3d-9421-fb62bd5d16ba
f1e023bd-d6a9-4084-b1c8-76f28bb6a4e1,"2022-08-31 09:44:12.820348","2022-08-31 09:44:12.820348",1,,0a8e2138-71b4-4396-9f94-07f02f12f5ee
f2311205-2006-4bf3-9605-d7523e2cc517,"2024-08-28 15:20:41.781852","2024-08-28 15:20:41.781852",1,,53a3ba10-13b5-476f-bc2e-2193d40f9446
f2467d39-8870-4328-9234-9a99f743d5dd,"2024-03-07 09:24:59.558868","2024-03-07 09:24:59.558868",1,,b00a0dd0-49bb-4be5-80bf-937516bb669d
f47684af-260d-418f-969b-794191251f2d,"2022-07-13 13:17:46.671746","2022-07-13 13:17:46.671746",1,,41a2adae-bfab-45ae-9551-2b558c742d24
f496abd1-06a6-4234-abc0-2561ca53af23,"2022-12-22 19:32:12.863586","2022-12-22 19:32:12.863586",1,,1b666c31-6512-4640-ba35-8822f53567b4
f4a47586-49e5-45a4-97dd-d09258771dfd,"2022-07-13 14:21:37.081463","2022-07-13 14:21:37.081463",1,,e25362f5-db78-4b7a-83f8-ea0ebfac4cd6
f4b47a42-ac27-4aeb-8b0b-a0be0dfd698e,"2024-06-06 08:06:10.358441","2024-06-06 08:06:10.358441",1,,86f8eb3e-1757-4a56-bd47-9c378d934fb8
f4edc536-bc7c-4d9b-8274-8a83641bde55,"2024-08-14 06:40:41.207959","2024-08-14 06:40:41.207959",1,,e14c6722-2e58-4810-83e7-7c35e40b509c
f4f66282-a667-4bd3-b57b-5cc7a2c284ea,"2023-03-21 13:13:55.862560","2023-03-21 13:13:55.862560",1,,01811467-cea0-46e3-99f7-88d0222d0fdd
f52c771c-723e-4455-93d4-0791bcabbf36,"2024-07-01 07:37:17.070877","2024-07-01 07:37:17.070877",1,,7874c338-e886-4f76-9abb-dabd5430dbfd
f6ea7181-6181-4ea6-ad6c-737e42e8e075,"2023-10-10 13:13:25.840039","2023-10-10 13:13:25.840039",1,,a48a0847-7ccb-41e2-8b64-f9edeb4b7ca6
f6f0a86d-e5f8-4e59-bc71-2ca9ed139477,"2022-07-13 14:24:07.111791","2022-07-13 14:24:07.111791",1,,90172cec-a05d-4afa-9c97-66006c7a727f
f7264ae8-89d2-45b0-b3e1-ba2a605e7249,"2023-07-20 13:58:08.260672","2023-07-20 13:58:08.260672",1,,dbe2483d-d221-4500-8b26-38d39544595f
f73303ab-cf06-4220-8303-33056bb5f01b,"2024-06-18 13:24:18.347057","2024-06-18 13:24:18.347057",1,,bb2cf539-1034-4cf6-beb2-ea947d56931d
f750ccb1-ac69-455b-ad5a-245c76cbda23,"2022-07-13 14:21:09.873231","2022-07-13 14:21:09.873231",1,,077e73d3-af9a-43d6-9cb7-eb610a73f669
f77043d8-19d7-456b-a49c-fb1f124d51f3,"2024-08-12 07:00:40.552401","2024-08-12 07:00:40.552401",1,,728c5ec3-477f-449c-b2bc-39b7c1731736
f790fc0b-7910-455b-8ed2-13841b6f7a56,"2023-11-22 09:22:48.755195","2023-11-22 09:22:48.755195",1,,9dd03ddb-6664-435c-b890-3d094bd77732
f7b1559f-d704-480f-ad58-2832626c930f,"2023-09-28 10:58:54.471007","2023-09-28 10:58:54.471007",1,,0f3ada57-ee92-474c-a39b-0217e44b2e7e
f7bb2451-eb2a-43ea-8bb9-d0221e209782,"2024-08-14 08:36:34.185354","2024-08-14 08:36:34.185354",1,,9f932249-f811-4123-924f-747ba21453cd
f8458884-0d57-468d-9780-1d596527e495,"2023-08-24 19:21:54.131422","2023-08-24 19:21:54.131422",1,,e5ccfc80-9311-437c-8400-2fecf8990031
f94b0e64-8081-420a-ae64-346432e73475,"2023-01-12 11:36:37.403572","2023-01-12 11:36:37.403572",1,,d02f2e92-0ad7-4763-81b7-b8e0b5fcc17e
f9904372-b89e-4a51-930e-cc337b11b53d,"2023-05-10 07:55:48.298001","2023-05-10 07:55:48.298001",1,,10bbbd1a-3fbe-4daa-91a4-32fcc0856a54
f9d49ea2-1768-44e5-aee4-384dfedea7ea,"2024-07-11 15:15:10.092435","2024-07-11 15:15:10.092435",1,,e8358c9c-b0a6-409c-8788-aac4a7f6142e
f9e91728-c5f7-48e3-9cae-9c0a318ec69a,"2024-05-16 07:19:20.527854","2024-05-16 07:19:20.527854",1,,b43d1f58-4903-4bb8-a34f-69017b832dc3
fa17ae4f-9e1a-4043-af7d-2f9c7adf70c3,"2023-06-01 09:37:54.837403","2023-06-01 09:37:54.837403",1,,889fc6bd-4a66-4b17-b101-4fc7697ab7c0
fa4cd313-1c1d-4c56-837a-c423ac80df30,"2023-08-31 11:50:47.610411","2023-08-31 11:50:47.610411",1,,6237ffb5-72ae-40a6-90d1-52a322656f98
faf3dcf5-df52-4997-b416-1cc23e6d6d92,"2024-09-02 11:23:31.974019","2024-09-02 11:23:31.974019",1,,f5c91bb6-5214-4830-a458-2f258db8a127
fb39c8d0-38a9-4414-a67e-a89fe5ff1866,"2024-06-04 12:17:38.094379","2024-06-04 12:17:38.094379",1,,66fdfb30-4caf-4342-b70f-ed785ae20972
fba653ee-439e-4883-b116-237e298c080e,"2024-07-01 09:25:54.664715","2024-07-01 09:25:54.664715",1,,8db13168-3aea-45db-97cb-8e17f7e1ac27
fc541473-1bf8-4353-abff-53b0c5c04259,"2023-08-16 16:08:01.928093","2023-08-16 16:08:01.928093",1,,d9a13d52-6475-486b-80f7-3822e1f63b52
fc6df3ba-8082-4d3a-a329-08c32bef5375,"2023-01-12 11:21:04.880573","2023-01-12 11:21:04.880573",1,,60b536f9-a657-44b4-97c1-1688c8585e80
fd50bbe5-e237-41ff-8056-25e657f57184,"2024-04-08 10:04:46.190667","2024-04-08 10:04:46.190667",1,,bc60690b-15eb-4e55-8fc8-b1669494cb6d
fdad2fd0-2683-4b5a-bc9e-f3f591daaaca,"2024-07-01 10:50:19.089101","2024-07-01 10:50:19.089101",1,,efc5692c-4b4c-44a3-8055-0953f750100d
fdb2d08d-8021-45d8-983e-32d0926fb93e,"2023-04-21 14:27:30.974057","2023-04-21 14:27:30.974057",1,,7f9eab81-f182-4b17-9dc5-05e8ee78bafc
fe5da2e7-7ec7-4e9d-98aa-7274854a1b5e,"2024-07-05 13:59:51.782746","2024-07-05 13:59:51.782746",1,,ab70fc7d-9ef7-4197-bf50-a14f497550dd
fe62269f-09b3-4145-a5f7-ecaceb2caaa5,"2023-01-12 13:06:57.583582","2023-01-12 13:06:57.583582",1,,da9318a8-5389-4e2e-8ee0-52fae2063eae
fe698c0e-a33d-4e0b-bdea-f19d7943bc06,"2024-04-08 11:52:54.194116","2024-04-08 11:52:54.194116",1,,3800dc7e-8c62-468e-b110-e4ef7522a07c
feb5c408-fe78-4135-8836-300563d63dda,"2023-01-26 13:55:13.489394","2023-01-26 13:55:13.489394",1,,49f68e2e-ce8f-470a-a823-e81b1df80f32
fec3f311-5369-4576-a36a-91f700fb4600,"2023-05-23 21:08:31.180442","2023-05-23 21:08:31.180442",1,,e7dd0294-1785-48be-a8c7-62ad80989711
fed064a8-aa1f-4b6d-8209-75bb5e65c64f,"2023-12-05 15:18:31.079097","2023-12-05 15:18:31.079097",1,,2fb503fa-b356-49ac-b6d1-7148c9bb906d
fef778b0-679c-447e-97cb-d8cdb36da537,"2024-03-11 12:59:59.634780","2024-03-11 12:59:59.634780",1,,582785b0-134a-43b0-b86f-6fa8b5a49164
ff931fd3-f469-47d3-a51a-5c5776d19f8b,"2024-05-30 10:49:01.580475","2024-05-30 10:49:01.580475",1,,1021e82f-8dba-45e7-8f8b-452a6b672032
ff9de9be-8381-4dc2-8737-fe91cdbb6b75,"2024-06-10 14:12:57.490847","2024-06-10 14:12:57.490847",1,,c3ff7094-ecca-44d0-a8aa-e614ef975041
