id,createdDate,updatedDate,version,authorizationId,nameID,templatesSetId,profileId,listedInStore,searchVisibility,accountId
0a9b1923-2b30-4f21-8beb-f859cf3ceb52,"2024-02-09 14:05:53.805007","2024-08-06 14:16:02.583639",2,c4df2e1c-b6fc-4728-b46f-8cc1dcedd207,111,4c7b553d-c963-4163-b168-99a313c178f4,b4df7176-6283-4cca-9279-4b640367f00d,1,public,d2fd58ee-7214-41e4-a1fb-c4c6efe16d55
0df60124-221a-47ef-a391-a1666698c67b,"2024-02-20 16:24:47.498889","2024-08-06 14:16:02.852144",2,eb162c52-03e1-4001-ad14-08e7ba752898,20-02-2024,c0eadaec-9931-41d1-8955-f1a2e3164e0c,e9edadcd-314c-4242-a434-c2c51291f9ac,1,public,1511a142-cf8f-4644-bcb4-9e2c14d117a3
1c64a5fb-1944-44f4-ab58-34ef211d4f06,"2024-08-09 10:44:44.343800","2024-08-27 14:18:19.009075",2,6d537f0e-5a61-495b-8e06-10440c69ad1e,pack-admin,afa04aab-9f8d-4ea9-8085-fbf4847584f5,99456ba0-977c-4ce0-b5a4-aae88e792458,1,account,16651281-9212-4d25-8d2b-7e9b314185fe
24f4e81e-a2c7-42de-a615-bbc24fc8f1c3,"2024-08-07 08:58:39.157954","2024-08-27 14:18:45.823668",3,1439b9b3-60c7-4ecb-b82c-2d41c90ed307,j25innovationpack,cd4e8d9b-0716-4278-b150-9c3d2dbf94e4,3ae26521-0671-4195-afe8-1b5263ec9a45,1,public,c6b8bdfb-6706-472f-8652-d673c637420d
2ac93f89-9b55-4d17-a177-84332d0a2434,"2022-12-07 16:01:58.850568","2024-08-06 14:16:02.266343",2,691d41fa-3023-4d50-9cf0-b2bd1bad2163,canvas-pack1,8caa68c5-dd30-40d1-9280-e0c2ec0a9d6b,bfa526ce-833c-4b95-8d2f-e9ab467d93f8,1,public,06e3c69e-1b31-4770-855b-6047d50dbd67
316f6ec9-456a-4428-bd88-952dd0cf4cbd,"2024-08-28 19:57:47.317368","2024-08-28 19:58:16.000000",3,1ae322f8-f5b9-421a-b365-21228b21c1ae,vc-mem-pack,9e07e782-77ef-463f-aa28-787e0c580ed7,db11659d-ac81-49b4-b88f-6408b2563683,1,public,bf15fb43-80e7-4817-8463-c4917d15cee5
371ddc74-8d3e-4f00-8b33-d37cdfff2265,"2024-08-21 08:53:51.462822","2024-08-27 14:18:19.035593",3,b9a08d7e-e6b4-4a3d-bfe4-02edf336c027,nnn,413c5ceb-a501-4323-9328-9831b14ce63f,f9355fdd-0a06-4034-a5a6-0efb953fee5f,1,public,16651281-9212-4d25-8d2b-7e9b314185fe
3e6d93a8-7c2b-481c-a42d-831c44283f2f,"2023-10-10 13:07:17.674882","2024-08-06 14:16:01.976922",2,46252a1d-03e6-472b-a7c8-bf714020d208,pre-release-ip-10-10-2023,f7ea1981-efe7-429f-8fe6-7312b8c5c1f8,c894be29-45e2-4fd9-b531-b2f7aa518227,1,public,8e1ac03e-eda2-47c6-98b1-38e7f688e4bb
488a88e6-2bf4-41d4-8dfd-4c74854c1754,"2022-11-25 13:54:33.419758","2024-08-06 14:16:01.923532",2,32c16587-4eff-456d-838c-892ecab789f3,pack7,83177320-cb0a-4fb4-aab7-2c7d8ae672e8,775ecb28-bdd4-447c-add0-f37aac1f87cc,1,public,06e3c69e-1b31-4770-855b-6047d50dbd67
54672a01-e872-4c41-a69e-5c1044f4d3b0,"2024-07-30 13:33:17.289283","2024-08-06 14:16:02.478085",2,b98ab2c2-ec6e-4344-85d5-fa52588571bd,sa-pack,470ce477-4d2d-44d7-9733-1aaf29a93887,c9142623-e457-4bc3-9ddf-b4f4e0a84f6d,1,public,a4d38e19-c3ef-459e-bdba-1ef299f7e891
5602c8b9-bb71-4b46-8b5a-384461deb22e,"2024-05-28 11:45:54.885244","2024-08-06 14:16:01.766176",2,1df958df-6b32-48ec-a733-8a964c9fdfbf,222test,a6ca8b22-fbbc-4413-b6ee-df325bd430df,e45c7c22-229e-4417-8607-bbf069a778dd,1,public,4e1947c1-1bb3-4889-bf0d-58d8708b77fa
59efa759-2726-4bc5-b956-46e8fb6b45c7,"2024-08-29 08:36:01.797343","2024-08-29 08:36:10.000000",3,2572a240-1a35-4060-979e-3c99a0ec08de,ga-pack,29381284-a388-462a-a82b-1cee26f696b7,4e87c98a-16ae-4628-af0e-db893748dc49,1,public,a4d38e19-c3ef-459e-bdba-1ef299f7e891
5b712bca-ce8b-4c1d-ae67-635a5652ea6d,"2022-11-25 13:19:52.080543","2024-08-06 14:16:02.031390",2,5a0ffe50-2060-4cb3-93a4-29f3e79d8826,pack5,55d866b4-d217-4f9e-aeb2-3968c04951eb,0349f1a6-b888-4941-be49-54d9dd11932d,1,public,06e3c69e-1b31-4770-855b-6047d50dbd67
5c5053de-2c2c-4e43-8c6b-3e01a695b2aa,"2023-08-25 08:15:54.897628","2024-08-06 14:16:02.152810",2,64009168-6fc5-4567-8a16-7a7aa134211f,release-24-08-2023-pack,3725e701-525c-4cf0-b5b8-2e4f94bbef43,ae5c6e01-1e35-451f-aa34-a93a3bc491c5,1,public,89b950ad-9cbb-4499-9b4e-ca10e3b631d8
60341a01-1c5b-4ed8-81b2-f32417dce29a,"2023-07-11 12:31:03.933317","2024-08-06 14:16:01.661463",2,0a0a0ecd-2c49-480c-b737-04e881d6a564,release-11-07-2023-innop,870eade3-34fb-443b-848c-c151372367e2,da49b220-83c5-41c6-90ac-d65710a9ff62,1,public,e7d3b3f4-bec5-4e3f-b8ef-177a8076ff74
6f34b28a-bade-4652-aa47-4d0df88f027b,"2023-11-09 17:04:49.545681","2024-08-06 14:16:02.099653",2,63f415d7-ec5e-4ca2-a53e-8c49d6d95bb7,release-09-11-2023-pack,2be04d76-7a19-4d11-a3b6-ab7673d293e1,01eafcc2-5197-4cb8-b88e-9645ba97e927,1,public,94299cff-0bcf-4780-a980-ca404b05e399
74283c09-9c1a-4d9e-8dee-36fdc9811c03,"2022-12-07 16:02:24.619388","2024-08-06 14:16:02.323607",2,7f707035-fdb7-473c-a8b7-946f09032b53,canvas-pack2,97574474-050b-4dd6-9952-2bc62e8faef2,33e868dd-1b7c-4682-9e39-50c445a2df98,1,public,06e3c69e-1b31-4770-855b-6047d50dbd67
77a11ae1-6c34-45c7-a9ff-9221cd0fd860,"2024-03-11 09:47:48.237190","2024-08-06 14:16:02.803743",2,e8de5afa-6aba-4c38-b06d-0be08637cacb,release-innovation-flows,ec6d8d19-5b33-43ee-8426-48e02e372d84,1a201b5e-4078-427f-957c-d02090827129,1,public,3705bd64-619b-40e9-9231-34142e0b1b0a
7c8088ae-5c71-44aa-b265-46f201eea8e4,"2023-07-28 12:46:31.337869","2024-08-06 14:16:02.747216",2,e4c1d1b2-2cec-44aa-9b17-0d423fa87431,release-27-07-2023-pack,7c48c7c9-bb16-4676-bf48-383433df3391,291e75b1-135c-43cb-8fe1-b124100d1627,1,public,89b950ad-9cbb-4499-9b4e-ca10e3b631d8
8340ce0d-4777-450c-befc-077ea2943ac3,"2023-09-20 14:28:45.645661","2024-08-06 14:16:01.814629",2,1e6adbcc-a270-41ef-a787-b8a030ba5921,release-20-09-2023,564cfa52-c6fe-41ee-8d76-3ba11b51dce9,00b77664-0aa9-43cd-83f4-b2a0ab6736c0,1,public,7b2f50ae-25c1-4470-9d51-68c41b6260d0
83c51cad-ca6b-4e60-b8bc-219456106f50,"2022-11-25 13:29:17.799247","2024-08-06 14:16:01.868347",2,32089780-2806-4b09-8b30-4fe157362c10,pack6,5a68152e-8381-4e55-8a57-f9b25e4a65b0,158c5115-e5e8-43b0-844e-21718f87a7ab,1,public,06e3c69e-1b31-4770-855b-6047d50dbd67
83cd960b-ac4f-499b-a12f-813e3d340f6f,"2024-05-31 06:39:06.763276","2024-08-06 14:16:02.206722",2,6861c46e-e077-46ce-a469-e6c392d5aa06,321,c287c22a-469a-4d13-9a23-571d80e38cbb,aab0542b-af35-45cc-b54d-e82630e56169,1,public,d2fd58ee-7214-41e4-a1fb-c4c6efe16d55
91820840-ec3e-4fde-9d21-9b98c3c3aa21,"2022-11-25 13:17:19.871501","2024-08-06 14:16:02.429141",2,887edf9d-361a-4c7e-b426-b028d4cfd8a3,pack3,a4269d8a-33c9-4d64-94f6-2fdf516355c7,8026344c-4ec1-4663-8df0-13a01f6d1ef6,1,public,06e3c69e-1b31-4770-855b-6047d50dbd67
9a85d83b-11b7-4fe7-92ca-e813ae3b6246,"2024-08-29 08:36:19.721568","2024-08-29 08:36:19.000000",2,7e92c21e-6cf0-41ce-9633-98f1ecd18a3d,test,7175f3c9-6c97-4711-83ad-776c3931bf5d,83dc68ab-6171-41ce-8a6e-053d5eb77ac8,1,account,a4d38e19-c3ef-459e-bdba-1ef299f7e891
9f91b61b-ea46-444d-8664-733c6fd43746,"2022-11-28 11:29:29.625471","2024-08-06 14:16:01.716076",2,16f39afc-4211-41e0-aa29-7cf7f4bec9f7,pack7a,5582ef82-64e5-4a27-9c44-400e77b82713,006fe10c-289c-4e67-8524-fa70b5edff25,1,public,06e3c69e-1b31-4770-855b-6047d50dbd67
a11cec70-b2ed-40ee-b527-03e724ea0d69,"2024-08-29 08:38:31.236454","2024-08-29 08:38:31.000000",2,940f7b7a-7303-4188-a43f-b419ef805e6c,test,ae23f514-1196-4897-ba6e-bfecf2e1e1de,f71886bd-b6dc-4861-827b-a12e847783d8,1,account,1a2b11a6-cd7f-4b67-8d6e-aa00caf9b8da
a6145315-32ce-4516-8129-b49244157533,"2022-11-25 13:14:58.592931","2024-08-06 14:16:02.693226",2,db31638b-e239-49c3-9858-9e28593a7bec,pack2,5d4ac35c-f553-4638-b8be-e2197a8a5732,467f941e-82f7-43cf-8a0d-fc86949a455c,1,public,06e3c69e-1b31-4770-855b-6047d50dbd67
acd50cf1-2f02-4e0f-9c07-1a1e24f7bad1,"2023-09-28 17:45:58.246763","2024-08-06 14:16:02.954856",2,f25fd08c-b50a-4176-80f8-367d3dd5c263,inn-release28-09-2023,323b473c-dd55-4876-b56d-aed455c0551b,853f54dd-7b74-414d-a7fe-eb1844ba75db,1,public,2ffc1c34-629b-4231-ae6b-1bea89787a9d
bf1ebfa7-3cfa-442b-b132-7e63ec7afd1d,"2022-11-25 13:19:37.085263","2024-08-06 14:16:02.636386",2,cbd69e30-66ae-4e97-897d-7ee784f89572,pack4,a03cbe63-61dd-4198-93a0-66790ee9ea86,9635535b-2a36-4c19-a533-19af798a0f17,1,public,06e3c69e-1b31-4770-855b-6047d50dbd67
c22ac912-d663-4af0-8a74-10eb1b3d4f51,"2022-11-25 13:11:29.645539","2024-08-06 14:15:57.633762",1,02b1249d-ef6a-4a91-a70f-f5953c75172e,pack1,b5a98449-716e-4930-a3eb-ef71d4b5166d,dea8559c-6e5f-4c13-8edb-a09632b2c39d,1,public,89b950ad-9cbb-4499-9b4e-ca10e3b631d8
deacd600-0ab7-4cf6-b1f8-3ccfcc64bf18,"2024-08-09 10:46:24.007070","2024-08-27 14:18:49.825968",3,a38b66b9-07ed-4ec3-9512-4100237fa017,pack-prganization,79e3f12b-010a-43e6-8fd0-de4b0f803fe2,072afa8c-e43e-4ca7-a69b-1500cdbd2a1b,1,public,89b950ad-9cbb-4499-9b4e-ca10e3b631d8
dec1546f-638b-4557-8429-070fa6955b99,"2024-06-03 09:08:24.815177","2024-08-06 14:16:01.606878",2,043209ce-5f44-48e5-ad93-aab87001d98b,templates-june,f18ffae3-f8c2-4cc8-b5c5-272d723e8056,3675ce8c-0cd9-4a2f-abba-4bdd8e283c69,1,public,d2fd58ee-7214-41e4-a1fb-c4c6efe16d55
f882dcf8-8cfe-4a15-aa62-c6e05ec246b6,"2024-04-30 19:40:53.820563","2024-08-06 14:16:02.375509",2,84602bb0-8fb1-4af0-b506-689414b498f8,subspaces-pack,aec7f267-4163-4854-9022-11c28560d1ab,180e63fb-a8b3-4973-bfed-53b701057653,1,public,754ada46-3dbf-426a-b783-b0ace8d3ee90
fa5c4ee2-7c60-4324-9227-11248eec7749,"2023-04-06 14:45:58.159863","2024-08-06 14:16:02.526997",2,ba87b200-5c57-4b75-afbf-f6af54aa19c1,client-pack-06-04-2023,51e36d56-602f-4786-bde2-3e83e2351ec9,b627b7cd-efb7-46cc-a302-db6080da661b,1,public,5ab4e4dc-cd6c-4c51-9b9c-a22480f5df6d
ff611e3f-0f97-4e75-bf07-3431c6d0353f,"2023-04-06 14:56:20.553622","2024-08-06 14:16:02.903696",2,ecac0565-18ab-45ba-a079-0fb81fc827be,ole,02258608-f93c-4c4d-8a0a-283cbc1c7900,703edd69-6194-420f-84ab-896bd2c9fa9e,1,public,5ab4e4dc-cd6c-4c51-9b9c-a22480f5df6d
