id,createdDate,updatedDate,version,organizationID,status,authorizationId,lifecycleId
03bdfc54-a49b-46e1-9bbe-5fe59c32c973,"2024-03-11 09:40:41.796866","2024-03-11 09:40:43.000000",2,ca06a8a4-d1d3-4361-9bfe-54cdb8607696,not-verified,2063e5c9-8405-4f60-afe0-6bdcf0a264f5,b1e2a17e-efe2-4d53-a998-8a2b1c7411a4
062b55d9-8de0-44f9-8cd0-282a83aaf332,"2023-01-11 14:45:50.412510","2023-01-11 14:45:51.000000",2,17c6b02e-b6a7-42b5-a327-72b06868d00c,not-verified,eb1d0944-fde1-499b-91b2-00e20baa69aa,b804a189-fa8c-4801-a055-52a9d00d2ce9
0c0db4fa-5eff-4203-8e37-4a702acd46e8,"2024-03-25 11:28:55.269581","2024-03-25 11:28:56.000000",2,20da45fe-d354-41bd-8967-1e887a33e9aa,not-verified,17e53e64-a788-4b4c-a996-79d392fc3c5b,36efe1cd-df25-403a-9452-e761d03acc3e
0f6f861c-4e28-4626-a7fc-07209eb315bb,"2024-04-08 09:58:41.713053","2024-04-08 09:58:43.000000",2,69a9d179-159d-4fc1-8b3d-b1d5b547b05f,not-verified,93865e78-1744-4f53-a394-11892ad1d7f9,e090c0f8-9fd4-4de5-8fb0-d014067be897
0f7f70fe-b487-4a1d-a91a-2e4021a2ddbe,"2022-07-13 14:13:49.566561","2022-07-13 14:13:50.000000",2,f628b7ab-2106-4d61-bfaa-45af76dfc15b,not-verified,db424d6c-dbaf-4e45-92e8-cbeb2322146c,d69feb38-7bda-4247-85d8-4d46a6e2f7c7
10b42228-32e1-4889-9c6e-425d9f8cb834,"2022-07-13 14:14:04.639069","2022-07-13 14:14:05.000000",2,ab547d92-d615-418c-867b-1a2b28d255d7,not-verified,447b91d3-8a6f-47ba-a789-653fa20f4c95,dd17cf9a-c391-40d7-b3c2-d1b2f5594dce
12cfe446-77f0-4b0c-975b-7519eed7dc8d,"2023-07-27 14:03:35.799542","2023-07-27 14:03:37.000000",2,25dce762-da2a-44f7-bbed-ff5644b22dc4,not-verified,5a8b6c40-86d4-406c-bfea-4a0478395c33,65a2c2d5-1f84-4e86-a724-30603b51e6c2
12dc0379-14e5-4295-b994-e239c7d65c91,"2022-12-08 11:50:17.217344","2022-12-08 11:50:17.000000",2,b7413070-ca58-4bbe-abd2-125279bdd9c2,not-verified,b6de6b1f-afb5-4ecc-bf91-42903a7785b3,dd3ccbdc-acc1-430d-8430-50223f10e1d7
14641a7a-3fdf-42c8-9acb-c42f12742a4f,"2023-11-08 09:59:33.400524","2023-11-08 09:59:34.000000",2,b2b993ad-22b6-434d-8cba-a8f214f10135,not-verified,8ee26ec1-a957-4c74-a8ec-b2ea44f45bb3,46e86d4e-35e5-43a2-9cf5-22ca232749b1
152225d5-9796-441f-98fb-e5770be3bb5d,"2022-07-13 14:13:58.613774","2022-07-13 14:14:00.000000",2,201571e5-fbf7-44fc-9dd2-16c1ae80912c,not-verified,b6c20ac0-6135-4b11-917e-1ca275a2d46b,7e240f6a-bcea-45ed-8068-d544454995a2
15d50680-4b84-4aaa-87b5-24f3b7dc6360,"2023-08-03 12:27:22.099425","2023-08-03 12:27:23.000000",2,99245e3e-9705-4dbf-a9e9-061388a24dcf,not-verified,e94f1d4a-a398-485e-ad5d-61d4753a0a0a,163fdc98-6b07-4163-ac32-2eca47a23496
1925b314-d916-449c-9727-c56012a9877b,"2022-07-13 14:14:08.122220","2022-07-13 14:14:09.000000",2,bee4e17f-4a38-4d5e-ae93-ad1f01e489e4,not-verified,544887b4-5714-443f-9652-ac19e4019d72,8c2f2116-c4f6-4324-a13c-502d68576c3b
1b69e3b8-fe57-483b-8716-b2ed3b39750d,"2024-04-08 10:25:37.643472","2024-04-08 10:25:39.000000",2,f4171218-7ad0-4b51-a488-7a11295ba1fa,not-verified,2ac7550e-88b2-4cca-a871-007147ea7410,06690302-ed7d-4f0d-9428-018533ea6dca
1c59d731-3663-4ce1-b9e0-e21d67bd8642,"2022-07-11 14:52:59.818635","2022-07-11 14:53:00.000000",2,d60abdae-10fd-4514-aebe-4a4a5e60a6ce,not-verified,39bf4601-52d6-4886-b08d-de16b0258fe9,e50af016-80e4-4297-8b1d-32255d582cb0
1edecb23-1134-4383-ab44-f156458813c9,"2024-02-09 12:43:03.507159","2024-02-09 12:43:04.000000",2,feff8071-5c6c-40c8-8e30-358f3d4d96bf,not-verified,bb21fc76-52b1-42a5-ac6d-16c6842a6afd,0e1a468f-1ce2-428f-b606-751f482d5560
2015bf1d-6be8-4bdd-9464-9139ad2c21a7,"2022-12-13 15:05:04.124559","2022-12-13 15:05:04.000000",2,2546fe1d-38b5-462a-81f0-968fd906cb67,not-verified,ea803f2b-19db-48ff-8e7b-223eaa36e361,72306d5a-70c6-420b-adb0-375b36c30f7c
21f89889-6779-4c3a-8c05-b99546045406,"2022-09-15 10:48:15.823763","2022-09-15 10:48:16.000000",2,c733ee1a-794d-4941-a2d9-1900ae6fc811,not-verified,650f33a3-ca3f-468b-99e3-e90831eb1296,9eade922-4c22-4599-b367-f4738fd217ee
23c8e7c0-eab8-4a7d-8141-b02d2090698b,"2024-07-26 09:20:40.749123","2024-07-26 09:20:44.000000",2,c786857c-b231-4245-95db-761ab7c7609c,not-verified,38d0c9f9-0087-45a5-88c4-246fcac87f2c,fef12ffd-3f46-4352-ba16-3b45be047b04
29cbca08-9fbb-4b90-935c-fc455459986e,"2023-01-26 12:13:20.827925","2023-01-26 12:13:21.000000",2,7aba6ea2-8acc-4b86-9484-fba03d98f71a,not-verified,023b83e2-2f57-413c-a09e-c12e4aad590b,33632dac-92bc-46ab-a018-5a43e873d2f1
304693e2-b7c0-47d4-b493-98975a15e9e4,"2024-08-29 07:09:56.175158","2024-08-29 07:10:01.000000",2,f7b15e62-00a0-4536-a511-7fe3f8a5a495,not-verified,e63aa7b7-73a0-4cb4-93c1-e97313aa5fcb,ebaeaae5-8683-4dac-af87-ba32a11581af
31ed4c46-0fd2-47c9-ab89-cfefafffd5e1,"2024-05-16 07:16:31.695036","2024-05-16 07:16:33.000000",2,fef27e70-38c4-4423-893e-f2fd8e71afae,not-verified,5f375ac0-69d5-4bc8-a844-2e8e3d3af46a,e3a8670d-2192-4af9-a01f-c4f3af644861
36326cc4-2c7e-4cd1-898e-6b88033a0a64,"2024-06-25 12:20:23.297644","2024-06-25 12:20:26.000000",2,cc68539e-4957-45b7-a3f4-710afeb1b51f,not-verified,8e08c17f-460b-4619-949a-7c0e6f789d55,8b0e00bc-ae80-4e58-b759-e70b51195237
3693c8e7-f15b-4784-bcce-0bc8d45293e1,"2023-05-05 10:14:55.509796","2023-05-05 10:14:55.000000",2,c3b71862-0eea-4286-be0e-82d4f19ead73,not-verified,db9ebd91-8c67-40e3-b87b-bceae85716b0,978fc8d5-b643-4333-bd33-08ff3aa32ab9
379950ef-ea3a-4f84-864c-9943df2c91b5,"2024-04-30 18:47:40.682418","2024-04-30 18:47:42.000000",2,30b0fc01-0780-4d3f-9d2f-97b0f7cbed4e,not-verified,28f29ec6-1001-4e41-97ed-b19ce3096fd6,5da17278-45f7-4e33-9534-6b4bfd4d99df
3e97ef8e-269b-4cbf-9012-fee70dc3350e,"2023-05-03 15:00:17.212774","2023-05-03 15:00:18.000000",2,4316b6f6-13cb-41e4-a00b-768b7cf321eb,not-verified,ea389118-0268-43a9-8bab-17c3f421d0fd,d19761fb-cc24-45d7-b29c-39084d985d77
4647e5f6-3c5f-4d82-a0af-4c942e15949c,"2023-11-22 08:20:26.419474","2023-11-22 08:20:27.000000",2,a02d0861-6d23-48e7-a713-36ee15c0a45b,not-verified,13f69fd8-9ccc-4e98-a0c8-b1d3b864836e,c9d83f55-2281-4977-ac81-a9d1e0637cfc
47bbf326-98fb-4277-b06e-c1819a5cd87e,"2024-06-03 09:23:18.892262","2024-06-03 09:23:21.000000",2,d5233389-6426-45ee-9579-49c54c146996,not-verified,30e4e58f-e7e7-44b2-941c-f6b3842b2e02,d942bb7d-400f-45f3-8be5-9e11f748c7ad
4eb698e1-0339-43cd-8295-eb6b5ff086ed,"2023-05-17 13:09:06.807857","2023-05-17 13:09:07.000000",2,9dfcf1ff-6b26-4faf-b45a-95689c2ebde5,not-verified,4e1e3ec0-9e35-4520-abcc-1fe4731e6548,69257d37-c310-441a-9f76-6798012538e0
5109c073-5ea7-485f-b7f5-9ef1b2795307,"2024-05-16 07:16:31.729515","2024-05-16 07:16:33.000000",2,494835f1-9d5e-4258-b605-a58c02993ecd,not-verified,b8e73db2-f827-4af9-b234-2284127b0ce3,f4e20499-e8c7-4762-a1a7-5d70df7ef12c
5859a39b-91c8-4fd0-85cb-0c7d99bb60b3,"2023-08-30 15:19:05.396877","2023-08-30 15:19:07.000000",2,653bc596-3ce5-4288-b852-f94a67b8ca4c,not-verified,749eb975-e95a-41b6-90ef-d352108d3621,9aea1bbe-5d16-490a-80c9-8a5122d8e02b
58d9d653-712b-4754-98d9-0e26569b1023,"2024-01-24 07:01:32.377874","2024-01-24 07:01:33.000000",2,669e8593-6a1e-4045-851d-2df8b4613565,not-verified,f28414c7-b207-4eae-a377-96f523047185,b5b2167e-c8f2-45c9-b655-542b15603e87
59901c3f-17c8-4723-930f-8f9a955a610d,"2022-07-13 14:14:19.050029","2022-07-13 14:14:19.000000",2,87f49a5f-bd4b-4309-b8cf-e8185af9fc7f,not-verified,989cb690-283a-47f7-a157-cb73a5453ee3,2aa39f87-d615-402c-8f41-c01baa9591fd
5b322afc-1ba9-4823-9aa5-047a879dae17,"2023-03-21 12:52:45.452730","2023-03-21 12:52:46.000000",2,c28554a0-4741-47e8-a15c-d9e1ed2398e1,not-verified,812bcfec-e9e1-4fb8-a7f0-f57e6630f191,b780d9da-5aeb-4de3-8690-175b15ca19ab
5c14907a-335a-4a6f-8b83-a84c386e61ca,"2023-11-16 08:48:56.557991","2023-11-16 08:48:57.000000",2,9b69b537-1ab3-47cf-be9e-dc2fb8ebbe91,not-verified,824b1813-abdf-4c78-acd2-5b41956be1aa,73541c5c-a426-4112-a799-c17e16a204f9
60bb311d-9d40-4493-b38e-682305c3eabd,"2022-10-31 11:46:46.970192","2022-10-31 11:46:48.000000",2,edfd7e11-785c-4b5a-ba8b-2f09977ef1d4,not-verified,4eeac4ac-02cd-42f7-9159-29d68f399aac,3d022b4f-ad9e-4c22-b349-f3692cfee25a
61c0e5ea-9246-4f92-b518-e26397af5cba,"2022-07-13 14:14:15.483419","2022-07-13 14:14:16.000000",2,b2476698-eead-46cb-ab0e-eb813c94367e,not-verified,b05496bd-89e8-4767-8eb9-03bb4070fe6b,64309d7b-9f0b-4c19-9ba5-95dbbe32e333
63642cd7-f955-4441-b428-cb414d0c570e,"2024-02-20 15:51:58.683387","2024-02-20 15:51:59.000000",2,85121108-b8ad-4ac5-a02c-914255a3f0d7,not-verified,afb8e179-68cf-4d5a-9c98-ec9163df637b,8391e59f-ff9d-4806-9968-4e1bc7da44c5
652e25fb-cb3e-495f-95bc-545c29024135,"2023-09-20 09:15:14.329758","2023-09-20 09:15:17.000000",2,25be480f-0181-4e84-b594-bc954094e9ab,not-verified,99af5d18-d7a1-4e65-b7a5-b087e3c401a1,f85d6ddb-c203-4af1-b43a-3357e6232fee
65c25045-1326-449e-b365-ecee82840747,"2023-04-21 13:34:27.501714","2023-04-21 13:34:28.000000",2,ec46650f-164f-482a-8b84-83b38ed42fa2,not-verified,d766eecd-651d-4435-abc7-41f682f24bac,3b4ea8c6-8a96-4b4b-b780-c427fc02ee27
6ee50711-f48f-43e2-8fab-98db20a713b7,"2024-04-08 10:15:21.699745","2024-04-08 10:15:23.000000",2,11a326ca-d73d-47f3-aab3-06a6918cebb8,not-verified,7037d662-340d-4144-9cac-7502fdca7c62,73909025-6ad9-4dd1-8500-ab3a1f15465e
6f7000a9-b4ff-4866-9043-4cce503e0ad6,"2022-07-13 14:36:41.556358","2022-07-13 14:36:41.000000",2,4bd4540f-ea25-4707-b789-57849e643a2f,not-verified,b5ea492d-c1de-45f5-a6a7-facb43e6112f,4ff012d6-0249-491a-8ee0-48d054ccd8f7
7371dd8e-8c91-4a91-b606-a781aad17e42,"2023-05-15 10:53:39.770629","2023-05-15 10:53:40.000000",2,904a12a2-8e5a-4374-a2f2-cf067eb0e4f5,not-verified,2e9c1b69-f529-454d-80c0-fba6e9ad6a0c,f25e27c5-211f-4679-baf6-1386ad40fff5
7508c640-5a50-4ca5-aa6e-6ed36a70ff09,"2022-10-11 12:17:47.380427","2022-10-11 12:17:47.000000",2,b623b8e5-527a-499c-8408-4dae97302dfb,not-verified,bf011d19-c6ac-4953-ada4-31f9c762fb2a,87d77d52-ee8a-4c4c-b0ba-f2a133608db2
75501555-7215-46da-8362-da051d8c9880,"2023-11-09 15:55:56.168444","2023-11-09 16:01:32.000000",3,0f6248ee-40f4-4e24-8a03-608d01c525f7,verified-manual-attestation,706ca69a-7a95-4d70-8d29-c933324b62d4,8f6c112e-6cce-43d3-8d72-33028d3ae077
75c164d9-d44f-4c57-90bc-2c66b2025ee7,"2024-08-14 12:00:06.163833","2024-08-14 12:00:09.000000",2,adeb3bcc-a0c9-4803-b67b-dcd2e01aeb31,not-verified,68b688c3-a9cc-422a-bb8e-3aec0d2dacdb,c8d2c709-84f6-46fe-a9d5-322544918a99
771ffa80-e937-4af9-b8ee-d259797c0343,"2024-03-11 09:40:41.725517","2024-03-11 09:40:43.000000",2,77920fab-0c95-4ce0-8327-7fb2ed976f8e,not-verified,b351356e-c2d3-4d96-a3d5-7c536be603e0,4a55d1f4-c5fa-4217-a049-77d40712bd1a
7957acd2-0d2f-43f3-aabf-c156bc6e5a9e,"2023-08-24 18:03:55.805581","2023-08-24 18:03:58.000000",2,60fc2124-0017-42bb-8010-3583d3bca2b4,not-verified,73dbac33-6872-4e8f-94cd-b7fe1d65e5d0,c718f88f-b3bc-4c24-aa7c-f690612fd371
7fbf9405-70da-404f-8608-86b847fc5cee,"2022-11-07 08:45:58.234471","2022-11-07 08:45:59.000000",2,4757cf00-c3cc-4101-bd6d-41073133f32f,not-verified,a17176b7-f7b0-449a-ae62-1083892fa5b7,f615f170-5a96-4f48-8162-e745d8190a0c
80c3998c-1452-42bc-baa2-5496d7073eb2,"2024-06-06 08:19:52.018137","2024-06-06 08:19:54.000000",2,d98dd119-365d-49b0-a901-39cbe46752a1,not-verified,dceeb9db-e524-4455-8b7b-4dd8e95f4020,ddacaf33-301d-4ada-bdf6-fd0a637125dd
80e93953-2624-46d9-a901-ea8099efceac,"2023-05-23 20:59:16.494569","2023-05-23 20:59:17.000000",2,cd866f47-43af-4762-ab48-e72dae5ad4c3,not-verified,31ab4815-23ee-4391-9882-09929f89dc16,9f4e35e7-7113-4465-aba3-3b8d94f53035
81358927-674a-41a0-be90-bb74d9a77b06,"2024-06-03 08:27:31.407024","2024-06-03 08:27:33.000000",2,7788dea9-05d6-4ec6-b697-92b07c1bf31e,not-verified,e81b3ec3-01cd-4312-b347-69cdca0c86c7,c953f63d-b25f-4a68-b283-29d81ffb2c07
84c6f8e3-8d0f-419f-8dde-cc5019bfe942,"2023-10-11 10:43:37.748096","2023-10-11 10:43:40.000000",2,10dcd75d-426c-4fd5-935e-f2b368890fc4,not-verified,353b0b85-64f2-4b6d-9522-a3ec4e42fc3f,48354324-56bb-4beb-acb1-c0b3bc285c71
84ce5445-a8ea-47da-a439-bb5c0f0cdbf7,"2024-04-08 09:18:29.940699","2024-04-08 09:18:31.000000",2,566632d0-42c5-46f4-9fb3-eeb3d3c90398,not-verified,4f77cc65-bcd6-4fb3-8361-9a5872110e33,d2883a25-49c3-4bd1-a1e8-c4fd3bbb5a8f
868ed790-a6d1-44d3-96eb-b3c8023195c8,"2023-07-11 09:44:21.366480","2023-07-11 09:44:22.000000",2,526ba9c3-d16a-4ba7-a4c5-f58f57da37c1,not-verified,40494c8e-93a3-4b64-a6ba-3ea8ad850a8c,a6886d0c-5dc9-4d66-8859-1fd19ebd70a3
8768d996-7220-49e2-939d-c9077dc5e6e2,"2023-03-28 12:54:01.502177","2023-03-28 12:54:01.000000",2,38b7631e-1633-448a-bafd-d18b952879a2,not-verified,98a350c3-795a-476e-9bb4-57d36da7d1e1,a66aec3c-21b2-4310-baf0-32998d73d113
89da80d7-01dc-4319-a0be-11c29cb9ac85,"2022-07-13 13:18:24.219453","2024-09-11 14:37:55.000000",3,7c6d8379-e943-4e21-bf64-96b2ae46bd27,verified-manual-attestation,e10ca77d-7d0d-4339-92dc-b1f6c912e535,0b3af64d-b09f-46ec-a387-b0045c6f9e8f
8c6aa690-d0ec-4d2c-aa7d-18e5902f4bb1,"2023-03-01 14:24:40.556145","2023-03-01 14:24:41.000000",2,6fb3479f-a073-412a-96ab-73f00652a538,not-verified,b877f881-1698-4ccf-a598-fb9844a697f1,aca66b37-3a32-4e91-bfc7-042047265b8e
8cd9d315-3c4a-453e-b0cb-d439f844a961,"2023-05-31 14:54:39.232726","2023-05-31 14:54:40.000000",2,c529977e-7f20-42cf-a701-2a3a1cb5caba,not-verified,3b4fde22-1ba6-48d0-b4ef-3d1d163df7c9,899a28ae-c506-4ceb-bff6-7ce65b661bab
8d04d4ac-36ca-46bd-a880-b2b17fc05c8a,"2022-08-24 08:56:53.895951","2022-08-24 08:56:54.000000",2,b3560fc2-f62a-4482-9233-7b5d979b232d,not-verified,1c59e720-49bf-4abf-96e7-b95515494eef,d16062f7-387f-422f-a3b3-7525bef7358e
8d57adaa-d3b9-4853-b5a8-33db92d7ea23,"2022-09-26 06:54:32.936615","2022-09-26 06:54:33.000000",2,271b9cc0-d29c-4f77-a2da-df7f4bc8184a,not-verified,58a672b5-444c-40e1-9dd1-e4372501bb0d,a09949a9-eba0-4447-acb9-d30e56fcc14d
8e8da613-9a50-4576-86f4-f7387968f047,"2023-02-16 14:18:40.126115","2023-02-16 14:18:40.000000",2,f367c56c-674c-495d-a6e4-83c5515687d2,not-verified,3c86bd30-b5b9-4bb9-aab4-cd2df823b973,f3334181-57b9-41c9-b699-66bfa4d716a0
8ee512f8-cdda-401a-88d0-196295723e85,"2023-11-09 15:19:26.462970","2023-11-09 15:19:27.000000",2,1306fa59-ff5b-4620-b6b6-9d5fb5574c7c,not-verified,32e231b7-c37a-4448-b34a-8f95168655ec,a163341b-4669-430d-8508-8b6de980b89e
9034fa72-010c-469c-b86c-2968eb3b41b0,"2022-07-13 14:14:11.407007","2022-07-13 14:14:13.000000",2,6a78a101-37b5-4b5d-a2b2-54a38f7c9a59,not-verified,439ca350-5c58-49a5-a723-e683e7f91561,a2da9b63-0360-46de-a570-edafec6439ce
a3e8f4c4-3663-4ac2-b616-ce63fdef085a,"2023-05-17 15:43:25.196833","2023-05-17 15:43:26.000000",2,916b3783-664f-461e-85b4-274c5ebafe59,not-verified,d3d45395-4877-42d1-800a-9620eecd9345,ed9e21c4-2ff6-408b-9249-a00c2acd15ad
a411bf85-e198-440d-b554-ec2b30a58a17,"2023-09-28 05:48:05.562347","2023-09-28 05:48:08.000000",2,285579f8-1c06-40a9-90a3-2b59974a0e07,not-verified,047fedf9-fa21-4848-8aaa-8e8535af0d61,712ef30d-cfea-4950-a8df-c6e6956c8c57
a7643090-b87d-42d4-a7ec-b1e8f0b91771,"2023-08-16 11:57:53.817095","2023-08-16 11:57:55.000000",2,8db6b02f-f1c2-4e3f-96ed-00621486bc09,not-verified,6e601406-0d16-48dd-9801-b44c09f71fae,6683ea42-5cdd-40b4-84af-7f0899603758
a7aaff97-32cb-4b92-bd42-d3234a4c4a03,"2024-04-23 14:32:43.557563","2024-04-23 14:32:45.000000",2,63ec03cb-42c7-410e-bd84-6696334cf876,not-verified,d4b80a4d-279b-4d3c-9715-28ae6089fb45,31266b92-8447-4e89-bc05-0908cd71218b
a82e3bb8-37fc-47b4-922b-8c0f59a907da,"2023-06-27 12:12:26.410745","2023-06-27 12:12:27.000000",2,991a70e3-35ed-4ef5-92b8-282b5b020de3,not-verified,4749e620-0f2d-46fa-b7f8-99d09ea982a2,3db46ba0-ab74-4288-855f-707f4ea56894
a8bc38c0-8020-4cb6-9c12-e9a21e9019b9,"2023-07-19 11:23:34.093211","2023-07-19 11:23:35.000000",2,fa83bd6f-28ed-40a6-8cc9-174c091e9cd9,not-verified,6f4b9444-611f-410a-b373-85ccc40ae1f5,4b9112e5-951a-4147-bfb9-3b5aebf30d12
a9110e47-2201-4c67-a7e4-b0e23d918db8,"2023-08-22 09:47:55.696248","2023-08-22 09:47:58.000000",2,a06a0262-a96c-4d77-8c4e-b6512ccc27d8,not-verified,63bb3ba9-d59c-4a7e-bfc4-645bea5f9bcf,0ae4f674-07be-4715-af27-f351196224de
a9f9f799-fa97-40e7-90ef-56f77416c08b,"2023-03-31 14:40:26.248813","2023-03-31 14:40:26.000000",2,d89a38be-a680-4a7c-808e-973b52df8b7e,not-verified,be607b77-23d3-4a7b-9a02-6275b09012dd,b9abd61d-f793-4b1e-b015-58ee2a6b3f72
ad3c174e-6bb6-4548-a856-5d0a4f6559b6,"2023-12-05 11:32:11.318721","2023-12-05 11:32:12.000000",2,ad6c68c1-ad11-4b8e-bd5c-50c1530a34e4,not-verified,65c2add1-91c9-455a-a254-4a06d2f09f0e,d0002743-143a-42c7-94c3-1057e600339b
b00f4ed2-04eb-4975-827b-9a34859c53ec,"2023-02-16 14:20:35.316363","2023-02-16 14:20:35.000000",2,d661e1dd-3ec6-404f-a0fd-7f7d834beae7,not-verified,d195e80d-dbb7-4995-b9a4-45765f3ad5d9,81811719-c9fc-4bc8-89d5-0c69ff1628b6
b3cb02f9-b238-4f2c-b6d8-9eff272d7983,"2024-04-08 10:31:28.652082","2024-04-08 10:31:30.000000",2,420be2db-2eb9-430f-9aad-4ca783692141,not-verified,a45911bc-3b5c-4695-aff1-49e3c294f2e5,1f7f474e-0550-4092-ada4-971ef7a9987d
b7480797-c1c5-43d2-b29e-8e8c8bc8f056,"2024-06-25 09:40:41.912805","2024-06-25 09:40:42.000000",2,beb6e10f-d569-4796-87d8-524040c39fe5,not-verified,6c1d8ff6-2c19-4dcf-a13e-94497377471c,7fc43b44-66df-4ded-9f2f-5e182b89927b
c1c2e1b3-3ffa-4672-8ad0-2e003c441c0b,"2023-02-16 14:18:00.353132","2023-02-16 14:18:00.000000",2,9a62b70f-d575-475f-b6dd-b2a6746c9743,not-verified,144c81ab-0c10-41d3-975e-b26ceba2e1a9,fdba4fe5-3603-4359-a15b-8417b029402c
c768d2e7-76de-4a7b-a4e2-21f2758c9308,"2022-11-25 09:53:16.051034","2022-11-25 09:53:16.000000",2,1f5463d7-c883-45d2-bd95-a6746f95ea51,not-verified,ad8252f9-2c4e-4757-91df-7bf9c18f718b,a512a676-03e4-4b96-b1a4-f12573082b41
d1126b30-0a50-4064-bfd1-60b41e2f736d,"2023-05-10 07:44:21.721739","2023-05-10 07:44:22.000000",2,1fe938e3-0463-4d52-bd5a-de73dcd0ee0f,not-verified,372a84a9-97bf-40f1-9dd4-7384559b9849,eff36460-485b-417c-aeef-d7e9aa672391
d334de95-c0a4-40c2-b38c-55ba9339e542,"2022-10-05 12:33:13.035847","2022-10-05 12:33:13.000000",2,956e60a9-23be-4752-bfc9-864f97d233e7,not-verified,1b970a3a-f8fd-45e0-a955-33d47faddce1,6ece4404-7a57-4ec4-8819-0a6ee94f3c5a
d69b1da1-855a-4209-8915-fc0e70f2c22e,"2023-06-02 10:09:14.053768","2023-06-02 10:09:14.000000",2,90f5b44f-a8e7-4b65-99c0-18378eba8042,not-verified,38ac2cb6-8392-44e5-a267-f5b3f179344b,38217329-f7fc-40b2-8fdb-ea022fa720ae
d7395764-0c00-4a1d-9de0-1b02ce3b3567,"2022-11-02 08:44:31.780059","2022-11-02 08:44:32.000000",2,8c09ea46-12c5-43a0-a8d0-99a065e67e9a,not-verified,2455ff97-b069-4525-a456-e68f7797b254,5abb6790-77f0-4379-9572-b6d7d934cda4
d8633255-668f-43ba-b153-8516fd29559e,"2022-12-23 09:45:32.677987","2022-12-23 09:45:33.000000",2,d5443a3a-8cda-426d-ba8d-10914670f0f8,not-verified,ec69b709-86fd-4289-bfeb-6069ddc0107d,8fc41fa7-fb3a-48cd-b2f9-240a9a15a828
da4f58d4-d1dc-47cc-bc0b-477a0708b0f4,"2023-04-06 12:52:53.260140","2023-04-06 12:52:54.000000",2,003677e6-3fea-45df-b4f1-af46296bc087,not-verified,fd337f02-897a-42c9-956b-6e7a507e82bc,db628b6e-7a08-46f5-9d9b-47c76a489cbd
db0b0106-7c60-4904-a53a-cbd76fb090ea,"2022-12-22 19:22:40.069375","2022-12-22 19:22:40.000000",2,50b71a51-d59f-4d20-bf53-03e8009a5bc5,not-verified,216e2a4a-2b26-46ea-8b66-f69e104abd3b,59f7bb18-5007-4063-8539-9c5be677237d
dfab9982-e786-4786-ba51-4a9e2679d821,"2024-03-11 09:40:41.841718","2024-03-11 09:40:43.000000",2,443510a9-9fc9-4dd1-9eff-348cec6e9b52,not-verified,7996e2b8-0a2a-4a40-ad9e-8ba91fd063f0,335cafc8-9435-43c2-846b-0534f3bbe9cb
e05b91a6-2fbf-4b08-a9ca-77cb385680e7,"2024-07-01 07:31:32.987043","2024-07-01 07:31:33.000000",2,38b61439-84d4-45f8-b4c7-6721b68b33f9,not-verified,dd032d50-3b0f-4143-ad65-5ec4e1d7795d,5c288358-ddb8-4cd8-9037-d3c37eefe86d
e1a50fef-8a64-49cd-88e5-1a2d11e55b4e,"2023-02-21 08:30:38.910102","2023-02-21 08:30:39.000000",2,e8b5a8a7-5c02-4695-b1c6-eed1dc68092a,not-verified,777977bc-86c9-4c80-929a-f32e8a294291,122adb58-e265-4515-a751-a05b4a41265a
e8ab05f5-768c-4ec2-9a32-5a5130693af0,"2024-03-07 08:56:40.572933","2024-03-07 08:56:41.000000",2,b0212278-3d45-4bc6-b109-7eaf6dceb08c,not-verified,f73fbf87-345d-4a4f-a147-ed26ab8fc55e,c925418c-b5ff-4f33-ab2b-e0f7d0013ee4
ea67f175-6ed6-4da8-aad3-15ad9820dd18,"2023-03-31 13:40:59.083504","2023-03-31 13:41:00.000000",2,3ad6725e-c417-45b6-a45c-9b86bcd6616a,not-verified,dd3a637d-8b64-4513-a819-1c2e6626991a,8cacf91c-6b56-4b19-98e0-bca8f0bae345
f050bda0-5990-419e-b19f-9b996eda239c,"2023-10-10 13:00:16.074530","2023-10-10 13:00:19.000000",2,cb7216d0-5496-44aa-9819-6c02c0a9875b,not-verified,107c3938-9c89-4a2b-8f0a-52c794250958,5efff177-4c6c-4411-83a0-20a6a96bc3f0
f15a0b56-29a7-4535-902b-0e0af58f023b,"2023-02-10 12:14:33.643219","2023-02-10 12:14:34.000000",2,b674fdee-93b1-4eaf-b1e9-a0b670f53ad6,not-verified,77122856-f13a-4361-9517-db29bc2f52b3,73033a3d-345d-4ed9-8e7b-d1c0d3102369
f31ed846-3942-4636-9d5f-7aff0c7ee5ef,"2022-11-14 13:20:21.655627","2022-11-14 13:20:22.000000",2,b0b2ff35-e32d-4be8-af98-96b17102585f,not-verified,9862d5b0-8534-49af-bb32-afc70d921522,4eb58699-ae03-4360-809a-bdc6f1a6d84f
f3e43288-a2de-4a8a-9ca6-59c0877dbc4c,"2022-08-31 09:37:50.391370","2022-08-31 09:37:50.000000",2,caf49055-ed1d-4979-94fb-3a0f4f9cc483,not-verified,9d4b59d7-073a-4421-af24-12850d0dfecc,2e5616a6-749b-4ed9-8c03-840e0db6c650
f57e87fb-4298-4df2-8851-9ac05cde549e,"2024-02-01 12:14:53.188999","2024-02-01 12:14:54.000000",2,2418adff-78b5-4da1-88c4-4c6a202d2187,not-verified,eaf0d0c4-5acb-4429-93dd-f4913e93f9f7,84ba441b-387b-40b2-ad43-bc689b98f5f9
f771b371-758d-40a7-9c9c-725187dca306,"2022-10-27 15:11:51.705929","2022-10-27 15:11:52.000000",2,a4037072-d5ed-4588-81d2-b9dcaa226b39,not-verified,e751f3cb-4d66-4eb6-9828-51b2aa0e9df7,d9ed4abe-abfa-4772-8094-bfedff032038
f8da3f99-631d-4d50-92fd-66c1ab383425,"2024-04-10 11:09:14.242526","2024-04-10 11:09:15.000000",2,56e64bf8-879f-4ae9-aeb3-5a274e3b002d,not-verified,f61df79d-5169-4c97-87cb-db77325b8bea,b599e926-0ac6-44b4-a5a8-c3daead411b9
ff4c0a03-1e3b-4ec6-a09e-5bf0fcbfc309,"2023-06-15 08:33:04.755966","2023-06-15 08:33:05.000000",2,3052ba84-3b64-417a-ac09-0bb35c2b1746,not-verified,3d18b5f9-7e83-49ec-9b14-bd5359e8f821,1d4651bb-f4a4-4ab3-bec9-9490b6132dbe
