rowId,id,createdDate,updatedDate,version,nameID,authorizationId,profileId,agentId,legalEntityName,domain,website,contactEmail,verificationId,preferenceSetId,storageAggregatorId,communicationID,accountID
39,003677e6-3fea-45df-b4f1-af46296bc087,"2023-04-06 12:52:53.248304","2024-08-27 14:19:28.060133",3,release-06-04-2023-org,6ad00912-70dc-4b91-b638-346ca2d46644,d8959cb3-52d0-4ecc-a05f-049b243d1513,585ef9b8-e99d-4662-9acb-2694ad37aecf,"m Ipsum is simply dummy text ",test.com,https://123.com,123@test.com,da4f58d4-d1dc-47cc-bc0b-477a0708b0f4,c70fe355-85b0-4adb-a53c-6b7dc57911f2,40869cd7-8777-4453-b89c-8fa7b0448a1a,,5ab4e4dc-cd6c-4c51-9b9c-a22480f5df6d
68,0f6248ee-40f4-4e24-8a03-608d01c525f7,"2023-11-09 15:55:56.153549","2024-08-27 14:19:25.941463",3,check-org-membership,88460d0d-24ec-442c-9c6a-83e12adb6bf0,5dadef54-452f-4b87-a44d-2d27db74ef29,07db7c49-f328-4711-a5e0-ba3fce62f404,,gmail.com,,check-org-membership@gmail.com,75501555-7215-46da-8362-da051d8c9880,3f37f039-494e-40e0-9796-17a5b3c684ac,e1289da7-7c00-44e6-9c4d-f6ce01a9b4a7,,5b5c47b0-2b44-4d38-9ca9-4b23d06072db
65,10dcd75d-426c-4fd5-935e-f2b368890fc4,"2023-10-11 10:43:37.717942","2024-08-27 14:19:26.641619",3,release-11-10-2023-org,ad3fad75-9dab-47a8-8c34-0b375876dcc9,36b63228-2de0-4521-ad52-60e533b90ffd,18b071ec-15ae-4fde-a7a2-3ee21ea3a645,Release-11-10-2023-org,test.com,https://123.com,ev.dimitrovv@gmail.com,84c6f8e3-8d0f-419f-8dde-cc5019bfe942,e2dccba8-a5cb-42c9-8769-d26e2d7f6cce,4191b1b5-56a4-4fe2-8a9e-69e8cd1103e2,,c42bceab-053c-4ac9-a250-3195eccd3997
93,11a326ca-d73d-47f3-aab3-06a6918cebb8,"2024-04-08 10:15:21.660191","2024-08-27 14:19:27.011786",2,search-org-archived,652a4299-9d44-4bec-b970-d9fb1f9dd882,2d158e52-203d-4102-9e1d-43cbb76743c6,2e16463d-f216-4a30-b50b-76e3d224d532,,,,,6ee50711-f48f-43e2-8fab-98db20a713b7,82efc388-bd79-4e4c-ae8b-9e6b7908026c,da3308fc-678c-41aa-bbca-b58d107d3de7,,756d52ec-775d-4be7-9146-307a107a84cd
67,1306fa59-ff5b-4620-b6b6-9d5fb5574c7c,"2023-11-09 15:19:26.447417","2024-08-27 14:19:27.930054",3,release-09-11-2023-org,4f4f214f-3a25-4fd2-9076-dd5aa0cb2938,33cadbf2-bd56-4491-8b26-b25170e1784c,52e5727d-7b9d-44a6-820f-18bb71da4d0b,experiment,Release-09-11-2023-org,https://www.experiment.io,experiment@alkem.io,8ee512f8-cdda-401a-88d0-196295723e85,e8c849f2-c142-40a7-9141-cb9621893f29,140905b1-bf16-4cd5-b2dd-df1124415aba,,94299cff-0bcf-4780-a980-ca404b05e399
27,17c6b02e-b6a7-42b5-a327-72b06868d00c,"2023-01-11 14:45:50.401391","2024-08-27 14:19:30.455984",2,release-11-01-23-org,9ef2fb87-5dfc-4264-b834-d9114ce883ec,abb19500-2e38-4e01-aef8-e6d8cffc38f8,c6665066-ebc3-4eae-9053-ece337314a24,,,,,062b55d9-8de0-44f9-8cd0-282a83aaf332,56049a77-2ca4-42b3-a47e-dfef97a16835,1f7e60dd-e97e-4ead-8bee-1eea15ff0c68,,8f4851a2-d22c-4d7e-b2ee-74c2fcdb726c
22,1f5463d7-c883-45d2-bd95-a6746f95ea51,"2022-11-25 09:53:16.040006","2024-08-27 14:19:31.140727",3,org-release-25-11-2022,4e8653cb-a695-40d3-b128-438528a3eac4,18d59c7c-5cb8-4a07-aae0-91b65ec0a714,d74fdd49-d8af-4403-a8e4-403bc8f4b96b,org-release-25-11-2022,experiment.io,https://www.experiment.io,experiment@alkem.io,c768d2e7-76de-4a7b-a4e2-21f2758c9308,e3025ed9-bfdb-4aeb-ab9c-3aa731d4d3a8,68597551-149e-4361-b31d-3d909ef2e242,,06e3c69e-1b31-4770-855b-6047d50dbd67
44,1fe938e3-0463-4d52-bd5a-de73dcd0ee0f,"2023-05-10 07:44:21.673780","2024-08-27 14:19:27.144444",2,org-migration-ipfs,3fbe2f20-1041-4479-9af5-fcbc8bdde240,1b750bce-64d3-4b06-88df-1387ea3ed8c7,30d29dde-b960-4a69-9b86-7de1b83d01c7,,,,,d1126b30-0a50-4064-bfd1-60b41e2f736d,b24b5ca6-73ef-4bd8-b34f-afe2136f016c,aa17be27-3d35-4167-943d-8472278fd5bd,,b1f08f97-5af5-44ee-b91a-9b9b2b5c4580
4,201571e5-fbf7-44fc-9dd2-16c1ae80912c,"2022-07-13 14:13:58.433758","2024-08-27 14:19:26.515034",2,food,aad6f76b-bffe-4b6e-b257-5417611b4c77,2aeec5bb-41c4-416e-adc4-34237c7d8225,14541b28-9fbd-45d0-8f77-10ec4c6ca2e5,,,,,152225d5-9796-441f-98fb-e5770be3bb5d,e20d0a3a-3b69-465c-b798-e15947ebf8f0,00b7c488-1548-46c7-8891-333d1cedc2ea,,fa7550c2-78b1-402d-9b22-e8733aa48137
80,20da45fe-d354-41bd-8967-1e887a33e9aa,"2024-03-25 11:28:55.217222","2024-08-27 14:19:28.614302",3,march25-org,1dd7de39-4a27-4889-9175-cc86719e7f89,b6c8d9c0-2501-4c48-9a1b-ff95b7a0ff20,7805cfbc-d470-4783-8192-66af52e1d984,March25-org,March25-org,https://www.March25-org.org,test@alkem.io,0c0db4fa-5eff-4203-8e37-4a702acd46e8,66c88e4f-2be1-479a-98c4-697a9ae9b0eb,b0f74a54-64a4-4e03-b1f9-7c005c668d7b,,974984ac-f2c7-4ae5-9f4b-a1086fcdc4a7
73,2418adff-78b5-4da1-88c4-4c6a202d2187,"2024-02-01 12:14:53.171491","2024-08-27 14:19:30.517812",3,org-01-02-24-release,56311ef7-9a5c-41bb-8a60-5c7929b41401,cf9fc5f5-3d37-4e7c-a1d3-7a5470c2d62f,c9404b7c-d790-437a-8f25-886651d4ac88,organization2_legal_name,test.com,https://123.com,test@alkem.io,f57e87fb-4298-4df2-8851-9ac05cde549e,42e7d5d5-7f7a-4404-897a-186533dda6f4,72364135-05a4-479b-adb5-e19fce5ac8c1,,abe1d483-1150-4a46-ab46-4622da39cdb7
24,2546fe1d-38b5-462a-81f0-968fd906cb67,"2022-12-13 15:05:04.113785","2024-08-27 14:19:26.760343",2,org-release-13-12-2022,3b1ecb74-81c3-4410-9e64-5c294755e723,71b22f16-9935-4c83-adc9-aad3485b2a4b,1b75a2e8-6129-408a-b01c-5eca7f3ee8b2,,,,,2015bf1d-6be8-4bdd-9464-9139ad2c21a7,47e38af6-0656-416b-97cc-8ce9256a06b7,fe2a59d6-66e1-41c8-a233-17edd3963789,,064a3f21-949f-4abb-81d9-10c880046a24
62,25be480f-0181-4e84-b594-bc954094e9ab,"2023-09-20 09:15:14.313254","2024-08-27 14:19:30.635758",3,org-20-09-23-release,61b49181-be15-411d-8b13-dad3fe0b893b,68bacd68-64ad-49ad-a91e-04bccd5f134b,cd0f6d55-965b-4728-83da-676f9d412b42,org-20-09-23-release,test.com,https://123.com,test@email.com,652e25fb-cb3e-495f-95bc-545c29024135,4d2bbb3d-d582-4212-a569-d521286ee952,dc05d9ad-ae17-4e47-a624-41198ce4a787,,7b2f50ae-25c1-4470-9d51-68c41b6260d0
56,25dce762-da2a-44f7-bbed-ff5644b22dc4,"2023-07-27 14:03:35.785581","2024-08-27 14:19:25.715844",3,release-27-07-2023-org,ef1bf0d8-1a69-4290-839b-4c0bbd595788,a05a4bef-b690-4afd-a379-0eee248221ba,02772c00-4593-4f09-b6c2-dc72b0927b94,"m Ipsum is simply dummy text ",test.com,https://123.com,ev.dimitrovv@gmail.com,12cfe446-77f0-4b0c-975b-7519eed7dc8d,5b056b67-cea1-4fc4-80eb-d9b7730f80a8,30d95d7d-7099-4221-9250-4d07e1ffca7d,,89b950ad-9cbb-4499-9b4e-ca10e3b631d8
14,271b9cc0-d29c-4f77-a2da-df7f4bc8184a,"2022-09-26 06:54:32.920543","2024-08-27 14:19:27.270125",2,org-release-26-09-2022,0a9ad908-f372-4718-9caf-77bc6d41c638,4192b790-7b49-490e-8352-90a100e37a7d,3240eac6-d54e-4564-b21e-cccd2fdac497,,,,,8d57adaa-d3b9-4853-b5a8-33db92d7ea23,8995cda5-f5e0-4e74-9909-895642b3b8b6,a215fed4-9652-478b-a84c-d1a3ee9c8527,,4a2c9cdd-4cb8-49b6-a954-6b1ab8417800
63,285579f8-1c06-40a9-90a3-2b59974a0e07,"2023-09-28 05:48:05.545791","2024-08-27 14:19:30.701992",3,release-28-09-2023-org,4754697f-81d7-4fee-9bfa-f77bef2964a7,101b86ca-8ae0-4507-9743-39a5bf7b93b5,ce0014cc-ec70-4f48-82d8-4e5062afe06c,"m Ipsum is simply dummy text ",test.com,https://123.com,test@alkem.io,a411bf85-e198-440d-b554-ec2b30a58a17,46bb9d5a-cae4-4b22-8b57-97cc6cc27855,ea92e323-d8bb-47c4-b202-1d494b3fdcb3,,2ffc1c34-629b-4231-ae6b-1bea89787a9d
52,3052ba84-3b64-417a-ac09-0bb35c2b1746,"2023-06-15 08:33:04.743136","2024-08-27 14:19:29.715932",3,org-15-06-23-release,ff19dab9-6818-4377-9c3e-9959492a96dd,8205e98f-5680-46a3-ad0f-05563f478026,9fbed0a8-d49a-4567-ab33-0d24dbf4ac7f,"m Ipsum is simply dummy text ",test.com,https://123.com,ev.dimitrovv@gmail.com,ff4c0a03-1e3b-4ec6-a09e-5bf0fcbfc309,4130d4b5-42e0-4f9c-9e70-d745dfc8091e,87ac698c-486c-46e4-b7b6-091129a3af6d,,3f3b7bf9-8f75-441c-a9d0-67d0225cad3e
98,30b0fc01-0780-4d3f-9d2f-97b0f7cbed4e,"2024-04-30 18:47:40.642011","2024-08-27 14:19:30.580592",3,subspaces-org,3b43b857-9747-4a18-abe7-b330771ac9f6,5a061ba9-20a7-436c-aad6-5689db391465,c993031f-0b32-4504-b3ab-69777e75bea1,subspace,subspace,https://subspace.com,test@alkem.io,379950ef-ea3a-4f84-864c-9943df2c91b5,54559d50-8cc1-4ac7-8fbd-671f89849c61,fa5c46c8-5de0-4868-b3b3-141a3ecb8ff3,,754ada46-3dbf-426a-b783-b0ace8d3ee90
122,38b61439-84d4-45f8-b4c7-6721b68b33f9,"2024-07-01 07:31:32.950908","2024-08-27 14:19:29.653782",2,ap-org,9f28fafd-f04c-4690-b2ef-ee3a90bc552b,46d2d147-365a-46aa-900a-07641958b0ca,9ed71e6b-ca6d-4172-b98c-8d6f0f04e70c,,,,,e05b91a6-2fbf-4b08-a9ca-77cb385680e7,98a63f24-367f-4439-8705-241d090f3b96,088ba59e-436e-4464-af39-75fb9d0a3729,,c3448633-6b69-4eb7-8bc0-a999eacc7291
36,38b7631e-1633-448a-bafd-d18b952879a2,"2023-03-28 12:54:01.474879","2024-08-27 14:19:27.332743",3,release-28-03-23-org,e866cc88-5dba-4d6b-81e7-7e7589feadaf,f104dd84-9e3c-49d1-85c9-f61b05e396ce,32c84346-2f90-48fd-822f-65a5d7a6b666,"m Ipsum is simply dummy text ",test.com,https://123.com,123@test.com,8768d996-7220-49e2-939d-c9077dc5e6e2,8d22a9df-942e-4efd-af42-165e188f5a52,5bac012c-8dea-47f3-8246-53b6ab362dfa,,cf564657-e87e-47f2-89be-ef769e660cd7
37,3ad6725e-c417-45b6-a45c-9b86bcd6616a,"2023-03-31 13:40:59.056999","2024-08-27 14:19:30.211456",3,release-31-03-23-org,f192b9aa-f319-4aff-8414-5378a11ca9fb,dfd1c7fc-9d62-4e5e-82da-7af95cf26a34,bb04f59b-2b33-46a7-b7e3-8533cd21942e,"m Ipsum is simply dummy text ",test.com,https://123.com,123@test.com,ea67f175-6ed6-4da8-aad3-15ad9820dd18,9e224d19-76aa-4e30-8db8-b714a6cd5534,01504236-be00-4cc7-a936-4760c3f51bf1,,ec3586d7-a22a-4e6e-af13-0a1acafaf3b6
95,420be2db-2eb9-430f-9aad-4ca783692141,"2024-04-08 10:31:28.614071","2024-08-27 14:19:29.000092",2,search-org-to-mess-up,c8e979f9-838d-4673-b73b-6074ca5ef751,49e10614-dfb9-4333-a307-2bf5dd48170f,80b844a7-be4d-4462-aa04-83bd73015f14,,,,,b3cb02f9-b238-4f2c-b6d8-9eff272d7983,f6096768-8d55-4ce7-9f30-2ffa2807f767,3cc2b18c-cce8-431b-a4ba-d37b61bc3b87,,a12d5aa8-3c26-4903-a1ea-7b13684c2b58
42,4316b6f6-13cb-41e4-a00b-768b7cf321eb,"2023-05-03 15:00:17.199382","2024-08-27 14:19:26.245357",3,release-03-05-23-org,e9a7970d-890d-4db9-8a38-ebdd7f69ae95,a05f0c2a-73dd-4dc6-9257-8383010ef3d7,0f7e7ac1-ba7d-4439-b426-493f2033d908,"m Ipsum is simply dummy text ",test.com,https://123.com,123@test.com,3e97ef8e-269b-4cbf-9012-fee70dc3350e,4c987eb3-d7ef-44ea-b391-e97792675f3f,89f508a1-96db-4dc4-89c5-24d62c0c3415,,030dbb5d-0fab-4bac-b194-4676bdd4550d
79,443510a9-9fc9-4dd1-9eff-348cec6e9b52,"2024-03-11 09:40:41.803512","2024-08-27 14:19:31.507172",3,release-11-03-24-org,91937f67-ccc5-40a9-be80-4caaf90a058e,5ebe2297-98d7-4879-a042-7f26730cddef,ed69b8a4-8e83-470e-8cfa-3cd65895f47a,Release-11-03-24-org,Release-11-03-24-org,https://123.com,test@alkem.io,dfab9982-e786-4786-ba51-4a9e2679d821,8d4cb1e5-0538-4780-bd5b-d591f1100fe4,43aa069c-79f5-4169-a6c8-ffa5e4bc7f5c,,3705bd64-619b-40e9-9231-34142e0b1b0a
20,4757cf00-c3cc-4101-bd6d-41073133f32f,"2022-11-07 08:45:58.220679","2024-08-27 14:19:27.078964",2,org-release-07-11-2022,c087a0c6-1243-490e-b1d5-8e1c22ccdb59,1d37fcaa-e194-4ad8-920e-0a4987bd232f,2e56761a-e6a0-4e1c-9200-f691453435ed,,,,,7fbf9405-70da-404f-8608-86b847fc5cee,bed24cd6-9882-4350-806e-0a8fa794ef65,79db35a7-7371-44fd-9ae3-fb564cbcec21,,950a7544-501e-4e8f-9252-8c48903c64e0
100,494835f1-9d5e-4258-b605-a58c02993ecd,"2024-05-16 07:16:31.690127","2024-08-27 14:19:30.824369",2,org-global-roles,511250b2-c6fd-4ca8-8948-27b2acf8d664,22da8fc3-8a9a-40fa-b1c7-3883adba6bb9,cfc9157b-895b-4edf-9071-63d0148161aa,,,,,5109c073-5ea7-485f-b7f5-9ef1b2795307,ba0ee141-5e7e-4e1d-8b9a-b80e944fe792,1fff355a-9e22-4205-b837-3fab2d9ca2d9,,c96bec72-34b1-44e0-967d-7826ffe0e248
10,4bd4540f-ea25-4707-b789-57849e643a2f,"2022-07-13 14:36:41.539557","2024-08-27 14:19:27.749507",3,release-13-07-22-op,8dc3f624-07eb-4c26-926c-d9e907bcf77e,9d13ef62-29ed-4271-a5c2-0b6461eaf5bc,43bf7b58-ad72-4d0c-a285-98995d9d36bf,TEST,,,,6f7000a9-b4ff-4866-9043-4cce503e0ad6,326ff3ea-8e17-4477-b110-fd4f08174964,7a6a50cb-e941-49c4-a105-bc0ec21eca63,,6d02c0a8-b29f-4890-bdcd-80ff81563d74
25,50b71a51-d59f-4d20-bf53-03e8009a5bc5,"2022-12-22 19:22:40.058205","2024-08-27 14:19:28.368473",3,org-release-23-12-2022,97b6e579-94f8-4163-94a3-f871305c21fe,05b84df2-720f-4b41-87d1-bc6bb053e1cc,6a01c182-aa6f-46fd-bf21-bc481511d585,org-release-23-12-2022,org-release-23-12-2022,https://123.com,123@test.com,db0b0106-7c60-4904-a53a-cbd76fb090ea,fd98a0c0-0732-4610-866c-e1b5d48c8437,cf1b83ba-61c3-4f02-940f-13922d17fb34,,4b37d4d1-d489-4d2b-9b53-4e90e58be45a
54,526ba9c3-d16a-4ba7-a4c5-f58f57da37c1,"2023-07-11 09:44:21.334019","2024-08-27 14:19:26.703718",3,release-11-07-2023-org,4a96fd4b-3890-4ba5-81b7-c0c5bd26237b,f493004b-3aaa-4fa9-ba3f-b7a9594cbb84,1b306276-64cf-42f4-bd42-498a9a32dbd9,,test.com,https://123.com,ev.dimitrovv@gmail.com,868ed790-a6d1-44d3-96eb-b3c8023195c8,fe3afd14-af1a-47bb-8463-b09a38b99d5b,f2d35603-bbd8-47a6-a3b6-1860125600ff,,e7d3b3f4-bec5-4e3f-b8ef-177a8076ff74
91,566632d0-42c5-46f4-9fb3-eeb3d3c90398,"2024-04-08 09:18:29.901013","2024-08-27 14:19:29.426277",2,search-org1,1dd8a2d0-081c-4d5f-8cf2-cb0bea3a10cf,d3f20141-c440-4e38-b60c-f1db32f2fbd3,94a470f7-0393-4da6-b20d-de21caa95336,,,,,84ce5445-a8ea-47da-a439-bb5c0f0cdbf7,034ae5e2-2497-4900-b71a-f4352f91b8db,1caaea42-6e04-4d07-bbc4-82ea9be77336,,2a1e1e2e-0f3f-41b7-b9fc-45a4dd77be5f
96,56e64bf8-879f-4ae9-aeb3-5a274e3b002d,"2024-04-10 11:09:14.191585","2024-08-27 14:19:27.452178",3,vc-org,55be0fc1-7d0e-4aee-8ae4-0857030effd7,a8b68b91-f321-4a8b-b94f-217199e810f8,35cc0f6d-15fa-4854-8516-aa66a0244ff1,"VC organization","VC organization",https://test.com,test@alkem.io,f8da3f99-631d-4d50-92fd-66c1ab383425,de1c316c-1f65-496a-a918-f69c0e9ff61f,28c62f6c-49d2-4f97-a778-9329373d2608,,66b70ac3-0dbb-4cf3-9c21-87aa2b1268e8
60,60fc2124-0017-42bb-8010-3583d3bca2b4,"2023-08-24 18:03:55.788312","2024-08-27 14:19:27.574273",2,release-24-08-2023-org,ed391794-1853-4722-b562-883cd885dc81,9c267874-d0be-43ac-bd49-9eb68ab5c1b9,3900021b-5246-4dea-8473-48e06a917a71,,,,,7957acd2-0d2f-43f3-aabf-c156bc6e5a9e,8004741f-7fc1-4f09-8c9e-b91bb818e827,ffd7ad07-6711-419f-aade-50b18a6573bc,,a333a838-68d7-47d9-9c1c-07e3a155ad87
97,63ec03cb-42c7-410e-bd84-6696334cf876,"2024-04-23 14:32:43.519875","2024-08-27 14:19:26.310116",2,del-org,b89cb139-f714-46d7-bba3-b510d6619dbf,c41cc924-ead2-4029-9b15-825e1533f02b,12d255c4-8c01-47a2-af7e-8c13a08eb189,,,,,a7aaff97-32cb-4b92-bd42-d3234a4c4a03,b06b3e2d-63e5-4cbb-b3b5-b6f7e61cc6ae,262367fa-d7cb-4642-a98d-d42fda95620b,,88d1a6f2-0f60-40f1-ac77-dc0a03d31adc
61,653bc596-3ce5-4288-b852-f94a67b8ca4c,"2023-08-30 15:19:05.382551","2024-08-27 14:19:30.897877",2,release-30-08-2023-org,471b58c9-0569-4fe1-b496-b553eb1ce7a3,f09881fc-e5c5-4d51-8591-a5465738f373,d0e5ed1e-74be-4dc2-b7c1-296cde9ca853,,,,,5859a39b-91c8-4fd0-85cb-0c7d99bb60b3,818ddfb8-d72d-4b48-a3b6-6fdb30885004,a6519d0a-f9ef-4f5c-901c-4d1a6c567645,,ec922e89-c73b-4db3-9d0c-db257fa20876
72,669e8593-6a1e-4045-851d-2df8b4613565,"2024-01-24 07:01:32.359205","2024-08-27 14:19:31.704855",3,org-23-01-24-release,bb03b1f3-98a2-48fd-a05c-190b3609c62c,035da2a9-408c-4d60-9f3d-0aa7b200c71b,f5521d11-c56a-4a95-889b-13b3cbb2d450,"m Ipsum is simply dummy text ",test.com,https://123.com,test@alkem.io,58d9d653-712b-4754-98d9-0e26569b1023,ac9cf75c-8fd1-4054-9b73-122002e55397,2d745e43-0283-443f-bdea-1ee3df3c8ff4,,965bcc3a-4433-488c-9d76-8e648c575c09
92,69a9d179-159d-4fc1-8b3d-b1d5b547b05f,"2024-04-08 09:58:41.676860","2024-08-27 14:19:29.482090",2,search-org-2,db3c0660-5f1f-4c25-b417-a9caf43eda32,1592a921-b46d-404a-af09-04cfcaddf8f3,96302848-0f2c-405d-8ac0-bd70e53609ae,,,,,0f6f861c-4e28-4626-a7fc-07209eb315bb,a8dd94da-d4d2-487c-8b41-ecef9b25d3ff,ae4e181c-e727-4a94-9db3-cd878ccd8d9e,,a83b9661-fa4a-40ab-b5c3-3e33a5ab323c
7,6a78a101-37b5-4b5d-a2b2-54a38f7c9a59,"2022-07-13 14:14:11.375687","2024-08-27 14:19:28.185149",2,water,c0ebb762-4739-4d9a-b751-ccace945283b,54e7a2ff-26be-4421-94d4-af6b080b08f5,5ded073f-b341-418a-ab7b-64e097545395,,,,,9034fa72-010c-469c-b86c-2968eb3b41b0,1bf4b377-cef6-4524-a064-7f7125754eb5,c68ff30c-9ddd-4bba-94a3-a6b0ecf50926,,f6acfb18-143b-4dbb-848d-a7bc71804a41
34,6fb3479f-a073-412a-96ab-73f00652a538,"2023-03-01 14:24:40.544677","2024-08-27 14:19:26.171023",3,release-01-03-2023-org,946faa95-e3b6-4024-8b87-e3146cd72137,7039c5f5-484f-47e0-ad28-734e6da85b95,0c00c16b-8f8e-40dd-a6cb-69223c3f62a3,"m Ipsum is simply dummy text ",test.com,https://123.com,123@test.com,8c6aa690-d0ec-4d2c-aa7d-18e5902f4bb1,492aac7c-66dc-41e4-b8b9-a3a49ccd9d47,25ba93e6-36e6-42aa-991f-0586f17c5377,,74ee51bc-0ac5-4f10-bd59-80065b12a741
114,7788dea9-05d6-4ec6-b697-92b07c1bf31e,"2024-06-03 08:27:31.364859","2024-08-27 14:19:31.024556",2,org-nameid439026,c0209d34-ae6b-48f6-9989-72db5ca8fdee,640d75da-ef6e-4be7-8845-1db469b9a9b6,d404c2cb-6612-4131-9d39-42a259e75681,,,,,81358927-674a-41a0-be90-bb74d9a77b06,d17ffc42-7662-4874-916b-3cedd87305d5,473b3ba2-99f6-4b7f-88e5-3cb576f52c65,,b73e8b0e-b20f-40cf-9f76-beec241e9cde
77,77920fab-0c95-4ce0-8327-7fb2ed976f8e,"2024-03-11 09:40:41.681344","2024-08-27 14:19:31.262614",2,release-11-03-24-org,76dac23c-a258-44a5-b404-ddf264b6e624,612d7050-0fe1-40cf-a345-07603182685f,deea2778-1255-4697-bee3-b18cb7e28420,,,,,771ffa80-e937-4af9-b8ee-d259797c0343,cbf332f6-0083-49ad-8a35-866a3fabd17a,d2cc6315-d972-4389-add5-ad15e9404a2b,,96c5d10c-060f-40bd-a2a6-42d6673b9ea2
28,7aba6ea2-8acc-4b86-9484-fba03d98f71a,"2023-01-26 12:13:20.818034","2024-08-27 14:19:31.082890",3,release-26-01-2023-org,0f60ecca-54ea-4133-8e4c-18322dab2a78,e9428d2e-1e3f-4dfa-969c-504e6e2366b0,d4e84ed4-e0d1-47f2-90ed-25ffc5c546c8,Release-26-01-2023-org,test.com,https://123.com,123@test.com,29cbca08-9fbb-4b90-935c-fc455459986e,815d32fc-fac3-476f-a00d-1bcbebd9233a,cf34f527-9ac0-41e5-a604-10547cda8c3c,,85b8ff5f-7da5-4fcc-bdff-3e93a59c5d67
2,7c6d8379-e943-4e21-bf64-96b2ae46bd27,"2022-07-13 13:18:24.197794","2024-08-27 14:19:28.734448",3,release-13-07-22-org,7936dbd0-72c3-4e2b-8899-0ae9a9bb33b8,1d04ae93-b756-4cff-a90a-2f7569f67d80,7a6b4ff9-521b-4f83-9c78-d1884a4b3341,13-07-22-org,13-07-22-org.com,https://www.13-07-22-org.io,13-07-22-org@alkem.io,89da80d7-01dc-4319-a0be-11c29cb9ac85,8dd96f70-ca33-40cb-826f-d02fa6c77bb4,7ee7f7d3-d975-4162-a82c-13a0f21ae425,,202a2301-5e6a-43ab-a65c-cbcaa3a41461
75,85121108-b8ad-4ac5-a02c-914255a3f0d7,"2024-02-20 15:51:58.646082","2024-08-27 14:19:25.790793",3,release-20-02-2024-org,c5ff1088-9d7f-4ff2-8765-0115399e5f54,ed80034e-00ac-424f-b5c9-db2e170ed935,0477dd2f-ec64-4cd7-9683-9ad7cb274846,Release-20-02-2024-org,Release-20-02-2024-org,https://123.com,test@alkem.io,63642cd7-f955-4441-b428-cb414d0c570e,975524f5-f634-4453-bb40-37cf1cc5126b,c26fdedb-f892-4d58-8d35-5dbd50125872,,1511a142-cf8f-4644-bcb4-9e2c14d117a3
9,87f49a5f-bd4b-4309-b8cf-e8185af9fc7f,"2022-07-13 14:14:19.031692","2024-08-27 14:19:29.960930",2,world-bank,d21fb6fe-b63e-47ab-8c05-e9fa7ca85529,6bcdd869-3ea1-46e2-9682-666147f9113d,a722af97-4955-456e-9597-24dafcc8c479,,,,,59901c3f-17c8-4723-930f-8f9a955a610d,2b6dd5b0-a9d3-4d08-8551-42b795519092,2e1fcac8-5eea-4548-ad5c-32524b540893,,08138512-7619-4ed9-a91f-03d3f74b169e
19,8c09ea46-12c5-43a0-a8d0-99a065e67e9a,"2022-11-02 08:44:31.765198","2024-08-27 14:19:31.772048",2,org-release-03-11-2022,5d4e107d-ddab-49e3-8abe-92b5b9952326,73b13b17-1398-4578-a9ea-f2af0e53282c,ff648617-76b1-4b0d-85a2-f4da39906959,,,,,d7395764-0c00-4a1d-9de0-1b02ce3b3567,ecd14799-c2a7-4a07-94b6-7b7bb75d5a28,6c9da427-ad6a-40e8-8504-251a2a95d4e2,,70e19bb6-6aa3-494e-9ac3-d1f8ab17a87e
58,8db6b02f-f1c2-4e3f-96ed-00621486bc09,"2023-08-16 11:57:53.803980","2024-08-27 14:19:30.142463",3,release-16-08-2023-org,12ac1fa1-648d-485a-b39c-4d755054b574,8bfe33a4-298c-49a2-9e73-3d46f2123ec6,af04d2ec-e648-4914-970a-0972db08913a,"m Ipsum is simply dummy text ",test.com,https://123.com,test@email.com,a7643090-b87d-42d4-a7ec-b1e8f0b91771,2791a7d6-35f0-4582-8235-72779db5824c,d79417b1-21f8-42e0-869d-4279ee8e933b,,25ac229b-19ab-47ec-80ae-58100f9ba844
45,904a12a2-8e5a-4374-a2f2-cf067eb0e4f5,"2023-05-15 10:53:39.734165","2024-08-27 14:19:26.449667",3,matrix-synapse-org,f4a82afd-f1ff-42b0-84c0-92c5232f3dc3,df72720a-7f56-4be7-8e5b-696f8b57f533,135be42f-ceba-4ad1-8483-f0fb84ab4c66,"m Ipsum is simply dummy text ",test.com,https://123.com,123@test.com,7371dd8e-8c91-4a91-b606-a781aad17e42,2156d3e2-6858-4e5e-959c-4f9652c7e7f7,fe124732-ba91-4447-9e8a-f6e48cc87a54,,4e1947c1-1bb3-4889-bf0d-58d8708b77fa
50,90f5b44f-a8e7-4b65-99c0-18378eba8042,"2023-06-02 10:09:14.043500","2024-08-27 14:19:29.181442",3,release-02-06-2023-org,ff84841e-3314-4b59-a6ca-4a772442a03c,d853d451-3c95-4c34-82e8-300551933eca,866151e5-c958-4b61-a207-0869d3ce4612,"m Ipsum is simply dummy text ",test.com,https://123.com,ev.dimitrovv@gmail.com,d69b1da1-855a-4209-8915-fc0e70f2c22e,5ac9947b-55c0-4420-ab58-dc5fe54878ec,f83aa68a-b192-40e3-a457-d3e6c7997d7e,,60fd3c9c-e9ff-45cb-9170-0f611e0d4b5a
47,916b3783-664f-461e-85b4-274c5ebafe59,"2023-05-17 15:43:25.176866","2024-08-27 14:19:30.391629",3,org-17-05-2023-release,90cac88d-d8c2-4bc0-be33-d8f720579911,887a300c-5e62-4184-9dc1-2e31cfa21c5e,c37776b5-db6e-4abb-8cc5-816958ced1a9,"m Ipsum is simply dummy text ",test.com,https://123.com,123@test.com,a3e8f4c4-3663-4ac2-b616-ce63fdef085a,64ed1fb2-498c-4073-a931-59e1b7c6d096,2685f5fd-64b4-4522-b9ba-b97bfa2f1cfa,,3a3c6377-42d4-4e6f-919e-00a0f0c40b44
15,956e60a9-23be-4752-bfc9-864f97d233e7,"2022-10-05 12:33:13.016878","2024-08-27 14:19:28.868790",3,org-release-05-10-2022,ae09b4ce-0ca6-4969-a7a3-d7ba9be7ee04,b3190097-e2a2-424d-90f2-cb28d9f6c92c,7f7de3d4-2f6c-40a1-91d0-b87c5a0d74aa,org-release-05-10-2022,org-release-05-10-2022,https://www.experiment.io,experiment@alkem.io,d334de95-c0a4-40c2-b38c-55ba9339e542,5651ff63-cabd-4ead-8eb5-8233b5f284a8,bbae5b5c-ad7e-40b6-80d0-23b2d86c064b,,d02eabd9-f6bc-49fe-bd93-8a2da953cbc6
53,991a70e3-35ed-4ef5-92b8-282b5b020de3,"2023-06-27 12:12:26.396670","2024-08-27 14:19:30.332650",3,release-27-06-2023-org,a6ab82a2-4240-43c2-9469-8ae7f45d29b6,d2c602a8-7d0e-4362-b3ff-a4b3ea2b0088,be5fd312-05ca-4b1d-bf88-764e48204dfe,"m Ipsum is simply dummy text ",test.com,https://123.com,ev.dimitrovv@gmail.com,a82e3bb8-37fc-47b4-922b-8c0f59a907da,02a576b6-232d-4b68-9634-39c33bc27729,ea7e1e5f-76a3-430a-a718-b7c6a8f7bac0,,6f40437d-723f-46ba-8d48-234e6878c6a7
57,99245e3e-9705-4dbf-a9e9-061388a24dcf,"2023-08-03 12:27:22.080612","2024-08-27 14:19:25.862856",3,release-03-08-23-org,ebe3c497-20db-4a0c-9db0-238f82514652,20def99d-c4ce-4805-a7f1-71db154ac9eb,0670cd93-8897-42f9-ac3c-5641b9990e93,"m Ipsum is simply dummy text ",test.com,https://123.com,alkem@test.com,15d50680-4b84-4aaa-87b5-24f3b7dc6360,f01320e5-ecdc-486e-ae46-db83fd796e99,7f27bde6-6b88-4b38-84e5-3570f2b977f0,,24d089ae-9e23-483b-a1fb-d430f7b652ed
30,9a62b70f-d575-475f-b6dd-b2a6746c9743,"2023-02-16 14:18:00.343353","2024-08-27 14:19:28.491957",2,111,0162a70c-f671-48f8-8f1f-e5474f67c132,5ae4c1cf-32ed-4a75-9e8f-dd31f238c332,751776b9-2890-4b78-8ef8-abc1ae4b97e1,,,,,c1c2e1b3-3ffa-4672-8ad0-2e003c441c0b,c6136279-86a9-4b30-83a1-4e2af660bd20,8df5a64c-6675-4dc8-90c4-3e75c5a5bfc0,,7d971bf6-b6d1-4203-ae5e-b57889f6afa5
69,9b69b537-1ab3-47cf-be9e-dc2fb8ebbe91,"2023-11-16 08:48:56.528714","2024-08-27 14:19:26.584809",3,release-16-11-2023-org,d9f9aca6-bbd3-4b42-abee-cc84e56a4a6b,3edd1287-ed42-4fc3-9d0c-f70774622222,16db8f8d-8299-4a5b-a3e9-fad93b988736,Release-16-11-2023-org,Release-16-11-2023-org,https://www.experiment.io,experiment@alkem.io,5c14907a-335a-4a6f-8b83-a84c386e61ca,cabdf079-e95d-49e0-bc4d-2a6fafbfbaff,0f7da221-4ad4-4a22-acad-bd3a68c45d9b,,6e5863b7-9851-4c20-bd89-34a387b011a8
46,9dfcf1ff-6b26-4faf-b45a-95689c2ebde5,"2023-05-17 13:09:06.779337","2024-08-27 14:19:26.821530",2,tagline-org,dd782eaf-e637-416d-8984-72f43f7f6e7d,28278ef8-8ddd-4ed6-81c9-92f705f1d321,1eb72707-4acd-4a30-a3f4-1d838479caf4,,,,,4eb698e1-0339-43cd-8295-eb6b5ff086ed,047cfed1-db44-4864-80ae-f3d8eaa23fc8,906a9a31-e489-44aa-a61c-29064d3bb250,,bdb65eb7-0183-42e8-82f8-05b7e11170c0
70,a02d0861-6d23-48e7-a713-36ee15c0a45b,"2023-11-22 08:20:26.405275","2024-08-27 14:19:27.865157",3,org-22-11-2023-release,350319a3-7fd4-49a1-b0eb-f2e93c651e58,8538fb5e-4530-4831-a74e-a2821261c1b4,4b7654f5-1496-4624-85ef-7e6a0547e6f3,"m Ipsum is simply dummy text ",test.com,https://123.com,test@alkem.io,4647e5f6-3c5f-4d82-a0af-4c942e15949c,3344b841-c95b-4e71-9966-e17c55600f6a,691e77f0-1444-4f0c-84d7-f5996bd714fc,,84e634ba-e4ae-4a4c-a1d4-0af2ebc082d9
59,a06a0262-a96c-4d77-8c4e-b6512ccc27d8,"2023-08-22 09:47:55.681736","2024-08-27 14:19:29.240779",2,vite-org,04440942-1a48-4ba2-a119-3de33a5fc3c9,71506162-0302-4853-b20d-f09fe7567410,88e734eb-0704-4ce2-9225-04c3385be9e3,,,,,a9110e47-2201-4c67-a7e4-b0e23d918db8,9cd5262d-6007-4df6-9ecf-02b2d4b705f0,3fd06da6-702c-4865-b247-d5dd47d948b0,,760673f9-7ddd-4cde-8e5a-7ffe7ed35d5e
17,a4037072-d5ed-4588-81d2-b9dcaa226b39,"2022-10-27 15:11:51.684384","2024-08-27 14:19:27.206622",3,org-release-27-10-2022,f8d05068-a4de-433b-8f55-df8c616057e7,bedddadf-a615-4025-bbc7-62f92eac115c,319b7887-894f-491c-b1cf-dcd35b802b5d,org-release-27-10-2022,experiment.io,https://www.experiment.io,experiment@alkem.io,f771b371-758d-40a7-9c9c-725187dca306,6a3f8038-a0e7-4d7a-a788-bd6fbbb7ac12,e958692d-3269-49a4-992b-8ed71aaacaf4,,c9886092-38c0-4fbb-a918-c32f4d9786a7
5,ab547d92-d615-418c-867b-1a2b28d255d7,"2022-07-13 14:14:04.530733","2024-08-27 14:19:29.297139",2,faq,fe181dd7-a25a-40e9-9769-a03aae4dad7a,a0b0ebe4-4716-4e3f-99b7-8734f64d339c,8e8472d1-98ae-4d14-b558-b65987e5ef8e,,,,,10b42228-32e1-4889-9c6e-425d9f8cb834,488f5592-b548-4d2a-9974-b8e3f93743e8,ed5e25fd-c814-4044-a11a-afe10617c0a1,,76449e39-b8fa-42a1-90b3-683b22e0e50d
71,ad6c68c1-ad11-4b8e-bd5c-50c1530a34e4,"2023-12-05 11:32:11.303839","2024-08-27 14:19:29.838160",3,release-05-12-23-org,0daf5ec3-5683-44b9-824b-4250942f1ee2,2f3e95a1-ade1-4910-9573-6b90893c75c6,a13d0795-4dcc-4ba7-b280-fa12dafd3339,"m Ipsum is simply dummy text ",test.com,https://123.com,test@alkem.io,ad3c174e-6bb6-4548-a856-5d0a4f6559b6,76af6b67-1a0a-471e-ac0a-50e20624344f,67591cc3-a43b-4b22-9749-d2c4f66b2991,,f77d3803-4f2a-4e85-99ce-356d174e2382
124,adeb3bcc-a0c9-4803-b67b-dcd2e01aeb31,"2024-08-14 12:00:06.116100","2024-08-27 14:19:26.883153",2,1112122,0e115b15-2df1-4455-a631-7314e0a0bbc8,3679440d-0eb4-4d5f-8c82-b190626ff487,2928d3b5-65e2-459f-8f14-11f62dad0500,,,,,75c164d9-d44f-4c57-90bc-2c66b2025ee7,c760a5ca-61f7-4fd3-87c0-08853f69b60e,acaecbff-006f-47c4-90e5-0828ea7044f5,,f3a64e65-8c05-43a8-beba-45300d96bd55
76,b0212278-3d45-4bc6-b109-7eaf6dceb08c,"2024-03-07 08:56:40.537717","2024-08-27 14:19:31.451312",3,release-07-03-2024-org,bab6843b-9b29-435e-8212-16b6b44fa324,7d3bfe38-1082-41c9-844e-f9cf792ddafc,e6cbd74d-4672-4431-b687-1d21e8d56c14,Release-07-03-2024-org,test.com,https://123.com,test@alkem.io,e8ab05f5-768c-4ec2-9a32-5a5130693af0,0c0af9cb-7ba8-4c94-bc21-8cf3346f4eb0,1277d1ff-afbe-4f80-9fdb-773238c4b8a0,,675cd823-5d68-43a5-8260-70353172140a
21,b0b2ff35-e32d-4be8-af98-96b17102585f,"2022-11-14 13:20:21.644914","2024-08-27 14:19:29.780830",3,org-release-14-11-2022,2ca4cb70-2e26-4fed-a086-a966a1c1d073,f5b0b746-57ea-49b5-a4bc-1cfb0c77c6e4,a12e771c-e9e9-4010-bc40-316348766740,org-release-14-11-2022,test.com,https://123.com,123@test.com,f31ed846-3942-4636-9d5f-7aff0c7ee5ef,b183997d-0326-465f-8160-7722f2318d5d,475e6bc3-6103-4692-92d4-0ea5b97be55e,,41554e14-2a02-45e0-b8e4-669f497e27c0
8,b2476698-eead-46cb-ab0e-eb813c94367e,"2022-07-13 14:14:15.466598","2024-08-27 14:19:30.081491",2,climate,47eced93-05d3-4fb6-ad37-1cfd9be14150,4b296dec-2d2a-4e91-b587-c54d2f009f12,aec869a1-506c-40a6-8071-1ee589de0c81,,,,,61c0e5ea-9246-4f92-b518-e26397af5cba,a4c5557f-257a-4d33-acca-9a324d10be96,fe513bcd-cd24-417b-9ee9-11e17d9c0e33,,a10d0ecb-f6c5-4695-9ce2-5ab21fafb356
66,b2b993ad-22b6-434d-8cba-a8f214f10135,"2023-11-08 09:59:33.384624","2024-08-27 14:19:28.429496",2,org-release-08-11-2023,dcd36570-32de-4201-b1a2-9ad97523d31f,280c4f2f-4548-47df-ae17-9a23b24b3b2a,718e837c-0dc6-4f52-9bc5-1a24061e38da,,,,,14641a7a-3fdf-42c8-9acb-c42f12742a4f,e654906f-2883-4871-84c4-1f4feae5a3e8,fb9d325f-2c62-4034-b00d-917c1eb0e687,,96a59c7c-4241-481c-b876-e291cc6c9375
11,b3560fc2-f62a-4482-9233-7b5d979b232d,"2022-08-24 08:56:53.885356","2024-08-27 14:19:30.018538",3,org-release-24-08-2022,1332d408-1331-43e8-b47b-22bffff02ac8,bb9080c3-5f76-43fc-91ad-ac32faff2a07,ad88f2a3-ef3c-435d-a976-8d78737067d1,"m Ipsum is simply dummy text ",test.com,https://123.com,123@test.com,8d04d4ac-36ca-46bd-a880-b2b17fc05c8a,6b951b04-8f50-478e-857c-9c2a6e55cf46,0428e0ea-d9f3-4c9a-87fe-455991677295,,39d0ad73-5bd5-4998-b7fb-28436df1fac3
16,b623b8e5-527a-499c-8408-4dae97302dfb,"2022-10-11 12:17:47.367688","2024-08-27 14:19:28.311229",3,org-release-11-10-2022,9f973024-1864-473a-bf71-8546e84affe5,66dd3f60-3c34-424b-acdf-607f35db8c4c,6512aed6-69c4-4a07-a390-e8998f3f6fc4,org-release-11-10-2022,org-release-11-10-2022,https://www.experiment.io,experiment@alkem.io,7508c640-5a50-4ca5-aa6e-6ed36a70ff09,e61f3ec2-6a23-4331-ae40-2d56ac00c4b8,bd939eac-a04f-4618-9d79-27fadcd4b726,,a32c8f48-4c55-4e57-818a-884cf8b2bfbe
29,b674fdee-93b1-4eaf-b1e9-a0b670f53ad6,"2023-02-10 12:14:33.631208","2024-08-27 14:19:29.897863",3,release-10-02-23-org,480b72ff-f8bd-4e5e-92e3-53d85cfa7428,14952e5f-3db5-4d1f-acf3-fabbd45a481a,a2cc2074-4af4-4189-9753-8cd6e406c0c1,"m Ipsum is simply dummy text ",test.com,https://123.com,123@test.com,f15a0b56-29a7-4535-902b-0e0af58f023b,c39900b1-2b14-439d-9dfb-8ac00abc21ea,f2151f65-e53a-406d-87fe-e4dd7d408598,,956bee82-a24c-47bb-aede-f3b5582abccb
23,b7413070-ca58-4bbe-abd2-125279bdd9c2,"2022-12-08 11:50:17.204501","2024-08-27 14:19:31.641868",3,org-release-08-12-2022,7dc2b4b8-2427-4684-bd33-0b9dca85b073,5ea7ab4a-cccf-4b23-9697-21d9efd420f3,f358c77e-2fc2-4b27-8aec-96c8a6efdafa,org-release-08-12-2022,experiment.io,https://www.experiment.io,experiment@alkem.io,12dc0379-14e5-4295-b994-e239c7d65c91,64dc5864-213e-418a-aa7a-189792e327cb,4bed1f5a-17b4-4be9-b41e-cf4ee6b0c208,,501bf5c3-b03d-4e78-899c-587c44860cf9
120,beb6e10f-d569-4796-87d8-524040c39fe5,"2024-06-25 09:40:41.873775","2024-08-27 14:19:28.931131",2,sdffgsdffg,0f3771b3-13df-464f-8ac8-8f5b930abdc2,67352789-721d-49f1-9c72-d6ab1f1743ef,8025964a-8130-4177-8a80-5bea8fa35461,,,,,b7480797-c1c5-43d2-b29e-8e8c8bc8f056,4724d455-e4b1-43d9-812f-6168b84848ba,174639c9-b1ca-495d-b36f-b3a49a851705,,b65a5394-b214-48eb-b621-b0700288ea34
6,bee4e17f-4a38-4d5e-ae93-ad1f01e489e4,"2022-07-13 14:14:08.034365","2024-08-27 14:19:28.242903",2,energy,7069ae84-5e97-4340-bfd7-c781c6adbeea,5d88ce79-f1cb-4877-8e3f-b54a563769d5,64270415-236c-4da1-8269-6540e2ad1dbb,,,,,1925b314-d916-449c-9727-c56012a9877b,0d27722d-44cd-4f7e-bb5a-a06434b9aeda,ae87e906-2e50-456b-81c0-c02c809cc22c,,537b8dcd-80aa-4dc8-86ad-79ab1e3ed535
35,c28554a0-4741-47e8-a15c-d9e1ed2398e1,"2023-03-21 12:52:45.440435","2024-08-27 14:19:31.577373",3,release-21-03-23-org,a7d948c8-d104-4d53-a515-b27a23abdb59,548b9509-2388-4768-84ad-a42a3660864b,ed8b822a-766e-4819-b4f1-c31fba78eb17,"m Ipsum is simply dummy text ",test.com,https://123.com,123@test.com,5b322afc-1ba9-4823-9aa5-047a879dae17,c84d4b75-d40c-46a8-9687-15f2f04ea537,64f467e5-e606-401f-91e1-a6d0eb7ee7e3,,141912f4-5304-43de-ae27-93132f295277
43,c3b71862-0eea-4286-be0e-82d4f19ead73,"2023-05-05 10:14:55.483768","2024-08-27 14:19:28.799809",2,11177,c505f01e-1a85-42fb-87ba-416da85c1561,bf007619-63b9-41ec-b5f0-a0d0e63724ad,7e1e531d-0e69-41cc-aef9-99a617cf6ce2,,,,,3693c8e7-f15b-4784-bcce-0bc8d45293e1,ad38d07d-1746-4b09-ac69-7d18685b042e,7a701570-d456-4d4e-9bc9-30e79ea3312b,,d2fd58ee-7214-41e4-a1fb-c4c6efe16d55
49,c529977e-7f20-42cf-a701-2a3a1cb5caba,"2023-05-31 14:54:39.218263","2024-08-27 14:19:30.268132",3,demo-innovation-org,cabdd64a-8be9-4ed8-9d10-7cf79b83c0ff,226a24ec-a39e-457b-91f0-7ec33ca215e2,bcfa161c-c9ba-40ad-a9e8-719aada0485f,"m Ipsum is simply dummy text ",test.com,https://123.com,ev.dimitrovv@gmail.com,8cd9d315-3c4a-453e-b0cb-d439f844a961,6df988f9-44ac-4ac8-b8a0-67a82f8f53a4,897fab3c-a47b-41a6-9fa9-8d519312a5f4,,8e6f275b-7af2-4a37-ac8b-b18ed98c58aa
13,c733ee1a-794d-4941-a2d9-1900ae6fc811,"2022-09-15 10:48:15.805296","2024-08-27 14:19:29.125042",3,org-release-15-09-2022,8965adf1-3811-45fd-bc77-3a15e3134a93,8e6f2d00-5f9d-417d-b8e0-cb729e5c27c1,81b929a5-9004-4f9a-b4c7-dffabd5f0ee0,org-release-15-09-2022,experiment.io,https://www.experiment.io,experiment@alkem.io,21f89889-6779-4c3a-8c05-b99546045406,0f3e98df-4d93-4d8e-9992-43b324ea76da,7078f11b-7975-42ae-907b-9f290e5a8e85,,857fbe9f-d51f-4a1f-857e-2a01eb1b3da9
123,c786857c-b231-4245-95db-761ab7c7609c,"2024-07-26 09:20:40.697250","2024-08-27 14:19:29.062801",3,org-july26-2024,4cc8a21b-0787-4fa0-840a-910176470686,5cd79219-be7f-4652-8d1f-7cfbb67701e5,81474fbc-da4a-4cd4-b2ed-6dfe3ddb5f89,Org-july26-2024,Org-july26-2024,https://subspace.com,test@alkem.io,23c8e7c0-eab8-4a7d-8141-b02d2090698b,e6f8c305-f891-4ceb-b2c6-2e9947cb0e8e,18377688-64f0-470f-9504-08558285ba00,,6d5240c2-183e-4e9f-8b41-d4606b33d482
78,ca06a8a4-d1d3-4361-9bfe-54cdb8607696,"2024-03-11 09:40:41.761619","2024-08-27 14:19:30.768554",2,release-11-03-24-org,bbb30f5d-46be-4945-8780-904d02e55367,50dd7f5b-8fbb-4c3c-9a19-78f81b56e1ea,ceef8018-ded7-45cd-9306-0e7668c75dcb,,,,,03bdfc54-a49b-46e1-9bbe-5fe59c32c973,a52238fc-b7c1-4fc5-93e2-992e31ebf184,46972880-eae8-4341-80eb-c20a1c90c1bb,,3ede4aba-94f3-4c53-9c4e-46b587a7e859
12,caf49055-ed1d-4979-94fb-3a0f4f9cc483,"2022-08-31 09:37:50.376286","2024-08-27 14:19:29.363365",3,org-release-31-08-2022,92b356db-654f-4447-b2ab-90b79370355f,e22563f0-6253-4e29-a2a9-e0e076fca14f,8fdf430a-f868-4de9-9ee9-118ae16d1896,rewr,test.com,https://123.com,123@test.com,f3e43288-a2de-4a8a-9ca6-59c0877dbc4c,0dc67ba1-7113-4a68-bd34-7000015f6a7c,87dbfedb-8462-4699-b4d7-40bfdee9ea53,,dfd42500-cf96-4334-b96b-adc0957fc5e9
64,cb7216d0-5496-44aa-9819-6c02c0a9875b,"2023-10-10 13:00:16.057840","2024-08-27 14:19:27.511122",2,pre-releas-org-10-10-2023,8d708ace-eb71-4045-a3ff-5cd42ec80a0e,afb2793f-542b-49ff-a3e3-314f3b773ca8,37e05cf2-ec92-4246-a622-9f999a3807e7,,,,,f050bda0-5990-419e-b19f-9b996eda239c,301ef5bc-34cb-47da-a900-9a46e516cf20,4f4ab97a-9594-44fa-9d31-ce53b8f007c9,,8e1ac03e-eda2-47c6-98b1-38e7f688e4bb
121,cc68539e-4957-45b7-a3f4-710afeb1b51f,"2024-06-25 12:20:23.258026","2024-08-27 14:19:29.539604",2,org-contr-inv,3876136e-2dc4-4cf0-9ca4-0820c55db934,593d962e-1571-4b11-97cc-ecf6c9adbfd6,9965b48b-a625-4a68-bf20-416a6d2c9f42,,,,,36326cc4-2c7e-4cd1-898e-6b88033a0a64,16eb6af5-a6f1-4e26-88b9-40b2d1a8ebed,8baf939c-0493-46ee-9597-e392b16a5cab,,0b5e4cd2-1cbe-4ea1-93bd-0498e3568330
48,cd866f47-43af-4762-ab48-e72dae5ad4c3,"2023-05-23 20:59:16.476589","2024-08-27 14:19:28.122776",3,org-23-05-23-release,106c9741-ee1f-46e0-ad66-00bc56cfbe57,77212958-2c04-489f-b8a1-e589a2c59742,5d87a52c-139f-4b86-a042-0a7e5a8d12f0,"m Ipsum is simply dummy text ",test.com,https://123.com,ev.dimitrovv@gmail.com,80e93953-2624-46d9-a901-ea8099efceac,7ebf6a6a-a8ac-405f-9d1c-b729ee66b9cd,1f6975ff-51e6-4e86-b341-81860f708c19,,b29438f5-afdd-436b-8d01-7c667412f4a5
118,d5233389-6426-45ee-9579-49c54c146996,"2024-06-03 09:23:18.857036","2024-08-27 14:19:28.551903",3,june-org,33b495bb-c8ee-49e6-8bae-9434b233578a,5bceae87-fe17-4ff1-98bc-e209fee9c568,75199654-b565-4c73-9a6f-0d42e2d29202,june,june,https://june.com,test@alkem.io,47bbf326-98fb-4277-b06e-c1819a5cd87e,8303d985-a9f2-41f8-8cd2-0990e7027989,6bc166b4-5a5b-4fb4-a15d-d4c43c7f18a2,,a06964b0-2308-4702-9d23-792f70c3f4de
26,d5443a3a-8cda-426d-ba8d-10914670f0f8,"2022-12-23 09:45:32.668794","2024-08-27 14:19:27.998143",2,check2-org,15634efb-6e40-4845-8d27-fe98f3afd994,d23e4722-d185-4516-967d-e51406e5f906,56ff85b5-d263-4e15-8ea3-97fc434c2f98,,,,,d8633255-668f-43ba-b153-8516fd29559e,506bf38e-a213-45b4-ad9b-9a673793f284,43e1b7db-c35c-47eb-8d22-19b83b2a8f3f,,dce1dc3a-f2a3-4e7f-afe7-e62211ab58a1
1,d60abdae-10fd-4514-aebe-4a4a5e60a6ce,"2022-07-11 14:52:59.773586","2024-08-27 14:19:26.110004",2,eco1host,e8272b0b-a51f-4f54-b676-15454e79d243,5b2353ab-0b2e-4569-b748-e072860f9e57,0bb2c709-8422-4fb3-b0be-16cb66eceac5,,,,,1c59d731-3663-4ce1-b9e0-e21d67bd8642,4d7532ee-5d15-46a4-8899-b74fb4f602e0,c7e2ebcb-3b61-4be3-9aa7-8a2fbd7ac9e9,,a4d38e19-c3ef-459e-bdba-1ef299f7e891
32,d661e1dd-3ec6-404f-a0fd-7f7d834beae7,"2023-02-16 14:20:35.305073","2024-08-27 14:19:27.806988",3,release-16-02-2023-org,881c1382-89d9-4b43-b35e-b1a6cd466056,268fc4a7-ed4a-4c66-9a25-8302d08decc0,49405059-ab84-44c3-b1a0-8dd13da734d4,"m Ipsum is simply dummy text ",test.com,https://123.com,123@test.com,b00f4ed2-04eb-4975-827b-9a34859c53ec,13b11866-c26b-4b98-8883-52e494887be5,3fe19924-8973-4616-b020-66e142a295ee,,0b8aa6cc-65c4-49f0-9a2b-4af03036bb12
38,d89a38be-a680-4a7c-808e-973b52df8b7e,"2023-03-31 14:40:26.232528","2024-08-27 14:19:31.205145",2,123,2d65ee31-1be1-49e5-a921-b669a22a51d6,008a7527-4c1e-4e6c-a05b-3f395e336991,dc78ff71-82aa-41fd-baa4-9663e417fb93,,,,,a9f9f799-fa97-40e7-90ef-56f77416c08b,5c7129f9-ae0d-4f9d-8ca9-5ec17dd60a24,45a51746-0585-42e6-98be-542fc4b08657,,75c8d87c-4339-4b00-a80e-df4786921720
119,d98dd119-365d-49b0-a901-39cbe46752a1,"2024-06-06 08:19:51.972586","2024-08-27 14:19:27.635795",2,forthepatch,e030dbc1-b73a-4826-8a55-72d4b7c196a3,2911c78e-e308-4596-800b-e6cbfc8b2398,3c6685bf-fcbf-457c-a173-dcfe68527c14,,,,,80c3998c-1452-42bc-baa2-5496d7073eb2,f77d7298-dc4d-4ff0-85d8-dd7029c6de10,7432831e-c4ac-490c-913a-4d5bd15daf66,,715a08c2-a7ae-4e4f-86fc-c9ce33e78db1
33,e8b5a8a7-5c02-4695-b1c6-eed1dc68092a,"2023-02-21 08:30:38.898802","2024-08-27 14:19:28.671397",3,release-21-02-23-org,5bc18c09-b49a-4507-915d-1bebc4530f33,231ce776-31e2-4f20-adb7-99b5eaf58eaa,7a59c97b-385d-4264-b855-8b8d32f50361,"m Ipsum is simply dummy text o",test.com,https://123.com,123@test.com,e1a50fef-8a64-49cd-88e5-1a2d11e55b4e,26239b45-9ae3-4ecf-b951-d808ea057ed1,eeedc516-6147-4470-bbe0-b322402a69ad,,a2c00103-8a26-4c85-9eff-596ef4d39d46
41,ec46650f-164f-482a-8b84-83b38ed42fa2,"2023-04-21 13:34:27.489439","2024-08-27 14:19:26.027730",3,release-21-04-23-org,1b98cdee-112b-498c-bd34-434635fa20d4,19f0e7c6-d2ef-4707-8adf-8a40a254fc92,09440c07-eafa-4795-9b67-b58ae90038ee,"m Ipsum is simply dummy text ",test.com,https://123.com,123@test.com,65c25045-1326-449e-b365-ecee82840747,75ab6850-27ea-47a8-9162-6ed57b3b92f2,b7dc12af-ca64-44ad-907a-dbbfda9f53ad,,bd272140-6d7a-423f-b683-9b1d698ca6b6
18,edfd7e11-785c-4b5a-ba8b-2f09977ef1d4,"2022-10-31 11:46:46.957087","2024-08-27 14:19:31.329057",2,fastcheck,9f3f0dcc-37fb-44c9-bee0-2d1230e11b46,f6e8c55d-9367-4d36-af0c-b850e4e2ed4a,e27cff15-8346-46d9-8202-67c592d55fc0,,,,,60bb311d-9d40-4493-b38e-682305c3eabd,f229e388-4aac-4ff9-adcf-50ff95a8ed82,8df4cf6b-607f-47a6-a0ea-23c35d48b927,,6d946c37-0a26-4139-8444-865fd53b7bcb
31,f367c56c-674c-495d-a6e4-83c5515687d2,"2023-02-16 14:18:40.115472","2024-08-27 14:19:27.394404",2,aaa,b197b3f7-1e3b-4e20-a1eb-8ee45cbc2320,1ed963a6-2525-416a-8d1f-7e0ae9cab152,354cb7ea-e1fc-479f-aaa4-f094ad03d463,,,,,8e8da613-9a50-4576-86f4-f7387968f047,2ab2c1a4-3ba3-43b6-8ef2-ea079f70b913,256d4f2a-3f04-4cdf-94c2-832a87b88862,,c860437a-d5d4-480a-9334-fe2fe4db806f
94,f4171218-7ad0-4b51-a488-7a11295ba1fa,"2024-04-08 10:25:37.609356","2024-08-27 14:19:31.385981",2,search-org-public,d387786b-d1f4-49bc-a4ac-508ce585fef8,c751be9a-25fe-40b4-8a7f-903a8e375518,e2a8f309-680f-4eaf-b1ae-30ce421ad2e4,,,,,1b69e3b8-fe57-483b-8716-b2ed3b39750d,e98f7030-9f9b-4aaa-8b7a-020198cf1037,d0c9b99a-56fa-4f02-b439-0768a41b513e,,36440b9f-9fb7-4828-8248-923107c4b1fe
3,f628b7ab-2106-4d61-bfaa-45af76dfc15b,"2022-07-13 14:13:49.546772","2024-08-27 14:19:30.958398",2,united-nations,277c5c8a-a6e0-4e82-859e-4002bf5aa695,cc89eb29-2e30-4453-9258-1fe01ca37722,d2b7b7d5-e935-4cae-bf00-e6b72c75f3c4,,,,,0f7f70fe-b487-4a1d-a91a-2e4021a2ddbe,90bb4818-2ae7-4e77-9f3b-730593923df4,15a71c3f-3f12-4d08-a222-9077c9e19309,,f677690a-4822-4892-8aee-023b870b5ffe
125,f7b15e62-00a0-4536-a511-7fe3f8a5a495,"2024-08-29 07:09:56.110394","2024-08-29 07:10:01.000000",2,org-space-vc-flow,444bd583-2281-4996-9a47-2473fd55fb00,aaeb85f4-93b1-4634-b508-81d25097cea2,328ae212-5989-45e9-92c2-b2925b71a280,,,,,304693e2-b7c0-47d4-b493-98975a15e9e4,cd44ee2b-1a8c-4253-bd4c-4eab661ded07,e9819bfd-9886-491e-936b-82b9a8a9a54a,,3406f12b-f696-45e7-9d0c-fce1f4c4512f
55,fa83bd6f-28ed-40a6-8cc9-174c091e9cd9,"2023-07-19 11:23:34.080195","2024-08-27 14:19:26.941444",3,rel-flows-19-07-20223-org,52cd0294-9f42-4b3e-9a81-5ce67b3a79b7,369c6c41-7bec-4b88-9ffe-0962a47668ae,2aaa09ca-9ca5-463d-b8e5-eabe26cb0915,"m Ipsum is simply dummy text ",test.com,https://123.com,ev.dimitrovv@gmail.com,a8bc38c0-8020-4cb6-9c12-e9a21e9019b9,34830f69-6fed-492d-a782-5be20894bbe2,b5c64703-829c-4e0f-a250-e841ec5cf639,,413176bb-3b54-41f9-8cab-deabf9b57b59
99,fef27e70-38c4-4423-893e-f2fd8e71afae,"2024-05-16 07:16:31.653937","2024-08-27 14:19:29.595508",2,org-global-roles,f930f72b-cb61-4455-bfb4-838f027a29b9,771dffcc-4a9e-4d63-b833-33069e48fd1f,9da5bd72-4f0f-4e06-b41a-b11ea311ae35,,,,,31ed4c46-0fd2-47c9-ab89-cfefafffd5e1,9dbec36e-2e97-454b-8396-10ec1401f736,d11ee4a3-6f1a-486a-91e7-77c1222a5da4,,1f4f0bed-8c3e-4e64-b599-4d9a2297aa43
74,feff8071-5c6c-40c8-8e30-358f3d4d96bf,"2024-02-09 12:43:03.491754","2024-08-27 14:19:27.692909",3,release-09-02-24-org,46f992cb-4271-4ccc-b888-09e978872432,3e11fc09-4006-4c0c-be05-7318cc4d8538,419c93ba-d365-421a-8324-e36f44e30398,Release-09-02-24-org,test.com,https://123.com,test@alkem.io,1edecb23-1134-4383-ab44-f156458813c9,2dec060e-282a-418e-bbe8-28f3698f34ea,6e4a3395-0fbb-47a1-812b-bac35d42c113,,c1f152dc-54b9-49a4-99db-517b3f5f53a9
