id,createdDate,updatedDate,version,innovationFlowTemplateId,authorizationId
000a2230-57ed-4b0d-9cb7-fa83ab336a80,"2024-03-11 08:37:14.476590","2024-03-11 08:37:14.476590",1,15a289ed-c9a4-4f97-9104-bd50464d78f0,7126f03d-7bf1-453d-84c5-181f21d5188c
068ac391-2348-453c-b6c4-305ed92e8ff6,"2024-03-11 08:37:19.343426","2024-03-11 08:37:19.343426",1,a2f8437b-22b3-46c5-8692-e0679a695912,efe68be9-d816-4821-843b-d4781f66df7d
07a0fcf6-d0bc-4351-b0a2-e1a76812359a,"2024-03-11 08:37:19.727877","2024-03-11 08:37:19.727877",1,99430a73-9d42-4832-8932-db6881e82baf,9d49e8f1-7b50-4486-9996-16a18598a610
083d47a2-fc6f-4270-b2fe-12d10691ede3,"2024-03-11 08:37:14.006977","2024-03-11 08:37:14.006977",1,285b0300-004e-4f8b-b5f0-18331b46e0eb,0f680232-8b54-4d9c-a532-b84ffc0e64ea
088961cb-e4ab-404c-b527-7fd91330d7ec,"2024-03-11 08:37:12.342052","2024-03-11 08:37:12.342052",1,290f9ee7-3d18-466b-b3ef-9a775a8178f2,d95a51f2-931e-4bbb-8f5d-349cd79792d1
0da7ac2f-dcdb-4865-97f3-77c90eaa6a64,"2024-07-01 09:21:48.842050","2024-07-01 09:21:48.842050",1,c6e41ab7-6ef2-4907-8133-ef591357f9e1,2286e6c3-08dc-46a2-93ca-9b8047f1329e
0e6b3ea3-5361-4e0d-8c70-a017e1d5a666,"2024-03-11 09:44:13.263797","2024-03-11 09:44:13.263797",1,b5cbfe09-7540-4786-921c-3074fd7ffe3f,79be756d-b5ba-4774-ad0a-a0ddba24d78d
0e99ac57-5d72-40d9-9fed-f69137f25fad,"2024-08-29 08:41:39.422538","2024-08-29 08:41:39.422538",1,6586e5cd-7719-4319-b328-fcccc11f2dec,3a9264fd-70e8-4d5c-9e68-dbfc13679f78
0eec5c66-cd36-4a2b-b605-4accb90e1c49,"2024-06-18 13:24:17.261914","2024-06-18 13:24:27.000000",2,3df5f8fa-ab3e-4956-9692-b49dba8f32dc,1e23de11-3406-4f78-8085-5a0f32cb3533
0ffe8f46-d789-4e24-8976-fb7e7347fa31,"2024-03-11 08:37:14.627929","2024-03-11 08:37:14.627929",1,1e27b889-bfd5-4eb1-be07-14ee5acd16d7,b9ab43cf-8db8-491b-a45f-6639b06fd478
13caad4e-92f1-4b30-a587-b3457633f7dd,"2024-03-11 08:37:12.782760","2024-03-11 08:37:12.782760",1,3d982cc1-4cec-4a6c-8370-b0765f298509,6251e9be-f2c8-4849-8a09-62a204f3c084
140f3620-83fd-467b-b33f-f510402c0e89,"2024-03-11 08:37:19.947849","2024-03-11 08:37:19.947849",1,05fbb43d-05df-4498-b23e-7365b7d5d92e,50ff7346-8d6e-415e-bfe1-2fd0d49a8b92
15525f01-5e61-44b1-b988-41cd1762472a,"2024-06-28 22:12:56.709907","2024-06-28 22:12:56.709907",1,021eb4e8-cc0d-405c-a65b-149b0142a3a6,e2fb0042-78f4-495c-8c2d-fce74b7aa963
15a5faef-78d4-4f37-8fc7-71e20c5a82f2,"2024-03-11 08:37:12.863311","2024-03-11 08:37:12.863311",1,83c6d54e-ea4c-4868-a2b6-92e0c262a7b2,4e7c77b6-63c2-4a30-8b59-b5739ee83598
168cafcd-5446-416b-858a-07ef78bbbcbf,"2024-07-08 10:35:51.675414","2024-07-08 10:35:51.675414",1,160e60e1-0bcb-4ae0-b565-56f78d82dcc2,013cbe94-7e92-402b-8d34-158cfaa1a5a9
16e9869d-db7f-45bb-93c8-bbc4e6dc2659,"2024-03-11 08:37:18.131927","2024-03-11 08:37:18.131927",1,0ee54fc2-7c45-47da-b273-c438729b9bce,9a0ec415-35f3-4332-9181-49bef6912455
17199f93-b84c-4069-b774-c59bbbdf767e,"2024-07-01 08:22:08.637632","2024-07-01 08:22:08.637632",1,d741f991-1580-4e48-b4c0-f7e6ed89dceb,51b5579f-1806-40cd-b9d2-850e5e6c94b3
1744050f-5792-4418-a806-fe596620fd56,"2024-07-11 15:06:42.283125","2024-07-11 15:06:42.283125",1,87ebca5c-f428-437f-acd1-6e09f6d623a0,3dce0188-3bac-4a85-b3bf-eb45f3e694d4
180f04e4-fc9f-4725-aedd-60976287e50e,"2024-03-11 08:37:13.855520","2024-03-11 08:37:13.855520",1,6998d90f-daa6-4d7f-a1de-42958dee7da0,cfc6fe1a-fe38-433f-bef2-5e1d6883ee6e
18c50885-7a0d-4166-967b-99d2b788b32f,"2024-07-19 10:24:58.260075","2024-07-19 10:24:58.260075",1,5ebbfbd7-86bb-41d0-84c5-c272b57a25d9,bb117120-62ff-4617-884b-88dedd26aea9
1b1a38e4-8cdb-4fdf-b30b-4f8dced408ea,"2024-05-28 10:24:19.077090","2024-05-28 10:24:28.000000",2,59ab9291-215a-4fd6-96ee-320e62d88193,f0383f19-bed0-4cb5-9fa3-fe6761d91d60
1b63e97e-1991-49a2-b701-4931451f845d,"2024-04-10 11:14:02.310940","2024-04-10 11:14:02.310940",1,b8038fb9-9695-4e7e-bb00-05a6336a39be,050e3e02-2816-495d-861d-29915ff37325
1b94bed6-00c1-44d4-9cd9-b5d29c1d3aa6,"2024-03-11 08:37:18.658824","2024-03-11 08:37:18.658824",1,0baeb0dd-dd6e-4756-ac1f-55858d0f2ce9,79e7008e-1bf9-40b4-a7d9-d63ddf34a2ea
1c3ca74e-105d-4bc7-b2af-b3bf64e13ef6,"2024-03-11 08:37:16.802974","2024-03-11 08:37:16.802974",1,7128da20-499f-4b7f-9952-42586f4b1cae,c4e9e116-7778-4e0c-9e89-2cc22ddbb402
1cd2b1cd-490b-4c0e-8725-8cd949e93367,"2024-03-11 08:37:16.590865","2024-03-11 08:37:16.590865",1,3b74bc99-f0f6-4946-8633-39a41be5a73e,5b4a74b8-7496-48f0-b5a2-9579cd83b487
1e60a48c-88d8-42d8-b1cd-46efb71c894e,"2024-07-01 12:32:58.265677","2024-07-01 12:32:58.265677",1,ef2ee25d-75b3-48bc-b877-230132942fba,fe04a3b0-9970-470e-947b-a64d34ab730f
21284e98-9253-4cbe-8951-f35b1376921b,"2024-03-11 08:37:17.439411","2024-03-11 08:37:17.439411",1,03f5ff09-fbfc-4bdf-8db3-e49c2a775e97,39f48736-2b6c-45a4-bfdf-735196f88126
226844ea-9538-42b3-82b8-1836488d7718,"2024-03-11 08:37:19.022875","2024-03-11 08:37:19.022875",1,0185ac84-286f-42da-b813-bcbab2107596,e847755e-a723-4148-95bc-b98ad338a7cc
22ed5784-2a6d-47c5-845f-188a0006ad53,"2024-07-01 10:35:36.984303","2024-07-01 10:35:36.984303",1,51cbd4ef-d749-40ad-9097-8c196ce2adc8,ab478c92-9dbf-4985-aa1b-f7aefe5552fb
245cda3d-79a6-4602-8125-935a899836bf,"2024-07-01 10:50:17.455515","2024-07-01 10:50:17.455515",1,cf0d8b09-fb49-4307-bb7b-f212e46f3d3b,ee8e9266-fcee-4950-be0d-7e7680d03dcb
257c52cb-774d-4e30-938d-1b14d3d22cbc,"2024-08-28 19:52:59.743524","2024-08-28 19:52:59.743524",1,fe114929-59a6-4624-a655-c80a8c493047,20988100-9a5f-4f25-b615-3ce7d67c9610
25bcd446-0c35-4846-bb21-148ecbe00dd9,"2024-03-11 08:37:15.742366","2024-03-11 08:37:15.742366",1,1d737bfa-094c-4547-b1ee-1ec784dbbc0c,a0eab3d8-46b5-491a-8f3f-7e58486911c0
26c9884d-ff82-44d0-8530-53b6427e75ee,"2024-03-11 08:37:18.428299","2024-03-11 08:37:18.428299",1,588bc72b-ed88-4068-880e-f75ba04dd938,bd73e47d-c986-4b9d-a407-9efe3e4c0bb1
2755eb98-6023-4aa9-9ee9-abd63f2fea71,"2024-06-03 09:07:30.713219","2024-06-03 09:07:40.000000",2,6a1f8ef6-80d2-4ba7-8faf-ecc7dac26d3d,ec7e6380-f471-4bb6-aee2-1f903c2e05c3
276a585d-04ce-4785-80e1-116adb72982d,"2024-03-11 08:37:19.172595","2024-03-11 08:37:19.172595",1,6296b37f-d67e-486f-b458-91f5e9b7e866,fe33b0cd-3771-43d3-a632-9a52d46c0fdb
27a9072d-4241-4d4f-8d35-812b39449fd4,"2024-06-10 13:12:32.564419","2024-06-10 13:12:42.000000",2,8558a6df-685c-4dbf-94b1-82dedab0d456,63016311-c1bd-4abe-99de-481210a8ac8f
28408314-00c6-4b7d-b631-b7b945ab72b6,"2024-03-11 12:59:58.981454","2024-08-09 08:37:05.000000",98,NULL,ab2b7b63-92df-43d5-a0f2-d0ce5f3c4368
2afab695-c124-426c-af23-266461bbf32b,"2024-07-18 12:27:02.331252","2024-07-18 12:27:02.331252",1,633877ae-715c-435d-a95c-4fa79175dc2b,0222f4af-cf5b-4e0a-8313-b48191be39fa
2b66526f-c9c7-4b03-84b0-d380474b07c7,"2024-03-14 20:55:52.648951","2024-03-14 20:55:52.648951",1,bba4a7af-ba99-4d7f-b31d-00f93d6b200e,0b087e4c-ce0d-4027-9735-549c868b37eb
2b8b095c-068a-40cb-acd5-0096345aa464,"2024-03-11 08:37:15.369411","2024-03-11 08:37:15.369411",1,ca2b5d9e-5624-488d-a49a-435fbbc87038,ae1f186e-42c2-44a9-adf0-d4d1dce0eaad
2be4b1c9-d187-49dc-b2fa-a9251cb05c46,"2024-08-12 14:08:06.454887","2024-08-12 14:08:06.454887",1,fce5d0f2-c14a-4a83-95de-f57e9efb6727,ec1b5133-f8e8-479e-aec7-a137ee507f06
2ebbeda6-3bb4-4fae-a34c-bdb22bef59ff,"2024-03-11 08:37:13.015908","2024-03-11 08:37:13.015908",1,434dae4e-523d-4813-88d0-e8e818082316,0a89e790-6f39-4768-94c9-83e4e61a3ee3
31ebf11e-c30f-4d64-ac99-c96c2dc6d099,"2024-08-14 06:40:36.350655","2024-08-14 06:40:36.350655",1,93549f0f-ff4d-4f15-a1aa-a5360f5f3be5,cf4832bd-b5e5-4806-bfa4-e6a73c13f344
31f91e5a-6f2a-4122-9ee8-68a75790adc5,"2024-03-11 08:37:14.551547","2024-03-11 08:37:14.551547",1,c9886405-4ba1-4f89-a859-9d79e96574e8,a344343f-f5da-43c1-991b-a38bad6bd6ce
32c29bf5-03ec-45f7-94c9-3a7adeeb78b6,"2024-07-05 08:31:15.331385","2024-07-05 08:31:15.331385",1,b6af2393-1469-43de-905d-6672748ec472,19b6d968-924b-4708-8ff8-8639627495d5
330cde05-177a-47d8-9eca-7cbd80e283aa,"2024-06-18 11:03:38.742327","2024-06-18 11:03:47.000000",2,b34e0f84-d871-4614-a2e3-f988aac9fd68,6885de3b-e61b-46a1-a006-999d0a2a7b12
333e1403-9ee0-4444-a205-8219bc82e821,"2024-04-17 10:52:53.761404","2024-04-17 10:52:53.761404",1,22fcb225-40b8-4e45-9b27-e3d6826013a3,3cc16beb-59a9-4619-a6e7-25214cd70713
338a2b7a-4b08-4a1a-8e23-382d7a8cd82d,"2024-06-03 11:31:01.308416","2024-06-03 11:31:11.000000",2,f8359855-308f-4325-87f6-9ddd458b1b9c,9008eca6-b24a-46bc-8696-04456897a987
35556825-24d6-41ab-b871-4facc04b36fc,"2024-03-11 08:37:17.989157","2024-03-11 08:37:17.989157",1,889a99f1-8dc3-480a-b39b-31bd99834226,f185779b-39bf-4ae1-8177-e302bff7eb42
35c15fa0-e2c1-4796-b328-3b0d3098056c,"2024-07-05 08:31:28.890306","2024-07-05 08:31:28.890306",1,d356f218-4af9-4bf0-a747-6b14f9ec6e89,46d91850-41f5-40fb-b5e7-29ad141fb114
35e5dd51-a82f-4753-b0a6-90a1d5241664,"2024-07-05 08:32:01.359555","2024-07-05 08:32:01.359555",1,cd3c78ef-0e80-4498-86ee-b9908be48ef2,3ef2b47d-e5c7-4a65-8f79-8857656b5f8c
3a18fa7a-3464-443a-b8be-465bc6480167,"2024-03-11 08:37:18.950810","2024-03-11 08:37:18.950810",1,6435bc5f-65f8-46a5-95b9-63f601297431,be399a9a-2712-45f7-8a08-2e6183890e0f
3cb8c3fb-8703-4822-9ac2-5300f1e9d15e,"2024-03-11 08:37:16.043535","2024-03-11 08:37:16.043535",1,54b9f89f-33bc-41ed-9b8a-4f1dcea9585e,ead001d0-58a1-4131-96dd-f7ae8e98ff0d
3d345f25-46f1-4d0d-9e10-96d4c319ef36,"2024-03-11 08:37:12.565220","2024-03-11 08:37:12.565220",1,5a691e34-8fc3-4554-90e1-358c45feb031,99d36cce-c644-434a-b6b4-8520e9517900
3d8ebaa5-ec81-4254-bccc-2129cc684b39,"2024-03-11 08:37:14.249460","2024-03-11 08:37:14.249460",1,5b1301e6-5a11-42f5-a22d-88ff78d3a85e,bd7f0fcb-afc4-4add-a622-2db3e9ce4100
3f6085e5-dfc4-4f30-a564-f123776bb7e2,"2024-03-11 08:37:15.225815","2024-03-11 08:37:15.225815",1,07784197-16a4-4860-b8f1-4e58f94e4b45,c4cb4b4b-6e5c-478f-b48b-97060ee2af4c
4364b204-dbed-4e69-9ec5-3afd123b32f7,"2024-06-25 17:48:06.018689","2024-06-25 17:48:15.000000",2,d2be4931-d640-4cbd-a223-d8b2745dc942,27c2775c-06a8-4818-8867-90a03fc3c0b3
451f53c3-4fef-444d-8b01-3ddd08fe8d30,"2024-03-11 08:37:12.937457","2024-03-11 08:37:12.937457",1,070c618d-7749-4708-a387-60a4a68e2d3d,19be5809-82aa-4f85-b4ed-6b2e4f3ffcce
456ab727-0de5-446d-98a6-fe255363b9f7,"2024-06-03 08:27:34.795967","2024-06-03 08:27:44.000000",2,27b2bd1b-3e10-4969-94e9-05624f91876d,f2b18715-3ae4-4db9-8870-4c071b168d8a
45ffd7f4-3bd2-4e6e-9540-e8c6d64b249c,"2024-06-28 12:04:02.365015","2024-06-28 12:04:11.000000",2,27b95923-50da-4726-9d24-3d83035f1ea6,42274d36-d476-4e68-a4d3-20af01c03461
46fb0802-a4ac-4400-a62a-7775abbe7394,"2024-05-28 13:17:33.505670","2024-05-28 13:17:43.000000",2,e0d530c9-2da3-477b-b258-0dfd56db06d2,a61827c3-37cd-445f-a86b-bfc7cde623fc
475ed7ad-d938-4b28-8e28-a0f4668bddc3,"2024-03-11 08:37:19.650852","2024-03-11 08:37:19.650852",1,77b1c50f-a586-4654-81bf-c047b02d88b5,afa56f84-c936-43ba-ab31-bae9c1fe274e
47bc60e3-ce7a-4612-9c5e-cabbc81e6b2f,"2024-03-11 08:37:13.248076","2024-03-11 08:37:13.248076",1,2042c633-152a-44e0-b920-9217516a6d7d,abfbdf08-7a83-4a0c-a1e9-bb10059d0f15
49248236-15e9-45cc-9cdc-bf129f087cb7,"2024-03-11 08:37:14.175729","2024-03-11 08:37:14.175729",1,35814fdd-c087-4c9b-be8a-30f65411c90b,c57ca8ac-d472-4e9b-b6a3-3f693e4f63bf
49424aa6-8e8c-40ff-b2c2-8ca87d208324,"2024-03-11 08:37:12.636476","2024-03-11 08:37:12.636476",1,718f140d-4550-40a4-acfb-aae4199be923,0bfeae39-e375-4b6b-aa5e-ecbcacc8cd20
4ba34648-5b0b-4c8e-8e97-cdc8f677648b,"2024-07-01 09:25:34.295439","2024-08-29 08:20:27.000000",3,1c010e34-feec-4eec-bc67-541c4a4e30f0,e629716e-d550-49fe-a4df-a31138cfd88f
50ade297-633c-4b45-af67-250e12d1aa4e,"2024-06-26 09:16:30.083631","2024-06-26 09:16:41.000000",2,1fd4af68-062d-4078-b471-3330b3ffabab,c2b9d36d-67c7-43a5-8a2c-0f970cd5a7df
51854015-a1db-4d0b-a88c-cbbea2df9c42,"2024-03-11 08:37:15.963154","2024-03-11 08:37:15.963154",1,4f4ef8a2-6f73-44cf-b750-de1b39e3749c,06620337-258c-40ec-ab03-34b109af6371
527fee00-0efe-4398-82db-084bb709ecc3,"2024-04-08 09:59:57.259011","2024-04-08 09:59:57.259011",1,bf271ddc-6e46-4963-809a-43a28abf1a9e,efd05ca5-c4d9-4109-8733-653e1b3af0c3
53b189e0-ac37-46f6-ad13-0f24406ef925,"2024-03-11 08:37:15.891133","2024-03-11 08:37:15.891133",1,44ee878d-f26b-4b2d-abec-bc7a80c6ba85,8bc6b413-1ca4-4be8-b19b-e9e399098b4d
589c84e9-807b-4a73-a336-a659ec24c11f,"2024-03-11 08:37:12.707000","2024-03-11 08:37:12.707000",1,63a9d9e7-3b12-4067-ab7a-db07254d4dc3,b8e949b1-1efa-48b6-a1db-0d8cf82a5cd3
59e93ed8-2a73-4db1-8897-b056ba3b45cf,"2024-07-01 07:47:11.905287","2024-07-01 07:47:11.905287",1,a4d458f6-4b91-42bb-a4f0-1de971489d0c,5ad7b992-107c-412c-94bd-dbc7a18d55ac
5c3a8967-9234-44d5-9cfd-d772c8045078,"2024-03-11 08:37:18.281076","2024-03-11 08:37:18.281076",1,1272de65-c459-43fe-8979-5690bbfda968,4ca47f31-2dd8-4d7d-88d4-a55cf43d09e1
5dd90394-a66f-496d-8432-a0ecd490683a,"2024-07-01 09:21:25.302589","2024-07-01 09:21:25.302589",1,e359be06-7847-441f-8c7f-db6ab3b81abc,fde3d23d-097c-4ce0-940b-eda729389319
5e3f3967-3f7f-44b4-9b35-6848cbca28d1,"2024-04-12 07:37:25.303275","2024-04-12 07:37:25.303275",1,74c6c483-c3db-4116-9610-a03e0564be94,d67e6506-fa59-4f25-bb01-22f7903fe20f
5f41850f-daa3-4545-86d8-5eb3126d55a0,"2024-06-05 09:36:59.418501","2024-06-05 09:37:10.000000",2,395525db-6af8-4909-98a4-51f962a810b4,7b35ebcc-f3d0-462d-9466-6b6684d173ce
5f9f7839-6e8a-4578-9c67-ea1d2360ab87,"2024-04-08 10:26:55.537032","2024-04-08 10:26:55.537032",1,2e31bf44-c129-4024-bc31-c27ae99b8084,51a713a6-9762-4105-a74e-0f16c1751880
60054299-51ac-4dfb-9507-49f5bfa5f0e4,"2024-08-28 11:33:02.054991","2024-08-28 11:33:02.054991",1,5dc15b3b-e1d6-430d-bdf2-b4f0f149c499,1ace9a1c-65b3-4eb7-befd-ad1df1e5990b
60e807f1-9731-41ad-8019-adf855157cc9,"2024-03-11 08:37:16.502280","2024-03-11 08:37:16.502280",1,472ae563-202b-4934-986f-b7765e92ce1a,f2c65190-5411-4284-b425-765f4602c7d0
614960ae-5b63-4ffd-9651-aaf86444f9ca,"2024-08-28 16:09:05.704952","2024-08-28 16:09:05.704952",1,d3d17d8b-d08b-4811-b30a-24b61c4cf9dc,824dd7bd-fd4f-45ea-b6dd-c63cde79a4fb
615c4d08-59dd-4fbf-8432-b77a50ecdb8c,"2024-03-11 08:37:14.706882","2024-03-11 08:37:14.706882",1,16671101-bcee-4e68-930a-aedd3743abe3,307449f0-b4f1-448d-bc11-efb9236f5622
633d64c2-b5d7-4504-b8f5-6ba0516fc68f,"2024-03-11 08:37:14.321580","2024-03-11 08:37:14.321580",1,81173905-58b6-4359-a5a9-e1f3cfdf86cb,2369145a-d01e-49d6-9a20-2615cfa0da54
64d07550-184e-4c51-b5ad-22cf83c91abc,"2024-03-11 08:37:18.733014","2024-03-11 08:37:18.733014",1,0b865d47-da71-4753-aec6-f25d96bd0599,2397d376-16e9-4d34-9657-ac589d90f572
65926dd7-50a5-43de-b253-013172e60225,"2024-05-20 10:39:58.276499","2024-05-20 10:40:08.000000",2,b64b4e14-3309-4714-a392-a1356e63c717,47420113-d08e-4577-a0c7-eb3c1b1d6cca
6687dfc1-20fd-4c43-a594-ebf56c78a176,"2024-04-08 10:16:25.909513","2024-04-08 10:16:25.909513",1,e52a7f90-c329-48d9-a1b4-94e432d20789,7a45dd82-53da-47d6-96bd-75d8bb243cc8
672f9fbc-b747-4737-a9e8-284c542998f2,"2024-03-12 12:33:54.129570","2024-03-12 12:33:54.129570",1,3eb39dd9-95bb-4b42-9579-cbc84ac4bdca,e4970fa5-5125-4a9d-9bd7-470d2f0c4814
67b4bea6-278a-402a-ae74-97c6b1fa5aa8,"2024-03-11 08:37:16.666607","2024-03-11 08:37:16.666607",1,4949b7ae-714b-4ebb-a0fb-17bae2ca50f3,171cb022-c87c-4024-950e-9eb92faa997f
6957c108-bf96-438e-9a68-71c220711a28,"2024-06-06 07:50:21.742804","2024-06-06 07:50:35.000000",2,59d4733a-416d-4a59-a0b2-9f5d718105a4,183b1321-4c34-48f7-abbe-692391a5979f
6ae22551-8fe7-4d66-bbc5-2777923f7467,"2024-06-05 15:15:08.258140","2024-06-05 15:15:17.000000",2,7d0e5a3f-eb53-4dbb-a882-45d9482382bc,fde8066d-f79a-4b61-a4b9-37cf7178c051
6d30471f-782f-4e88-ab2a-8925f5240866,"2024-06-05 10:23:17.678360","2024-06-05 10:23:27.000000",2,4e1534b0-8100-42a7-a2aa-d5a837ca7b9c,47242243-e951-4119-b83a-286ba2557fe8
6fc363ab-7aa1-4f39-8d45-445913158dab,"2024-08-12 07:00:35.557347","2024-08-12 07:00:35.557347",1,a6112906-5548-4c39-9d68-6da19f2d043f,8af6a500-aa4a-451d-969e-5fc38a5ac469
70e03606-4bd1-4339-8196-bcabc5ef6924,"2024-07-05 08:33:08.229488","2024-07-05 08:33:08.229488",1,7c5ae310-c9f7-4bfa-804d-efa27dcfad4f,659fb323-ad53-4330-a0da-d1cda2f35e63
71da57bf-5a30-4cfc-8258-4b5188deaf3e,"2024-03-11 08:37:15.590020","2024-03-11 08:37:15.590020",1,d33321ce-1d7b-423b-86b5-03b963fce145,9587a09f-8abf-4e26-8970-4976b847ec4a
747b1ce2-8d30-4007-ae40-fec09dd73f09,"2024-03-11 08:37:18.880860","2024-03-11 08:37:18.880860",1,59702a95-66ba-4ffe-b5e9-5b79a847cdd9,9b5f2df5-8024-4cad-8c07-22a8236e744f
750aff67-4826-4a6d-8e6b-76117c2bf8b8,"2024-08-12 07:34:54.552331","2024-08-12 07:34:54.552331",1,0ac0c53e-eb2f-4140-ab68-1dd4ef36460f,2d660a0d-b00c-47f4-b11c-8bc95ec48a45
75463afd-ec41-4403-b73f-a88a821581a1,"2024-07-01 07:33:42.826981","2024-07-01 07:33:42.826981",1,f6640c48-9d1f-4b72-8067-75d5d2e8f135,10a59943-3268-4be0-9121-fb585796d406
75c05e74-c411-458f-b04d-70f988fed5cb,"2024-08-28 15:20:12.952050","2024-08-28 15:20:12.952050",1,ef822041-6d5b-4cab-9102-62633ae6b8b1,6babc292-2172-4581-8e5e-3f9ea3d14b87
765b7f4d-717c-4e60-b3d3-866fda5b876e,"2024-03-11 08:37:12.492680","2024-03-11 08:37:12.492680",1,066ab1bb-57c0-414f-a460-1b9fea7f2a1f,cdb99435-dcd3-4cf5-b91d-146378c89dcc
7786b83b-cf99-4414-820d-3c268b0f0fa7,"2024-03-11 08:37:16.427571","2024-03-11 08:37:16.427571",1,14839aa2-538c-425f-92be-95c2895b609e,65111a20-728c-4ee3-974d-66644bcfbd07
7b5fd6f3-6661-4558-a31a-0589b213da62,"2024-03-11 08:37:19.801635","2024-03-11 08:37:19.801635",1,bb67754e-eba9-4171-ad46-a74644310153,f19d2fd3-fdf6-488b-b00e-941c26249088
7df3aafe-4134-4184-8e72-d7637bec71e7,"2024-08-14 06:38:51.976171","2024-08-14 06:38:51.976171",1,1d30a179-f394-4dd8-aef7-ec4f1ce4ab76,e4ad747b-42de-4d98-b5f2-e75b43909ef2
7e30a505-7e4a-42b4-bdb7-f8ca4969eb03,"2024-03-11 08:37:14.394133","2024-03-11 08:37:14.394133",1,34ec6d2b-b516-4ee4-a7db-b480a3f6753e,471f4051-836a-480a-8b84-164ddce0e1b9
7ed43bcc-a771-4459-ab11-e516b242fe00,"2024-06-28 12:13:39.841030","2024-06-28 12:13:49.000000",2,b96d0c2c-6c3c-4c6c-b453-63f2589367b8,4748f9de-cbb1-49f2-9b0c-17b04178bb45
7f027619-3851-4b47-b974-6acbee31effb,"2024-06-25 12:40:06.626645","2024-06-25 12:40:16.000000",2,ba8fc1bc-6930-4c4f-93ec-2677ec9a5085,de4b7919-7dc4-4a4c-ad26-d439f0bf0eb3
7fb922cb-be24-4c4d-b57e-86c4b199b754,"2024-06-04 13:54:30.414353","2024-06-04 13:54:41.000000",2,dd988c06-2607-4bfa-b729-280fcecd2b45,fdaf4679-cee3-47d5-9532-734d98dc2578
806c5f17-eaea-4a8c-96b7-10668c89e84e,"2024-03-11 08:37:12.418285","2024-03-11 08:37:12.418285",1,00dd00b6-3d7b-4e29-8af5-42e759a016d3,1b0e2a60-985a-4f8b-a7da-235a19a81ffe
810c87fa-cad8-4957-8170-4c9e948dee62,"2024-07-05 13:59:50.148378","2024-07-05 13:59:50.148378",1,68e2b7e6-3913-4f56-aa7f-4af6c12ad077,c2816d91-c570-452b-87ed-db19bd378684
84775d9b-ff43-4441-80ad-a8ad2de9c98c,"2024-06-04 11:31:25.179080","2024-08-13 14:27:28.000000",3,2cbe3067-17a9-4651-b052-50fb49b8c07a,e8c27803-92ac-48b8-94fa-bfaceec26935
85be964e-80d1-4069-8902-608a73fe4a82,"2024-03-11 08:37:18.807962","2024-03-11 08:37:18.807962",1,023fd4da-717d-4d34-b0f2-009217a32f3d,aab077e7-079b-45dd-b340-3da416e3b074
8651ddb7-7591-49c8-9cd7-8cfbeb73f31b,"2024-03-11 08:37:15.518023","2024-03-11 08:37:15.518023",1,33a29831-d2df-4025-b8d9-414874f561c7,e59e8ca5-808c-40cd-bd80-5d5e18f8ae33
87d5b100-d57d-426b-9e4e-101251264d90,"2024-03-12 15:56:04.413692","2024-03-12 15:56:04.413692",1,671f1b84-f16b-4cbc-8910-1aa7d81b095b,67afcb86-690e-48ac-b13f-158a29427822
8800e83f-6bac-4989-b887-03d79d2487f1,"2024-03-11 08:37:16.734277","2024-03-11 08:37:16.734277",1,1f6fb59a-635e-422c-b0b1-3241a7b045ce,0e27ab0d-da74-453c-b73d-33e8f5d2db2f
88b4c7a0-7c60-4f35-b05f-01f4b137f7ec,"2024-03-11 08:37:16.965404","2024-03-11 08:37:16.965404",1,54578442-7c61-41b0-8f3a-88093d2377ab,4de1b611-fb7b-46ea-bd0b-5cbaab23f657
893e8f13-a673-45ea-955f-328cd813d33f,"2024-08-14 06:43:58.237574","2024-08-14 06:43:58.237574",1,60d48104-7c1a-4105-ab61-ed6d9d83c170,552d3389-f0a4-4521-b7cd-bc124011f3ca
8b728d8d-d784-4f27-9242-34ae2315de04,"2024-06-03 09:25:55.787505","2024-06-03 09:26:05.000000",2,406afe22-1546-4713-9923-f8b59eb91df5,43e82b6e-a7cc-4550-826b-006e228326e2
8c8aae5d-f14c-4aa4-80cb-575204c487da,"2024-05-28 08:51:23.115128","2024-05-28 08:51:32.000000",2,5e0a4eb9-8591-45a3-b5fb-4c5132dd0fc5,c665b27e-bb85-439c-a57c-40877bd1da8c
8cdc7179-22b4-4077-9972-8dbcc0b1955d,"2024-07-08 11:19:38.214617","2024-07-08 11:19:38.214617",1,ac7e166f-343c-4eb5-a2ab-8ddf3429a8c8,223f8c65-2916-4964-9c02-d2875fc59f35
8d2083d1-4cb2-4645-b357-26abc75a7893,"2024-03-11 08:37:13.783172","2024-03-11 08:37:13.783172",1,277a13e8-18f2-4991-afdc-0309b983d673,573b3cf4-2989-4ed6-a578-609293c02359
8dd2ab7e-9d67-4142-aafe-cdb33c317bed,"2024-05-08 08:02:49.355095","2024-05-08 08:03:02.000000",2,aa95cb64-8ca8-403e-bd05-d45461f2828b,54087c13-fef6-4d1f-b90e-5c953281a349
8e6833fa-9399-4c02-9216-e1be06cb2a2c,"2024-07-01 07:34:53.436208","2024-07-01 07:34:53.436208",1,69eca2ca-5861-4244-9bbb-9ef32c643064,d75ca660-dc20-40d1-8cd1-7ed888252454
8e95beb6-4c44-42b0-850b-010934c90e02,"2024-08-07 09:23:24.155081","2024-08-29 08:18:34.000000",3,9a317a46-1361-453d-b4ab-22ff21c0bf85,c71d56ef-956d-4657-ad37-34b111e6ad54
8ee5a522-d0a5-4b5d-8311-e63e886471e3,"2024-09-02 11:23:37.772284","2024-09-02 11:23:37.772284",1,2de9e928-d39a-4ffa-8549-06413d0adc12,99f16bf7-c4d9-4161-92a2-1cffb6f3ac6e
8fa45eb8-2e7d-4588-8a19-5464c381034f,"2024-08-14 06:39:48.323226","2024-08-14 06:39:48.323226",1,cb42c2ea-29df-41de-9802-76a05ef0eecd,e019b9b5-5fb7-434f-902b-4d2908449a80
94e41bdd-8a89-44b5-a797-8b08c0aa07a6,"2024-03-11 08:37:14.774829","2024-03-11 08:37:14.774829",1,9ac64e19-89f9-48fa-a3a3-9255e6a4d88c,4a7298ed-e13b-4024-a198-93689ba0ac6c
94f9cfc8-e6ff-4768-ac23-412753308112,"2024-05-28 13:04:58.866229","2024-05-28 13:05:08.000000",2,66cc6ec8-bc38-4add-bcaf-b5eff103166e,70e88d34-32b0-4100-b579-e0b1d6895681
95ad275f-6fb0-4f41-ae75-68ff35793ffd,"2024-06-19 10:32:15.929356","2024-06-19 10:32:27.000000",2,c89e4f32-6d76-4f64-accc-7b16a441acb5,a3658d53-b53a-4660-a7b8-128efb89de17
9607dfb2-95d8-45c7-82d4-bd5ba6bf870b,"2024-08-12 07:27:03.078786","2024-08-12 07:27:03.078786",1,a9ddfbcf-c14e-41b1-ae03-12db11ab0086,ef456a97-e0fc-4f5e-b7c7-2c74cf79cc62
9642b93f-f413-44b0-ac83-2a21733d9353,"2024-06-19 10:54:31.935058","2024-06-19 10:54:42.000000",2,62efdacb-17af-42e9-87f5-41bea1dbee74,77c0719f-04a3-4a0e-ba02-7c14c4e7ff24
96b6d4c4-e2d8-43a0-8e56-c38d6980ade6,"2024-08-14 08:48:37.954785","2024-08-14 08:48:37.954785",1,d797d9ad-0d0d-4983-8e78-b6b290cd6a6e,312aef1e-44ab-4320-b5ca-848870624355
96c061b1-e138-49d2-bd51-d31090a588e8,"2024-03-11 08:37:15.437456","2024-03-11 08:37:15.437456",1,7f5e8abd-40f7-4644-adc6-93e7fd30eb4f,eced7196-d690-4f9a-b45c-d60e3f8b3148
96f2efa3-159c-4bc7-bc8b-a45ac5f4a83a,"2024-03-25 11:32:11.999279","2024-03-25 11:32:11.999279",1,7751dfcf-222b-4d7f-9a61-32899eb2cdb7,f36b4552-7d94-449d-92c8-e8555008fba5
979d1dfb-eea0-4c94-9c6a-583314bbd773,"2024-03-11 08:37:13.544673","2024-03-11 08:37:13.544673",1,65ef3222-6baa-4dbc-82f2-a07fa13a3eb0,38935244-662e-4c6e-b597-8633217ae528
99466c00-0588-4f99-8350-e01f0cf992f7,"2024-03-11 08:37:19.873538","2024-03-11 08:37:19.873538",1,46b78256-8618-42e4-b251-7d50748d0ea9,1fc4b486-bccc-4da1-87af-011176334e12
9aff8ecf-ce34-4db7-a9ce-5a52773dcded,"2024-03-11 08:37:13.712489","2024-03-11 08:37:13.712489",1,6d084c90-a000-4e1f-a89b-a405af112ac8,2a40d8af-c449-4a83-b84e-327c36aa3c56
9b673947-3726-4023-bae8-44326fc7955e,"2024-03-11 08:37:19.503617","2024-03-11 08:37:19.503617",1,ad3481eb-b1f4-4dd5-9992-bb9bcb0ea39e,0bacd538-15af-4ce8-9001-0980880be1b4
9c299b02-b5e9-413e-aa65-bc7dac8e9123,"2024-06-28 11:27:00.149156","2024-06-28 11:27:09.000000",2,fbfb122e-6d68-4de5-9bcd-663139fc0fed,13f6a1ce-95ed-4f61-a265-45e335231c4b
9c5143f4-936b-4d97-8818-675d2fd70064,"2024-05-07 12:49:07.240012","2024-05-07 12:49:17.000000",2,5d256636-d8aa-4ac1-a523-16f71149027a,ea58341b-47a6-43dc-a178-e11ed6a9814c
9d7f3728-ace9-4ab2-8f38-7e90053ba517,"2024-03-11 08:37:16.118293","2024-03-11 08:37:16.118293",1,00a29116-5d72-4169-8d5e-ec2733317965,cf5d0d9f-76a5-470d-8841-20d2a599e025
a030c835-670b-4425-b259-7a27928c9fc0,"2024-03-11 08:37:17.201395","2024-03-11 08:37:17.201395",1,0bb11b6f-5d98-469b-9bf7-f257d6161aa0,0cf33db5-4cd5-4f52-ba44-379ad15a7040
a111ed60-c892-4571-9bd9-fd2967eff1dd,"2024-03-11 08:37:17.917900","2024-03-11 08:37:17.917900",1,1335663d-1e62-46fe-b510-472e4dd82240,a727a857-d6f7-4da0-a1d1-362a4dc78b39
a2072c03-4ae3-48f8-ad6d-acec3a2cc261,"2024-08-27 14:41:25.110981","2024-08-27 14:41:25.110981",1,34007b87-8b7b-48dd-ab94-28a67057ac5d,8e2f4a99-e881-4e47-a7fe-467c293d5be5
a340be1e-2cb6-4fee-9ef6-2f3ad6701ab6,"2024-05-29 12:36:14.556708","2024-05-29 12:36:24.000000",2,69622736-7647-49dc-a7e3-85964fe94f1c,ccc08137-97b2-467e-a850-c9cd2fafed6d
a4773548-e3ec-44ec-9ade-cdf268010c5a,"2024-03-11 08:37:18.063700","2024-03-11 08:37:18.063700",1,c15b61d8-d063-4dab-985d-11ac94b3e94b,5731e1da-2db2-4f6d-bca2-29f656757e60
a4959203-9dae-404c-9292-d85ca91d1188,"2024-03-11 08:37:17.521045","2024-03-11 08:37:17.521045",1,01c4048a-8730-4286-a5ea-31d5c5d9e38b,10627d9d-4979-42e3-8f5a-eb64bca6e9ae
a53f3448-2eee-4d9e-8b9b-5193e2dfc263,"2024-06-03 11:28:10.443047","2024-06-03 11:28:20.000000",2,a9c2cace-aa12-488d-9054-24edd931b2f0,d1519696-fb41-4f2d-b3c9-337c967afe13
a6018f1e-c03f-472a-8c7e-15e084b38fda,"2024-03-11 08:37:17.118938","2024-03-11 08:37:17.118938",1,730dabc2-a96f-4513-b363-a88a4583e1d0,dfe07f98-2d03-4a34-9870-c0ee4f645897
a6a49508-c9fb-47c2-b3cf-1b8641956b4b,"2024-03-11 08:37:17.769899","2024-05-08 08:52:10.000000",2,31413054-164c-4b5a-a48e-4f489e059338,e6d669ca-b56e-41b9-85e1-32a5673177e4
a7e4db5b-4d4d-4612-87fa-685cf407b59c,"2024-03-11 08:37:17.044967","2024-03-11 08:37:17.044967",1,430533c9-873b-4301-89b4-d07830d52930,40f86bf3-67ff-4993-aa71-31c47c58b970
a8bed847-8957-47c2-bb74-f0a1b5518905,"2024-06-25 08:08:01.726928","2024-06-25 08:08:11.000000",2,69b15db3-db6e-4252-ad1f-6b9cb2dd5162,57406123-2b6e-437c-9e03-b7522268b854
a9712b67-c4e1-49fb-b3ad-eb11201f1b22,"2024-06-18 13:24:14.224733","2024-06-18 13:24:24.000000",2,6888b8d1-61f8-4521-a592-3b41176a8153,6244f22d-1010-404e-9a9b-7873dc8996fe
aa0b6f36-d703-4c46-a6de-532bd6f3c8db,"2024-03-11 08:37:17.590619","2024-03-11 08:37:17.590619",1,1d4a14a9-5b23-4d54-9985-a8819b2bbe1b,efb43fa9-f1aa-46b8-a971-d6d722eac4e6
aa359ce5-85e8-46f7-a4c5-0439816a5309,"2024-08-12 13:07:19.629670","2024-08-12 13:07:19.629670",1,9a431a12-00b8-4678-8e73-12954523f8e7,96148013-1922-4809-a2c4-5271b0a937d7
abb2cca7-04fa-4aa7-a746-2a1c81ecab67,"2024-04-08 09:19:54.975334","2024-04-08 09:19:54.975334",1,9f80c018-1436-475e-9e47-1d77f8382fa2,c249c94d-67fc-4c17-a8dc-b18fff8cf55b
acbd9871-9945-43fe-af2d-4949bdd380c7,"2024-07-01 10:46:27.452981","2024-07-01 10:46:27.452981",1,2c4cbfc5-6add-41aa-93df-7b18578d1d74,5086f905-2c10-4096-839d-a86419cd65b8
adca5ec9-7bb3-42a1-bbb0-6f5680f1dc6b,"2024-04-10 12:26:05.511518","2024-04-10 12:26:05.511518",1,514ceb7e-04cf-4b38-8162-d48d72b91eaf,8ee9797f-4844-49e3-b913-3d19edcf7d4f
ae697e53-09b8-4d65-a7a0-ac898cf48a7f,"2024-03-11 08:37:18.208429","2024-03-11 08:37:18.208429",1,493bffe5-e871-4080-a928-f9cfd789d48c,77fb6201-89e5-433d-84ab-e9f74d43caff
ae72420c-761a-4c4e-9a62-ee5ef641cd4d,"2024-03-11 08:37:15.658266","2024-03-11 08:37:15.658266",1,6296b66b-991a-43b7-83ec-768548a6a166,1feaef99-403e-45e8-96c7-5527b03e4140
af71ddd0-9be4-40f9-9eec-587ce26fcdaa,"2024-03-11 08:37:18.358922","2024-03-11 08:37:18.358922",1,7a8efe53-df42-4518-b1f3-0bc651fd2fa1,f5b768cf-48d4-4119-9dbd-22bb7ebfdd28
b01d29c9-d8ca-4f38-9923-6cd9f2dedb94,"2024-07-05 08:32:51.588414","2024-07-05 08:32:51.588414",1,071deae8-a8bf-4901-b2ed-9fa3937b67db,e3ec64ed-1290-42ad-bf1c-5fb3130915b2
b0ce895d-2bb4-419e-9c3c-f08dc56645ba,"2024-05-09 09:21:47.685411","2024-05-09 09:22:00.000000",2,8a86a270-3fb1-4c34-adc2-55eb33542d6a,45da569d-7fe0-4c75-9d39-cf3cbec695f3
b1f9b544-f0e3-42d6-a24d-8a16416fc5b6,"2024-03-11 08:37:13.321610","2024-03-11 08:37:13.321610",1,28f1bf84-6639-4217-b319-f409d227a102,c84c18e3-9d51-4729-96d9-dad2ace15f4c
b3128886-53e0-4e1f-a7c5-eaf0385e8439,"2024-03-11 08:37:15.069587","2024-03-11 08:37:15.069587",1,04652794-121d-4768-85aa-6854c82bda41,7a8ecd46-cab7-4c60-b37b-447792ad2b2b
b456ebe8-254d-4c62-821f-6e1d699d72a2,"2024-07-19 10:25:52.805442","2024-07-19 10:25:52.805442",1,418c108e-a366-4efc-95e1-d5af9c685b5f,4865da75-799a-4f83-b349-4f43877b7bb1
b56371f5-5935-4e74-9f98-a6568f0cadf6,"2024-03-11 08:37:15.818874","2024-03-11 08:37:15.818874",1,252e3858-abd3-46b3-bc13-43b003209015,5760d2ea-0fbd-4e36-94ba-746ff6c25a7a
b6e28b27-92c3-4b5b-b628-5fe96bbd2512,"2024-03-11 08:37:17.278138","2024-03-11 08:37:17.278138",1,897c8115-d5cd-4f26-b823-4bf7acc67dcf,ba9cffd0-04fd-44dd-80b9-4383326534e5
b721fb3a-ac6a-4804-b3a3-f2bd60c66c96,"2024-07-26 09:25:53.062195","2024-07-26 09:42:55.000000",2,7d2d5520-7e20-45db-b115-9ad8cddafd8a,6e9e3aca-b5a6-48d8-a639-9ffc92fe8a24
b7927c2e-1401-4eb0-8d41-b3a377a79094,"2024-04-29 10:25:33.852789","2024-04-29 10:25:33.852789",1,3d7f4bd8-e89e-420a-9fc3-178b25eb16d7,bd47d0ce-78ee-4ecc-a72e-8b9364945652
ba440443-12f2-43bc-94fc-2e6f0ce813ad,"2024-03-11 08:37:16.880050","2024-03-11 08:37:16.880050",1,7cc065bf-bbb0-4955-8482-9419921f5458,94efb387-9cf4-4412-ad19-e922ee337962
ba75c715-5b8b-49cc-b701-f46de5fad02f,"2024-05-08 07:59:30.873606","2024-05-08 07:59:44.000000",2,8560aec8-2dbe-404f-8ec4-f466210d122d,10d2b3df-331b-4b75-bea8-ee4949a79ae0
ba8dd633-4f74-4d5f-b5dd-2c16352caace,"2024-03-11 08:37:19.430436","2024-03-11 08:37:19.430436",1,7e127092-385b-4e7a-90b6-6123b74413d5,87c5bf5b-1672-4c6b-ab70-49b0d13de0b5
bb331fc1-374f-481c-9ccb-748cbf94b957,"2024-04-08 10:32:30.381011","2024-04-08 10:32:30.381011",1,5bae8d19-343e-475a-b620-70679c7dc182,38946f62-4205-4b27-a9e8-6a213049f16d
bc9e8b46-3ea0-42d1-b779-b99175ea357d,"2024-07-01 07:27:02.114805","2024-07-01 07:27:02.114805",1,6b55265f-3643-4e2f-be1f-7cbaf8ec620c,df556369-df88-477a-a91b-e3dde14b14a4
bcd6e2e4-613c-47fb-9a19-c501d2b2ed16,"2024-03-11 08:37:14.927266","2024-03-11 08:37:14.927266",1,2628847d-3b18-452b-b6a9-6460c80d4663,50dc2f78-31ca-47bc-823b-ccbb8aa3e8d3
bd1721ba-469f-4b9d-bfcd-133af2268576,"2024-03-11 08:37:17.367527","2024-03-11 08:37:17.367527",1,c0770a4a-bd74-4a70-bc43-063f728bf3ee,2c5cf40a-181c-446f-94e0-f0eac8d537d4
bebab829-25eb-44d0-a7f3-5d1cf81ee4c0,"2024-07-05 14:09:53.379706","2024-07-05 14:09:53.379706",1,8a3010f5-a471-43e5-b894-723e81418ee0,83d4398a-9387-4ad2-8edf-079b82a13b50
bf5c91d1-06ac-4a22-87ff-de98f7d46638,"2024-07-05 14:04:47.141180","2024-07-05 14:04:47.141180",1,689216de-1949-4c94-8176-5b52cc682dc8,0ad04080-d00d-44b2-b655-1dd5350fcf18
bf684fe1-5e10-4c14-bb37-7d27b692d04a,"2024-07-05 14:10:24.462415","2024-07-05 14:10:24.462415",1,b21bfa97-9b89-4cd1-9abf-b80ce211cde1,2f73b243-5b84-49d9-8ae2-42e6c4fb9a24
c04f3bbf-f584-4745-a758-9efd50bdb7f1,"2024-03-11 08:37:13.466832","2024-03-11 08:37:13.466832",1,5b29b813-4ef1-4c7c-9c50-e3f74a963df1,8783300c-bced-42a5-bd9a-d39ca6c6b0e8
c0a310e8-ecf8-4d7e-a30f-a92d4e19dcda,"2024-06-03 11:36:03.859271","2024-06-03 11:36:13.000000",2,c6e0aa17-ee16-4f0b-8eec-39ed459d42aa,b0772e30-e0e4-4478-8bfa-81e0d9eaeed8
c1c84adc-8a39-45b8-8209-0788446e7e3a,"2024-03-11 08:37:17.686994","2024-03-11 08:37:17.686994",1,52a8797c-6ae6-4cda-8c1c-d8d103f4826e,dbbadb14-8a6e-44e2-a624-4d374c12f657
c20802b0-abea-4be0-b106-c7f87cb5c926,"2024-06-06 07:50:24.534075","2024-06-06 07:51:04.000000",3,078a6b40-1cb9-40f6-a435-6e50b5a246ba,f33a432c-1364-4cf4-b7ad-6c1b07b479ce
c32371dc-00c0-4e05-893a-c4c7fcafb660,"2024-07-19 12:27:25.040231","2024-07-19 12:27:25.040231",1,06f9b06b-13e4-45c5-b6a9-a82ffa4a20c1,c40cf4ab-a2e3-4877-80ce-3b9ee6514646
c4354804-5be8-4b20-9e8a-99d5aa85b0b9,"2024-05-30 10:49:00.520481","2024-05-30 10:49:09.000000",2,662a3fc1-cc6c-4f81-a8a5-498bbe2fee28,3695ca12-74ec-4ed3-85d7-3425fac066b7
c4853cb3-bd71-4624-8af8-5d58a9a44fcc,"2024-06-05 09:37:04.798349","2024-06-05 09:37:17.000000",2,0761972a-3845-4fa9-9a9a-278202148a2f,66adfb5d-c2f3-4cb0-9c4f-231514c5b913
c52dacf6-8d62-4a61-948d-05a20127e96e,"2024-03-11 08:37:15.154759","2024-03-11 08:37:15.154759",1,1fa42471-e2cc-4262-ad14-161331f07dca,1f7b6579-3441-4377-99b7-06c6e42ed0c3
c659ab62-d965-4a54-be70-e0339064234c,"2024-03-11 08:37:19.100236","2024-03-11 08:37:19.100236",1,94c2e5f4-835e-4cb6-abbe-642878486562,da975086-5b56-4838-8e00-585e0a213443
c723fb9b-d1ae-4ece-9e14-67bbbdaee396,"2024-03-11 08:37:14.091195","2024-03-11 08:37:14.091195",1,053e16a1-905b-4d44-88e4-56d86d2b3064,d4929149-8c9c-481e-ae1d-7f219c64a4cc
c854c7c5-de99-4e21-8f66-613db279908c,"2024-07-05 08:31:47.273966","2024-07-05 08:31:47.273966",1,ce8b3cee-9d44-496a-ae57-f7776cb72b5f,0df537c3-3475-4c85-aeb2-8d6bb3799ea9
cb2e3476-f3ad-4c4c-80b2-50cbf9f66d88,"2024-08-14 06:47:09.781027","2024-08-14 06:47:09.781027",1,d29a1ede-1b9c-4d9b-960f-5a8b70cb4f8c,dcd451ee-7117-4894-9feb-c5899eb60d70
cfa66fb6-9080-4637-a6c5-2fac2d7cf65a,"2024-03-11 08:37:14.849995","2024-03-11 08:37:14.849995",1,1acb956e-3330-48ee-aa3e-889838afc4c9,7e2636a9-9c02-432a-8401-5b531555752a
cfab69f4-955f-417c-952c-9c2c1132b86c,"2024-09-10 10:04:01.775231","2024-09-10 10:04:01.775231",1,b1a7fa19-87d2-4c36-b2ea-365a3061a4aa,f8e3ce77-727b-4647-9795-183151092b74
d1275eab-2edc-470c-a9d4-4f0505b566b6,"2024-07-01 07:47:25.822628","2024-07-01 07:47:25.822628",1,ae01f4f3-06db-48cb-ad50-47aac72bfa9b,cdc2c274-bf62-4cea-8480-6f4b03e5f430
d27d5096-8649-44c0-aa7f-c0d240b41a0e,"2024-07-26 12:01:21.906787","2024-07-26 12:01:21.906787",1,38d04e2e-88fc-47d0-88ee-5c1c3d4e7091,7a4ac389-cd88-48c1-bbee-74afaab2e1be
d334b1d4-fc60-49eb-bfb0-1f982a33fd6a,"2024-03-11 08:37:18.577945","2024-03-11 08:37:18.577945",1,af323afa-11e6-45e2-b3cf-0d98cb27ef73,6bf5f780-ef18-4d66-b24e-9ad3b279c1a1
d4361c67-f738-4eff-84ba-cefc991b83c7,"2024-06-05 08:53:02.710769","2024-06-05 08:53:12.000000",2,2733f564-022e-4144-a16d-0d424404f540,562f3b65-75fb-4571-a5b6-dcad398421dc
d4365157-df5a-4401-8796-f494ea84b23f,"2024-03-11 08:37:15.002101","2024-03-11 08:37:15.002101",1,1d453bb5-2233-4553-a7f6-954abe335281,c062412a-5d1c-40fb-9a08-647713e5cbb6
d5e27eae-e194-408f-a934-8bde580fc885,"2024-03-11 08:37:16.193819","2024-03-11 08:37:16.193819",1,076dd2ca-2ad7-4cd8-b1db-e577a7be446c,292c5a80-65a3-4ff8-b2d8-e892703fd6ca
d6e9b48a-77ed-4036-aa38-a3ac099ab9ab,"2024-03-11 08:37:13.396090","2024-03-11 08:37:13.396090",1,3f3b45be-86cf-45ea-8aaa-13718c2a8e28,07b9bf64-baa8-402e-9588-df5be9f45959
d95de66c-614c-4273-80c6-0c2ceebaf0f3,"2024-03-11 08:37:17.841585","2024-03-11 08:37:17.841585",1,41e89e9d-94df-43b2-a0d5-449df57981d8,635e6321-170a-4629-b7f0-792027363626
da741911-b6dc-4aca-9869-a226120c8df5,"2024-07-05 15:02:17.740834","2024-07-05 15:02:17.740834",1,b67c2689-3f50-4b0e-b09e-955209a188d0,e44ac9e3-5bb5-4d03-9072-4a6b7e96be62
da9af18a-d0e5-4066-90b1-761dbd7cb0d3,"2024-05-16 07:19:17.330611","2024-05-17 06:39:25.000000",3,82a1886e-e9a6-47f8-aa5c-6e5dc018b395,36560ef7-9897-4418-9fe5-6e7b4996d727
db224465-8d87-486b-96a5-51a87c495910,"2024-04-08 11:52:53.123380","2024-04-08 11:52:53.123380",1,c1555411-713b-4790-bc91-98fc19df4d3a,82c953e4-efcd-4247-89ab-2396d4808a11
dbdc8033-8d09-4620-8db8-72a54539d6b6,"2024-06-06 07:50:19.710427","2024-06-06 07:50:31.000000",2,56eeeddd-88bf-47ca-9132-dbc538481bff,8c1ee8a9-0958-4bfb-96b5-c81fe5c0955b
deef5f3c-2763-442c-a94c-270688d33283,"2024-04-30 18:58:40.861653","2024-05-09 14:27:51.000000",3,0c978b28-0bf1-4bea-87e4-2254259437ac,3a4a853e-0c29-4338-acd1-41a65d3fb393
e066207f-5b56-4134-a5dd-0d9f2ea09375,"2024-03-11 08:37:15.293594","2024-03-11 08:37:15.293594",1,66c32117-5d48-4ac5-a865-81fb3ef48fe0,08ecbb96-068e-4bf5-8b00-8677bfb292c0
e0fd148d-0139-4214-8545-db7a30936538,"2024-08-20 08:34:18.222702","2024-08-20 08:34:18.222702",1,fc60c8db-bfb2-4705-8f41-ee419c8603ce,131f9b49-2e19-4a6c-ab4e-c01009125721
e138c8f5-f6ec-4d94-8c5c-a5f999d2fc3a,"2024-08-14 06:39:24.635205","2024-08-14 06:39:24.635205",1,7edfc55c-85dc-4b17-a610-2b0f58183682,b8be3e6f-35ce-49b1-884d-651276c408f9
e22e0f20-e69d-4b5f-aa52-9fc39928c137,"2024-06-05 09:43:27.067261","2024-06-05 09:43:36.000000",2,5c4b5b8a-a984-400e-b7d3-f9fce5b8bbd1,aaf03533-a71a-4e4c-9cfb-99712fff8ff2
e24e241d-f82c-49f6-af1e-8afea1e2f030,"2024-03-11 08:37:13.627511","2024-03-11 08:37:13.627511",1,25253fc3-800c-40f9-a11d-0086ee36d853,771a5cb6-9a63-422b-a155-d675a1f92824
e41f2d8a-3bd6-4f66-a734-07898ebdd94c,"2024-03-11 08:37:19.578552","2024-03-11 08:37:19.578552",1,070c33a9-f37d-4d86-955a-6ce1873fff88,728d6fd1-b6d2-4792-b605-6e2c06260357
e4ea5f51-87d5-4aef-8a66-4d7a9626c262,"2024-07-11 15:44:54.131564","2024-07-11 15:44:54.131564",1,1d0a1221-ad12-49f8-a0e4-f841def813d4,d0e4281a-50a6-49bf-89c5-d84b79cb7d6e
e5871bce-ff5d-4128-846c-0ba59f325eb6,"2024-06-25 13:57:42.432372","2024-06-25 13:57:52.000000",2,1d7ebc1b-2795-40e3-9bf7-d1236b20f3f7,ddac2d97-0e6b-4b6d-ab67-eedcb5dc3ef7
e7090d68-f7f5-4fa6-a49e-eb524e03af2c,"2024-03-11 08:37:13.934436","2024-03-11 08:37:13.934436",1,ab2abbfe-fdf6-4858-8258-04c0111b58be,16ba82c3-4fb0-4d33-a551-720a70ad5daa
e70bf208-7851-4fa7-8071-e0aacb3f5e88,"2024-06-04 06:46:05.704726","2024-06-04 06:46:16.000000",2,62ed4b00-13e5-419c-8d21-c58209752163,3c8c74f1-8a63-42ee-b60c-ee4a6d30c62f
e83ab136-df9b-4fbd-9f42-1da114fe8a94,"2024-06-03 14:56:58.756617","2024-06-03 14:57:08.000000",2,1c5e0ac8-5576-4834-b345-babd91ca2c8f,aebc2858-72f2-4b6c-a98d-e0eda40311cd
ebf3f210-248e-4e19-bfa1-2481e63fce94,"2024-08-19 07:26:06.566546","2024-08-19 07:26:06.566546",1,2044dbe7-e4e4-424e-8dfe-1cababfa5abb,0c453bbb-25e2-41cc-8eb9-6fbae3b1b42a
edccea59-e228-4477-b2a4-a65582f88f0e,"2024-03-12 15:52:42.233641","2024-03-12 15:52:42.233641",1,e832c0f4-4a81-42d3-bfe8-3f3787dd3bac,8ed451d8-a32f-4607-b7cc-eb86ef0bba8a
ee22bd4c-15b5-4dd0-8f7b-83d1bfeff897,"2024-07-11 15:15:08.601491","2024-07-11 15:15:08.601491",1,6a83892a-05ae-47bb-a391-121daff65c0f,db19fcac-2002-4670-b5ba-107a0461bbb9
ef2a3cda-f0cc-4da6-9dba-115257368965,"2024-06-03 13:32:35.532576","2024-06-03 13:32:45.000000",2,58838bb7-6503-4e15-80ac-179848168d2d,dd8ba7a0-eb0c-4305-9bf4-5b330942ab22
f27d2d00-396e-4661-9125-529269bdb7f4,"2024-08-14 08:13:23.821195","2024-08-14 08:13:23.821195",1,f3062a91-e6f5-4ea2-87df-c4dcba9f7ec6,8d657a79-a64c-4f2b-a008-6ee9eda19cbb
f3057ce7-0320-4f14-b858-5d9ac03f8804,"2024-03-11 08:37:16.269049","2024-03-11 08:37:16.269049",1,22e8e0db-1ea1-45c9-b961-c0435cd1be5a,ad5ead9e-5e48-402c-aa4e-beb5e2f8ba32
f7975ac6-e5c8-4209-a9be-d4e628509aa4,"2024-03-11 08:37:19.256879","2024-03-11 08:37:19.256879",1,2b1aab1c-0367-49d5-b434-8eaca61071e1,a78d101d-48f7-4325-81cd-e4eaea9bb8f9
f7a3449c-2dac-4d68-b5a9-e5570b8d42bf,"2024-03-11 08:37:18.504901","2024-03-11 08:37:18.504901",1,75fd9151-b481-4b21-afb0-d9096e46fde4,6625a444-827a-4d97-92ba-5ccf348bd65b
f8818f44-7fff-47d1-89af-003f1e48117c,"2024-08-29 08:21:46.152175","2024-08-29 08:22:33.000000",2,100b1ca5-f505-4255-8890-36ff4b188389,2f78e9c0-a7c3-4c5d-8f3c-2a5465d46a45
fa49a129-b6c8-491e-b973-12a359a138bf,"2024-08-29 07:16:16.305375","2024-08-29 07:16:16.305375",1,9b6aaecd-66c1-4f22-9cdf-28b30069110d,ccd056c7-69bf-454e-a3bc-f5c5d4cb90f8
fb24b2d4-c15b-42d7-9a62-a42908bf9017,"2024-08-12 09:43:11.908774","2024-08-12 09:43:11.908774",1,e9923a8e-610d-42cc-917e-193e19c49716,0888012a-dde5-4ceb-a509-07083a1f982a
fd61af1c-9b39-4ec7-9378-b6177514d4f3,"2024-03-11 08:37:16.348355","2024-03-11 08:37:16.348355",1,30641601-7e1a-4f30-98b5-c651ed7f33ef,dd0a701b-0d5c-403b-9a20-46ad3d5f38c7
ffc51055-cc3f-4ee1-b980-b499f210e87e,"2024-03-11 08:37:13.088866","2024-03-11 08:37:13.088866",1,2eca6180-5d29-43d3-ab87-4bbfd22a32e3,8272faf3-2bce-401a-842e-52a72a1c3ae2
fff686fb-1e95-4268-8e64-3e15408807a3,"2024-03-11 08:37:13.164323","2024-03-11 08:37:13.164323",1,2a6652f6-6815-4458-ae1f-c19cdca01bbf,1306da93-d10f-4f79-adf3-89cc27b88e06
