id,createdDate,updatedDate,version,authorizationId
00d57af0-468c-462f-a2fb-6957465d7020,"2023-01-12 13:07:03.985561","2023-01-12 13:07:03.985561",1,43fe8b79-217f-4a77-a134-2f8af141b420
01876914-8685-48f7-bde0-51b625fc80b5,"2022-11-07 08:47:20.686763","2022-11-14 09:38:53.020384",1,1b50ad67-3ed1-4f14-b5c0-01ac4c40881d
02258608-f93c-4c4d-8a0a-283cbc1c7900,"2023-04-06 14:56:20.529473","2023-04-06 14:56:20.529473",1,0017ebb1-0e5f-4f0a-bf07-aab924d03d50
042c6131-bbe5-4360-81e3-7f677586dbbf,"2024-07-26 09:25:50.446487","2024-07-26 09:25:50.446487",1,3ac0171c-cf0e-4d98-a653-de8bced44efa
04ca7a50-d890-4519-a528-57632a2d5378,"2024-07-11 15:44:52.227622","2024-07-11 15:44:52.227622",1,fb154f62-598a-4f1b-9dff-0dd6c534ebe6
04cafea7-5666-40b5-8014-933b31511419,"2024-04-08 09:19:53.145115","2024-04-08 09:19:53.145115",1,5db7109e-ef56-41ee-b021-49bc9be265a1
04df4dee-026f-46b7-85cb-208ad4ca971a,"2023-08-22 09:49:26.132212","2023-08-22 09:49:26.132212",1,d89f7fb8-1902-4c71-8714-8ffb71a6d5ce
056ad6cc-90d1-4b3e-89f3-90a0ef3593bd,"2024-07-19 10:24:55.488604","2024-07-19 10:24:55.488604",1,46a86fb6-c4d8-49ab-a450-181323639823
05f222e6-be7a-43e0-8f95-7d23110fff48,"2022-09-15 10:51:13.158592","2022-11-14 09:38:53.384830",1,7d33afd1-8991-42df-9f72-e01eceb1ac5f
06ca1bb7-79d6-4dd8-8cc7-afc4a0406c7b,"2023-02-02 12:08:58.974610","2023-02-02 12:08:58.974610",1,bcf46c74-ff7a-4042-a354-1042d98195c5
07880701-7940-43d0-bfe8-2f6ac4e84054,"2024-06-03 09:07:30.504189","2024-06-03 09:07:30.504189",1,cf7f6b4b-1e13-44a4-a70c-8025733c3b8a
078bd0ff-d832-4525-9419-8c1986cb5912,"2024-02-01 12:19:15.120470","2024-02-01 12:19:15.120470",1,eb3f5486-f444-4660-9e4b-4616b18589f7
08def625-257c-4162-b46f-b434f3626c23,"2024-08-19 07:26:05.172238","2024-08-19 07:26:05.172238",1,c09e16b7-5cea-4a7d-be13-cde1fccb26bc
096a5943-346d-4bba-a9c7-ccff497c2ef3,"2024-08-27 14:41:23.835215","2024-08-27 14:41:23.835215",1,b1d4b047-d1a8-4050-881d-328d55b18bf8
0a475f39-7f42-42fc-8d7d-0bdce97649a1,"2024-04-08 10:26:53.597854","2024-04-08 10:26:53.597854",1,76507e20-bb90-4a54-976d-f82acb1fb81d
0bde3e14-ef85-4e28-9c87-789499f465eb,"2024-08-29 08:41:38.169993","2024-08-29 08:41:38.169993",1,7ad7290f-78f7-4646-afd5-f362e4ec3025
0c549a1e-7fbc-4a7f-95f5-7fd8e4262cce,"2023-01-12 17:49:12.264585","2023-01-12 17:49:12.264585",1,b0961ecd-68e2-4c42-b9cd-5c236cb17f5f
0c9dd56d-f49c-4c9e-8e70-2918e896c396,"2024-08-14 06:38:50.924593","2024-08-14 06:38:50.924593",1,6609d3e4-03a2-4c30-9507-3924b1b9a376
0caba53b-e18d-45ea-b53a-a905d521f176,"2023-01-26 14:28:56.486986","2023-01-26 14:28:56.486986",1,9817aee3-f5d1-4606-9a72-bf6032762c2e
0d5a7acf-064c-40e2-b02d-3c6ed9486660,"2024-04-10 11:14:00.604973","2024-04-10 11:14:00.604973",1,d91026c7-d329-4097-ae35-d4fd30ef8a0f
0f1bfb1e-506f-4f66-95b4-76d363f020a2,"2024-07-05 08:31:59.495745","2024-07-05 08:31:59.495745",1,4c0cc071-b7f6-4a40-ade3-0146c8e50ab5
0f814793-aa76-447e-b143-f5693d764918,"2023-12-05 12:09:31.047582","2023-12-05 12:09:31.047582",1,19c19f6b-570d-45d9-9bab-7bc4f87b2698
0fd99e9e-5b4a-4173-b107-0c82565a8a6c,"2024-07-01 07:27:00.531953","2024-07-01 07:27:00.531953",1,9f7726d9-844c-400e-822d-798f4b3709ff
11d3ca41-375f-4be2-a4f4-ca268c48ed19,"2023-03-21 13:14:04.645947","2023-03-21 13:14:04.645947",1,9609d124-41fa-46f0-b84f-d0bf2c7acfa7
11effac0-d116-4349-8306-a0fc8463e4ba,"2024-06-05 09:37:04.530262","2024-06-05 09:37:04.530262",1,09f96f5e-b50a-422e-aa2f-fb36fa46d8e3
12b6e1b7-a204-425c-ad6b-dab96b0b91df,"2024-09-10 10:04:00.584340","2024-09-10 10:04:00.584340",1,46f06f80-0742-4f04-b6be-6f495da8ca67
13a4c8fb-2993-4a7f-8b7a-2add12ea9d19,"2024-06-06 07:50:19.532314","2024-06-06 07:50:19.532314",1,ea0a00d0-f9df-4552-89ba-39a9d67359b4
13a6a31f-5497-489d-98e7-a10d03b9da60,"2024-06-19 10:32:15.744954","2024-06-19 10:32:15.744954",1,ea75b83c-2770-4c6e-9912-8f4e1a212960
14f72fd8-8af1-465c-865b-ef10d242d05d,"2024-07-01 09:21:47.222389","2024-07-01 09:21:47.222389",1,faa43a98-5c1e-4fff-9b11-6aed73a74c82
16f4580c-5ff9-46a6-b15a-7620a39768a1,"2023-08-04 09:34:45.466334","2023-08-04 09:34:45.466334",1,803c4dd7-d8eb-4f99-af19-ecb42c6600b4
1719e532-9fbf-45fd-862f-19dd3d4d42b1,"2024-08-14 08:48:36.743453","2024-08-14 08:48:36.743453",1,6b137d8c-d301-4b3f-a05f-49b8fc226978
1720b881-7435-4a26-bfca-5016df224e61,"2024-06-05 09:36:59.195089","2024-06-05 09:36:59.195089",1,06a38886-1338-4edf-91b8-a5f7027abf51
17f6d917-a610-456f-9e42-e5bf62366bce,"2024-05-16 07:19:17.118172","2024-05-16 07:19:17.118172",1,3bb39f82-4c48-4462-be6d-223c3f5a3069
1948e528-b3d1-458e-b436-c77ddf9a75e4,"2024-06-19 10:54:31.749072","2024-06-19 10:54:31.749072",1,2816825f-9e7a-4821-8ae2-a1c3278553fc
1aef6452-89d0-4882-83a0-9aa706b38295,"2024-06-03 13:32:35.326919","2024-06-03 13:32:35.326919",1,2d1c95a5-dc3f-4d48-a9f2-4be1ac938994
1b8d2e8c-7e28-4bf9-bd74-27da81f44a23,"2022-09-26 06:55:30.274885","2022-11-14 09:38:53.123145",1,2d01e5cb-f87f-4860-a8c1-846b7f083f0b
1b919a1c-b8ab-4ab4-95c9-22487731bae6,"2023-09-20 09:31:53.875713","2023-09-20 09:31:53.875713",1,63e1652b-9053-4f8b-b0f5-202ecb31ae76
1c62f675-e515-4252-9d68-949294b28232,"2023-07-27 15:25:04.191833","2023-07-27 15:25:04.191833",1,0af43239-d32c-498f-b481-b2240df2eea7
1cdd2675-d7c4-4a51-a707-56216d9648a6,"2023-06-15 08:35:23.951459","2023-06-15 08:35:23.951459",1,04e3e309-00f6-46c8-85d3-d30dc1acaae9
1ce67e86-2521-49e8-8565-04f96558a615,"2022-10-27 09:35:12.170611","2022-11-14 09:38:53.229221",1,43b92f8c-6cc7-4dff-80a5-45e832413f39
1d6686a2-c0df-4b0b-90ff-0ec0913fb54d,"2024-07-08 10:35:50.000220","2024-07-08 10:35:50.000220",1,39401ff9-4d45-4462-bc43-a2fedc5be4df
1d791b78-99a6-4676-8821-49c9eaa827ab,"2023-12-18 10:29:25.311361","2023-12-18 10:29:25.311361",1,77145c10-61b1-4bf6-8bdb-cd0269c43112
1daed354-94b3-4a08-8890-21a527a577ee,"2024-07-01 07:34:51.852351","2024-07-01 07:34:51.852351",1,c350ddf2-daca-4002-8a6b-15281edfdd1a
1e9f8a49-daa4-4634-b664-24735c5e7f91,"2023-07-19 11:26:36.717071","2023-07-19 11:26:36.717071",1,bfe52a65-18d5-486c-8316-6cde0b3abc97
1ea0bd8b-bbbf-4d94-970a-952c0901166f,"2023-05-10 07:55:59.815824","2023-05-10 07:55:59.815824",1,c559181c-021b-4007-83d1-9f5f62a96541
1ffe3a9c-f5fc-4546-ac36-dfadb5d9991e,"2024-07-19 12:27:22.316575","2024-07-19 12:27:22.316575",1,ce9ec78a-0cf9-41e9-a229-9f9333b63fcd
205ec68c-decc-4dc2-9bbc-9443273bdc84,"2024-02-12 09:18:39.201242","2024-02-12 09:18:39.201242",1,6f4dc8e1-c24d-4d22-899d-1cf9d2f170f1
207591dc-5e41-402e-acc8-0f1dce832524,"2024-05-20 10:39:58.089333","2024-05-20 10:39:58.089333",1,8aebd95c-6321-476d-8d52-164c342278d2
20b6aab8-2338-4fd3-9459-85830670a412,"2024-05-09 09:21:47.498890","2024-05-09 09:21:47.498890",1,bedacec0-96ac-43d2-b032-6303fee5b530
21359534-9bbc-4b6d-8457-f4921471a43c,"2023-08-31 08:05:04.900934","2023-08-31 08:05:04.900934",1,acc42abf-025a-4354-9453-41228c34a714
21f9ecc1-59b0-4c93-bfae-8c00d99264f8,"2024-08-29 08:21:44.557500","2024-08-29 08:21:44.557500",1,8880248e-3675-4378-b9d0-48c413e7fb7d
2334cb70-ef65-4617-8e08-fdfd39b25b51,"2024-03-06 13:00:04.713012","2024-03-06 13:00:04.713012",1,a62062ef-95f7-4c29-a720-66728519c50c
276fe82e-53db-4958-99e9-d65f62c2510c,"2024-07-05 08:31:27.008670","2024-07-05 08:31:27.008670",1,13ab6a31-2e6e-4bcc-9f66-11eb5db8a346
27ec1f18-47f3-422e-bb4d-a2af1bda1830,"2024-03-12 15:56:02.629466","2024-03-12 15:56:02.629466",1,38d6a172-e381-47b9-8c09-c7e609b7dc80
283151cd-4aa3-46ce-80da-425b56d8f406,"2024-06-04 06:46:05.512207","2024-06-04 06:46:05.512207",1,adffdb83-29c9-4278-9847-3e784d68b2a3
29381284-a388-462a-a82b-1cee26f696b7,"2024-08-29 08:36:01.661533","2024-08-29 08:36:01.661533",1,00d492dc-7010-4e54-8365-34707c7ac816
2a3d4249-b760-4140-a9b2-a5864caeac12,"2024-07-01 07:47:10.337529","2024-07-01 07:47:10.337529",1,98d0ab3c-f789-4e50-8738-685b4539f6a4
2ac795fd-3254-4a9d-ae4a-0a66bf62a918,"2024-07-01 12:32:56.248607","2024-07-01 12:32:56.248607",1,b30ffd5f-0993-40c9-9f66-ac815b337bef
2b502a01-56f3-46a0-afef-90d43244f3b3,"2024-07-11 15:06:40.183355","2024-07-11 15:06:40.183355",1,050a4cec-55c1-437c-8958-42443654a072
2be04d76-7a19-4d11-a3b6-ab7673d293e1,"2023-11-09 17:04:49.517481","2023-11-09 17:04:49.517481",1,1fda395b-ab11-4063-b5e3-325c7b4569f6
2bf2d717-267a-48d6-a74c-7c8066afec71,"2024-06-18 13:24:17.067550","2024-06-18 13:24:17.067550",1,949d1d74-4c4f-4382-8d48-09a8d3e08d5d
2cfa7111-2887-4222-8684-4374e28a8cff,"2024-06-25 08:08:01.648140","2024-06-25 08:08:01.648140",1,e6ef0f78-d2c0-49f8-aeaa-daadc008d7a2
319e7b47-e4cd-47ae-9358-600b78acb6d4,"2024-06-28 11:27:00.035039","2024-06-28 11:27:00.035039",1,8e266445-9ea2-4180-95c7-b420e517e95a
323b473c-dd55-4876-b56d-aed455c0551b,"2023-09-28 17:45:58.216952","2023-09-28 17:45:58.216952",1,7efb897f-dfa5-443d-a6d4-5e4aa8a66ee9
335bce6c-8fb4-49da-a95c-265759ba324b,"2022-10-05 12:35:25.969263","2022-11-14 09:38:53.597598",1,edc6bb35-4339-42ae-bc22-a3ec138eba18
3381de1a-9555-4366-ab7a-0da6c34c876f,"2024-08-28 11:33:00.758108","2024-08-28 11:33:00.758108",1,d5e3cd37-e1a8-44b8-9048-d8ed51af6365
33f77fde-be48-4a25-9268-11bfcc5c7755,"2024-06-25 17:47:49.676478","2024-06-25 17:47:49.676478",1,45f0de6e-38b6-4bae-bff2-47bc8eb9e4fe
36cf08c9-437d-47ff-ba16-bb3546f1b0ad,"2023-04-27 10:48:16.584732","2023-04-27 10:48:16.584732",1,3d315ded-3609-4991-a712-b2dce898ec8a
36fe9ac7-a0a8-4af1-973d-d1753173c1fa,"2022-11-14 13:24:33.470031","2022-11-14 13:24:33.470031",1,7140a548-3594-4e45-918f-0e0136a6af25
3725e701-525c-4cf0-b5b8-2e4f94bbef43,"2023-08-25 08:15:54.880416","2023-08-25 08:15:54.880416",1,ca15fba2-c3d0-4fb3-8143-3083a3e96555
374b8969-dab2-41ee-90e2-e36a87019a18,"2024-07-26 12:01:19.158121","2024-07-26 12:01:19.158121",1,64961123-0d5e-426c-9167-21ef7ffca46c
39c24b3e-ab2e-4e56-b7c4-1605f338b485,"2023-08-03 12:31:03.089970","2023-08-03 12:31:03.089970",1,bccd8d5c-09ae-4845-9dde-ecce4b155dc7
3a5b0225-eb76-49c8-b26a-f5ccc0bf82bb,"2022-10-11 12:19:27.242098","2022-11-14 09:38:53.438187",1,a9b39942-4c03-4575-8a75-0bffbd80bd31
3b80e9dc-fe60-4cb3-87f9-61292562ec98,"2023-11-22 09:22:53.720515","2023-11-22 09:22:53.720515",1,3451259e-975d-43f2-b0d6-a77472c98bfb
3da0114a-7685-4cae-9a2e-1bee079aa694,"2023-01-26 13:55:19.254035","2023-01-26 13:55:19.254035",1,e0b97409-566d-4db6-961f-5e0447efb32e
3f2c7489-ba71-44e3-9bd7-b4c0b231be6c,"2024-04-08 11:52:51.258883","2024-04-08 11:52:51.258883",1,3d04a497-1931-4c43-96eb-9108e8177000
40f0e31a-2c68-48ef-9340-abb6f0f54993,"2024-01-24 07:04:13.847368","2024-01-24 07:04:13.847368",1,023bb140-b62b-42f3-8e2a-5a2665b02b81
413c5ceb-a501-4323-9328-9831b14ce63f,"2024-08-21 08:53:51.323393","2024-08-21 08:53:51.323393",1,082c1349-fdc8-44d0-9ed5-bb0884e36ac4
44390f73-96a0-4d99-8599-65406d1bb8b0,"2024-06-10 13:12:32.361501","2024-06-10 13:12:32.361501",1,0868a843-a3af-4f9d-9690-558c54c47cc7
4708698f-0e91-4600-8693-163a7e03b834,"2024-08-14 06:47:08.668399","2024-08-14 06:47:08.668399",1,cba5fefe-d82e-4b92-af74-a550bdee1c73
470ce477-4d2d-44d7-9733-1aaf29a93887,"2024-07-30 13:33:17.179906","2024-07-30 13:33:17.179906",1,39c3b0f7-d2bb-407d-8bdc-b71a714ae1a0
4844fe79-7a6e-45e7-9d12-257e9b511218,"2023-08-16 12:03:45.320362","2023-08-16 12:03:45.320362",1,d030071d-946e-46c7-a2e8-6b9ed7d2ebe5
48e4a8ce-1e99-4239-b837-ac2fc6070c7f,"2023-11-09 15:57:37.783064","2023-11-09 15:57:37.783064",1,f60a0e9b-9beb-48c7-ab9e-8d2147ca8620
49a7a54a-5ab8-466e-9c31-1493939735eb,"2023-01-12 15:20:06.959296","2023-01-12 15:20:06.959296",1,4f5ebf14-0f59-45ac-810d-0f0d46a48a49
4a00ff27-e1be-4b4b-8037-cecc5c129c7b,"2024-08-12 13:07:18.491958","2024-08-12 13:07:18.491958",1,83fd8682-7c47-46f8-b49d-43bb92caf73f
4c7b553d-c963-4163-b168-99a313c178f4,"2024-02-09 14:05:53.779074","2024-02-09 14:05:53.779074",1,7652a9cc-8727-41d2-8623-b4ee24f9e9d8
4c904c14-edfb-41f0-b40e-83b12c85bff6,"2024-06-03 08:27:34.605639","2024-06-03 08:27:34.605639",1,c3a685ae-fec9-4b47-9634-be341c96dbde
4cc8c4fc-42e5-4467-b19a-a6144e10e504,"2024-05-29 12:36:14.360610","2024-05-29 12:36:14.360610",1,a379e8ce-81f2-492b-b015-994f320dc600
4d95615b-9f48-40f0-9c8f-502b93d206c8,"2023-07-24 08:26:47.164875","2023-07-24 08:26:47.164875",1,703293b5-7475-42ce-80bc-7d590134dfa4
4f02042a-6b15-44cd-b981-e22a474305be,"2024-08-14 08:13:22.701097","2024-08-14 08:13:22.701097",1,a162787c-1108-433b-a455-bb3166929d43
507b19e8-35fc-4470-b9ad-2d65c99bce0e,"2024-03-14 20:55:50.864895","2024-03-14 20:55:50.864895",1,3809821d-3697-4564-a227-9c0530784bb2
5165a075-7000-4a04-afd2-cdc01d278ccc,"2023-11-30 16:01:46.934166","2023-11-30 16:01:46.934166",1,5832bc97-954b-444b-bc8a-e1714f551c6d
51e36d56-602f-4786-bde2-3e83e2351ec9,"2023-04-06 14:45:58.131345","2023-04-06 14:45:58.131345",1,23abd3fb-a5d7-4b5a-a1fc-931106bc3316
5286c254-01e9-4660-9195-f2e505b53f56,"2024-07-01 09:25:32.721611","2024-07-01 09:25:32.721611",1,1583e66b-201c-4aa9-98a9-ff187bbdded1
52ddfc67-7be9-4187-8e17-113ee174856b,"2024-05-08 07:59:30.661721","2024-05-08 07:59:30.661721",1,77c64b15-35cd-4bf2-a4f6-854afdac7b28
53ba2a91-ad8d-4671-a229-67a695b30929,"2023-05-31 14:58:05.890174","2023-05-31 14:58:05.890174",1,a424ab76-6f5c-4b4f-b320-e256556437b1
53e6d061-4eb4-4763-a410-27ff35a8a88f,"2024-04-17 10:52:51.890645","2024-04-17 10:52:51.890645",1,c672e00c-7037-4bea-b4bf-4c60763c666a
544f0e98-40fb-4e55-8770-f834b9729333,"2024-05-28 13:17:33.273446","2024-05-28 13:17:33.273446",1,a6c29c35-1ba9-4fc3-aab5-34586f71d47c
5478ee9c-6ca5-4270-8593-e9f1c84db3f6,"2024-07-01 07:33:41.219945","2024-07-01 07:33:41.219945",1,32e72d83-334e-40e0-ac8d-84a44c9e72ce
54d0b99c-5836-4564-bb4a-7d8fc75e6e48,"2023-05-03 15:03:56.477206","2023-05-03 15:03:56.477206",1,b9a81882-df34-4a4e-ac2e-1efba2da3c54
552cc48d-793d-43e8-a21c-3ff93d0dc919,"2022-10-31 12:02:00.799295","2022-11-14 09:38:53.492082",1,bde633c2-b696-4b26-bfb9-a50a26a9be2e
5582ef82-64e5-4a27-9c44-400e77b82713,"2022-11-28 11:29:29.602213","2022-11-28 11:29:29.602213",1,73377674-2206-4092-84b6-b9925327d9c4
55d866b4-d217-4f9e-aeb2-3968c04951eb,"2022-11-25 13:19:52.062265","2022-11-25 13:19:52.062265",1,54a80288-386e-4d35-811a-7c4168c01ceb
560b9ca4-8838-4918-92d7-c786bee5cf74,"2024-08-12 07:27:01.947954","2024-08-12 07:27:01.947954",1,e11574ad-7b94-47e9-998c-091aa2efad59
564cfa52-c6fe-41ee-8d76-3ba11b51dce9,"2023-09-20 14:28:45.624298","2023-09-20 14:28:45.624298",1,8b4d5ca1-01ae-41a3-95f0-ec9de22bb7f1
57a7434e-7608-421c-b6ec-735944a42eb5,"2024-08-28 16:09:04.413002","2024-08-28 16:09:04.413002",1,f79e7552-87ac-40e1-b022-ae89e49f90dd
57f54133-2923-4982-94b3-ab6531834bfb,"2023-08-04 11:27:05.460734","2023-08-04 11:27:05.460734",1,4b1bbd18-f202-4e37-a763-ed0b481546a5
582d22ab-0be9-4628-a2a7-1899f9f15a42,"2023-08-31 08:04:19.379784","2023-08-31 08:04:19.379784",1,745473ac-c960-4c60-b245-8044755212fb
59228659-b40b-43e6-9984-b2a5e95ce26e,"2024-07-19 10:25:50.058812","2024-07-19 10:25:50.058812",1,85a1291b-dfd0-484d-8b2f-5dafc860bf01
5963712e-29a1-4f9c-8845-cb9d0494975c,"2024-04-08 10:16:24.007400","2024-04-08 10:16:24.007400",1,113e3558-aa13-4b9c-9e01-2a0ad469abcc
5a15e464-1a25-497b-aeb4-b22fe83655e6,"2022-11-25 14:23:52.741785","2022-11-25 14:23:52.741785",1,d9c2fe39-4882-4084-a5c3-1f751bcafdf2
5a68152e-8381-4e55-8a57-f9b25e4a65b0,"2022-11-25 13:29:17.783207","2022-11-25 13:29:17.783207",1,015abea1-bbb8-48c1-9948-823257a1b38d
5a7ffe53-3a02-4c9e-a00e-b906840e97e5,"2024-08-20 08:34:16.977796","2024-08-20 08:34:16.977796",1,344a52a5-0953-46a8-ae47-325398af191b
5bcedf25-cf41-439d-8bb6-de6b8fd49294,"2024-08-12 07:00:34.445855","2024-08-12 07:00:34.445855",1,8772dc59-0459-4010-a437-abfcb00d7b28
5d43c01b-218c-49bf-ba97-9a332046eff3,"2022-12-22 19:25:11.383959","2022-12-22 19:25:11.383959",1,ca9b2926-3cac-4c92-9fb5-492cfa69932e
5d4ac35c-f553-4638-b8be-e2197a8a5732,"2022-11-25 13:14:58.577590","2022-11-25 13:14:58.577590",1,f9563c76-81d6-4b2a-92c1-24c414422bf7
5def987f-5f3a-41e0-99d6-1a5379605023,"2024-01-30 14:54:08.112235","2024-01-30 14:54:08.112235",1,9c8b01c8-3894-4ed7-a353-14e0920b9c45
5f4a4f09-9394-410f-939f-9b22543daffd,"2023-06-27 12:16:00.397100","2023-06-27 12:16:00.397100",1,576376cb-78ba-4847-b401-330c102cab55
60f95b08-a8f1-4346-9357-7c8415e3115f,"2024-07-01 10:50:15.625239","2024-07-01 10:50:15.625239",1,ce7e8534-8c0a-4ae2-94e4-b95e815cc861
620bc7f2-aa0f-430b-8402-5919d2a2df1a,"2023-12-05 15:18:35.890305","2023-12-05 15:18:35.890305",1,f357a95d-3f8f-49b9-90a4-f40d6570f5eb
63df3923-0338-4c8d-980d-324c0525454d,"2024-07-05 08:32:49.790735","2024-07-05 08:32:49.790735",1,f0753028-4479-42e3-87bb-f823497d0a78
64b64929-d889-45a4-8a5e-2a8e207c5f3f,"2024-06-04 11:31:24.995164","2024-06-04 11:31:24.995164",1,5d7a8b96-fe88-4d4b-83e8-ea7ae85fb8f6
657de012-49a5-4380-a301-465bcb756c3c,"2024-07-11 15:15:06.719068","2024-07-11 15:15:06.719068",1,25e8e781-e6e7-4b38-a512-c54a09659d5f
6a26504a-f074-4c47-a10b-bbf1493169f7,"2024-06-03 14:56:58.549467","2024-06-03 14:56:58.549467",1,27b2e957-08b0-4410-9b13-efb82e115499
6adda286-e057-49f8-b879-1239d90408b4,"2024-08-14 06:39:23.527799","2024-08-14 06:39:23.527799",1,15748780-4612-40f7-a304-f7e6c211591b
6c6240bb-6907-4b20-a3f3-c5ca8baf244d,"2022-11-25 09:59:17.971569","2022-11-25 09:59:17.971569",1,41d15a46-2464-4f67-b78a-c7f887467b13
6d44c223-41b3-4ea1-b174-4b6a94f8712a,"2024-03-07 09:01:20.570319","2024-03-07 09:01:20.570319",1,47080c32-7a6a-43f7-ab70-67f9ba3ef372
6da6e309-12a2-44f0-b58e-afd8a6c598bb,"2023-03-01 14:27:38.863829","2023-03-01 14:27:38.863829",1,4449dc8c-b6c0-4cd7-8e91-b225e4c5d048
6da97bc9-1fce-4d82-8697-255ebad6e987,"2024-03-25 11:32:09.876112","2024-03-25 11:32:09.876112",1,02b05438-ae0b-49de-a681-d569f091b330
6fcad601-2e7b-4518-b49d-87efed03a866,"2023-08-23 08:52:11.554318","2023-08-23 08:52:11.554318",1,f6b695c4-6cc8-486c-86fa-b8c6705de6b0
7175f3c9-6c97-4711-83ad-776c3931bf5d,"2024-08-29 08:36:19.578037","2024-08-29 08:36:19.578037",1,da14bc07-6061-4c1e-97d2-78d34df37a7e
724a4599-469c-4387-9683-40d336ba58c4,"2023-09-01 08:51:41.887119","2023-09-01 08:51:41.887119",1,abbef694-46a5-4f6c-8b72-635f13a14824
739b4f6b-3f17-42cc-b0bf-323b9892b896,"2024-06-05 15:15:08.077498","2024-06-05 15:15:08.077498",1,96c1492e-30fc-474e-82e3-10265341dab7
74b4df53-5b9a-421f-bf5d-178d3bfb0bf3,"2024-07-01 09:21:23.616935","2024-07-01 09:21:23.616935",1,d8dc171c-e8d8-406b-9745-8f045a668aa6
758e9b57-1a1e-4785-9a9b-f769bb30b37c,"2024-06-03 11:28:10.233511","2024-06-03 11:28:10.233511",1,c660e29d-10e4-4550-8a60-15f4ab776219
7693e4ba-7474-4646-a2fb-c1ca88a55cf5,"2023-07-20 13:04:50.920645","2023-07-20 13:04:50.920645",1,b9759b51-ac24-4dbc-9972-039716ea24ad
770a2fe3-4b22-4192-802f-e67540c91521,"2024-04-08 10:32:28.449827","2024-04-08 10:32:28.449827",1,af064838-903e-4e72-8514-19df6f3a77a8
779b977e-7cd7-4d87-9599-5bbcdca48816,"2024-06-25 17:48:05.931664","2024-06-25 17:48:05.931664",1,c8f95c5c-c6e3-4252-83fa-849298180038
79e3f12b-010a-43e6-8fd0-de4b0f803fe2,"2024-08-09 10:46:23.856930","2024-08-09 10:46:23.856930",1,244fb86b-476e-4827-902e-4cdf684b6624
7b0f9fe4-3f01-450e-a3b8-2b5334e1270b,"2022-08-31 09:39:14.237333","2022-11-14 09:38:53.280435",1,6546bdc4-c18a-41e9-9e22-764b867253ed
7b1fd21c-8269-4ba6-9843-468834ebab4f,"2024-07-05 14:10:22.755143","2024-07-05 14:10:22.755143",1,94eff7aa-2a28-4e14-8aa1-4f10900e178a
7bba2623-8c55-4de1-b639-558c6667b3d6,"2023-11-08 10:25:05.050441","2023-11-08 10:25:05.050441",1,a82987a1-5230-48f5-8d93-0b38dc6e6643
7be0eb7c-46dd-428d-975b-139d399a6540,"2023-12-18 10:31:17.438301","2023-12-18 10:31:17.438301",1,6e590c24-d7e9-4468-8c7a-7bedbd788358
7c48c7c9-bb16-4676-bf48-383433df3391,"2023-07-28 12:46:31.312923","2023-07-28 12:46:31.312923",1,df76562b-5bad-42de-8989-7fd8a1f2889c
7c48f736-0478-4e3d-8369-c237e58d71ba,"2024-08-12 09:43:10.749690","2024-08-12 09:43:10.749690",1,76df8bdd-b83a-4066-9c7c-20d6ec5e2383
7cfc5f50-c1c9-4665-b6ce-82eb9e954176,"2023-05-31 14:15:23.374872","2023-05-31 14:15:23.374872",1,6ab409e7-eca4-475b-ac07-c9bf00ab511d
7e49c130-bc4b-425e-8655-24f1f9a4772e,"2023-05-11 11:38:30.192442","2023-05-11 11:38:30.192442",1,bd320db4-c816-4b61-a0cf-14b226e992e2
7e6d9db6-da2c-421e-9590-73effa4dc09e,"2024-07-05 08:31:45.537403","2024-07-05 08:31:45.537403",1,e4f29139-f2b8-4b46-91ef-d5044a7549a3
8022e538-0640-43d3-974e-f8e0183a04c0,"2023-11-09 15:22:04.916788","2023-11-09 15:22:04.916788",1,f2a49052-47e1-448e-9277-ebbdd642447d
80269be4-e973-4122-bab4-591e8e5e6c4a,"2023-01-12 17:49:36.949148","2023-01-12 17:49:36.949148",1,1317f8ce-0b17-445e-b42b-18249b355d72
8081e359-ef8c-437b-93d2-3702f38b5f98,"2023-07-14 12:34:47.304590","2023-07-14 12:34:47.304590",1,adb9916f-12cc-4d03-9428-ab7ffba9138c
80bae371-c154-4193-9ab2-f6fbc0e12d35,"2024-07-05 08:31:13.516268","2024-07-05 08:31:13.516268",1,5ad82683-2ca7-4115-b6cb-44e33a43b5a5
826d310d-14cb-4463-99e1-23cc15d6b045,"2024-04-10 12:26:03.943662","2024-04-10 12:26:03.943662",1,8d28e0d4-2cc8-4e16-823e-994a411b5af9
83177320-cb0a-4fb4-aab7-2c7d8ae672e8,"2022-11-25 13:54:33.393015","2022-11-25 13:54:33.393015",1,981e990d-0eaf-4674-97b9-6357b0baa463
8396e327-1ba4-47a3-8c70-e4fdba62296a,"2024-05-28 08:51:22.911134","2024-05-28 08:51:22.911134",1,aedffd80-ea2f-47d0-8f51-2e14ee44bbbe
84ef94a3-d92f-46de-bcf8-dbcb51441608,"2022-08-24 08:59:05.163357","2022-11-14 09:38:53.647924",1,ffecfe65-ed34-4e38-a387-b49ea2a23a7a
866afb42-a8ce-407b-bb36-659d0ac39b72,"2022-08-25 08:57:56.539341","2022-11-14 09:38:53.174903",1,4068aed5-77c0-4e08-a277-850f514e2d5f
870eade3-34fb-443b-848c-c151372367e2,"2023-07-11 12:31:03.909088","2023-07-11 12:31:03.909088",1,fb804948-961c-4705-ac5e-8b04428be212
8b64c44e-b24c-47de-a32e-072e948dde5b,"2024-06-28 12:04:02.280068","2024-06-28 12:04:02.280068",1,12c093e6-5f55-4686-90a9-bba43dbd6073
8bce101d-951f-405f-b592-e0735efd989d,"2024-08-28 19:52:58.502821","2024-08-28 19:52:58.502821",1,70a8719f-feff-44be-aa6e-11deb5405bb4
8caa68c5-dd30-40d1-9280-e0c2ec0a9d6b,"2022-12-07 16:01:58.826637","2022-12-07 16:01:58.826637",1,cca75e10-43ee-4f9e-bc45-b5efde05d17f
8caddf4f-0362-4af6-ad31-fc5f9fa76074,"2024-04-08 09:59:55.275859","2024-04-08 09:59:55.275859",1,8f9be1d3-3ad4-42d4-a324-7f369ebfc9de
8d32c6a4-c352-4e58-ac6b-3d9ef91abd20,"2023-11-16 11:30:34.268151","2023-11-16 11:30:34.268151",1,0d0b525f-860c-4f24-8f18-148cbb30a1ae
8f38c2ec-3b41-4aee-8b32-f9672d759fb8,"2023-07-27 14:07:17.206044","2023-07-27 14:07:17.206044",1,9fe4f36a-0fe4-47fa-bb1d-8689def17f52
90a83559-ebff-4d4d-b581-971ce198feb5,"2023-01-06 13:29:20.161499","2023-01-06 13:29:20.161499",1,256ede9a-8306-42a8-8e28-bafd4280b477
93b7024b-821f-4dbc-83b8-97448cb6911b,"2024-06-03 11:36:03.648354","2024-06-03 11:36:03.648354",1,5307ac48-5277-46a8-83d2-5f553acb17b0
942d6fd8-476b-4b7d-99e5-a6e528d599b0,"2024-07-01 10:46:25.837530","2024-07-01 10:46:25.837530",1,bdcad6c5-f77d-4df6-a5af-8414235f0039
96d8fa77-43b0-4461-9cfd-f68598de0fcc,"2024-07-05 15:02:16.053718","2024-07-05 15:02:16.053718",1,d640c90a-24c3-4ff0-9f23-6914e23e1575
97574474-050b-4dd6-9952-2bc62e8faef2,"2022-12-07 16:02:24.592363","2022-12-07 16:02:24.592363",1,0b269fa0-05c1-422b-ab5e-0e90e1eb1f2b
97d0e489-3d04-467c-9ce3-a7136757ad73,"2024-06-26 09:15:55.170950","2024-06-26 09:15:55.170950",1,f863d035-aae5-442a-8e78-80d734ec460c
98d77976-ef22-4c59-a9f5-70d66921e120,"2024-06-28 12:13:39.751483","2024-06-28 12:13:39.751483",1,970da391-5ccb-4575-9b26-3473c0edf48e
99338890-1dd2-43f7-8bdd-6eb8b6403dd6,"2023-08-30 15:20:13.738116","2023-08-30 15:20:13.738116",1,038f37ca-de03-409a-8232-2bc12afd837d
99ebe3af-65ea-4bf4-b1d4-9a4ad98a299f,"2024-07-05 13:59:48.437545","2024-07-05 13:59:48.437545",1,8afbbd54-6c2e-4761-8f05-bb14697579ae
9b336394-d5f9-4bab-ad2d-705f1c51d750,"2024-08-12 07:34:53.375824","2024-08-12 07:34:53.375824",1,17a86604-fd41-46c9-98ab-2ec4fe7a0009
9d476b3b-a822-4395-bee2-15513cb90a88,"2024-06-06 07:50:24.328027","2024-06-06 07:50:24.328027",1,f4b7cc1f-55d2-4d7a-ad38-33f21278bb59
9d6917ad-bb9c-4a87-ac25-3baedfad6d54,"2023-01-11 14:47:38.443311","2023-01-11 14:47:38.443311",1,0df17833-d4ed-40e0-a1ae-348aaf84fbf8
9e07e782-77ef-463f-aa28-787e0c580ed7,"2024-08-28 19:57:47.186596","2024-08-28 19:57:47.186596",1,5ddb0f5f-b3b3-4f1b-b6f1-97a6109d9ad8
9e46fdd4-205a-4776-8f04-cb544c3adfd6,"2022-07-13 14:14:24.992939","2022-11-14 09:38:52.964943",1,0559f654-63bf-459a-b7cd-8c381a57d33e
a03cbe63-61dd-4198-93a0-66790ee9ea86,"2022-11-25 13:19:37.067816","2022-11-25 13:19:37.067816",1,2936aded-bc55-4787-8bd2-ff25887f4952
a0d7ffcc-80e8-49f2-9c4d-80e09e027540,"2022-07-13 13:17:47.706949","2022-11-14 09:38:53.543041",1,ced836e7-8350-4002-a425-7ff3499a90f8
a217b6e9-488d-452e-889b-62b94b1cfba4,"2024-06-18 13:24:14.019126","2024-06-18 13:24:14.019126",1,50d893c5-02ef-40b1-a422-a0ac7c772abb
a2fc0e91-0905-46f3-99a1-593e9a1949bc,"2022-12-08 11:53:09.348204","2022-12-08 11:53:09.348204",1,37d2462e-f186-4ba1-8b17-1236c6f2cfd2
a4269d8a-33c9-4d64-94f6-2fdf516355c7,"2022-11-25 13:17:19.854891","2022-11-25 13:17:19.854891",1,5c183091-1016-4048-be0a-c6c9f962a236
a4b64699-f845-4153-88f6-92be874f5371,"2024-06-05 09:43:26.873314","2024-06-05 09:43:26.873314",1,acd6f481-4ef6-4668-bb6a-ef477dcb1ac3
a4e7556c-4110-4fe4-89fb-76954ae6c75c,"2024-07-05 08:33:06.401877","2024-07-05 08:33:06.401877",1,c0690a59-71e6-49da-966d-a52fbd14b79b
a6791a76-4e34-4a71-9d45-049ee382a74a,"2023-04-21 13:40:26.262029","2023-04-21 13:40:26.262029",1,2b9502bc-e894-4b27-81e2-04abcb0e3f0b
a6ca8b22-fbbc-4413-b6ee-df325bd430df,"2024-05-28 11:45:54.839690","2024-05-28 11:45:54.839690",1,d75f5222-d8ce-40d9-a7a1-804d332aaaf9
ada7a98c-fcbc-4d33-839f-b353a713d718,"2023-03-31 13:47:56.833232","2023-03-31 13:47:56.833232",1,c98b20fb-eb27-48f4-8dc2-61861a56b2c8
ae23f514-1196-4897-ba6e-bfecf2e1e1de,"2024-08-29 08:38:31.100334","2024-08-29 08:38:31.100334",1,81fcecfd-ce9a-415e-a6ed-57e2d1ec3298
ae268252-04ff-4c23-9c20-679f1cae316d,"2023-09-28 07:13:55.232314","2023-09-28 07:13:55.232314",1,3ab817c9-7dff-46a0-9633-f69bc1d796f7
ae75f54f-bcc9-41f3-ad81-9d81c0251fd8,"2024-06-26 09:16:29.962692","2024-06-26 09:16:29.962692",1,0ed180d5-dfb3-43c4-9f5c-e7426be4697d
aec7f267-4163-4854-9022-11c28560d1ab,"2024-04-30 19:40:53.762368","2024-04-30 19:40:53.762368",1,9d900a71-ea6a-44fa-afc3-ded0ac82d080
afa04aab-9f8d-4ea9-8085-fbf4847584f5,"2024-08-09 10:44:44.213664","2024-08-09 10:44:44.213664",1,0f09ad6d-e826-492f-a587-d0f451e2a360
b51185b6-0583-4ffc-a0a6-dc61f246ec42,"2023-04-06 13:34:32.340998","2023-04-06 13:34:32.340998",1,d79b68a3-23e8-402b-aba1-7467bb69c353
b5a98449-716e-4930-a3eb-ef71d4b5166d,"2022-11-25 13:11:29.625278","2022-11-25 13:11:29.625278",1,31e7a75d-9d88-4ee4-b5c8-85338657f7a2
b848e101-c138-4641-b84d-588d67b98e1d,"2023-08-24 18:13:37.686988","2023-08-24 18:13:37.686988",1,bd50e45e-fb79-467d-9b0d-07413fe36ced
b91f475e-89af-445f-8ab6-fd0d79608886,"2023-12-18 10:21:56.960379","2023-12-18 10:21:56.960379",1,10744335-6eee-48a8-b1be-8cb9c5a988d9
ba89df24-47da-4891-9b23-e9499a56298d,"2024-07-08 11:19:36.448365","2024-07-08 11:19:36.448365",1,ef404e53-f928-44b8-91eb-baa110ca8bdf
bb5c086b-a2d5-4dfc-96fc-c4881af87747,"2024-06-03 09:25:55.606637","2024-06-03 09:25:55.606637",1,55134031-6029-4a84-a704-bca159e1305a
bb847751-fcd5-47fe-a732-7c6c4e5305b6,"2024-06-04 13:54:30.231914","2024-06-04 13:54:30.231914",1,2b0924c4-dc3b-4a32-af72-4d037ae83629
bd3b55aa-bca6-447a-bd41-393d330dda85,"2024-08-14 06:40:35.212976","2024-08-14 06:40:35.212976",1,fa8b118a-ecb3-4918-8087-65973a3b5f7f
bfa5046b-fbbe-4b94-a7fd-739f61efb4e9,"2024-04-29 10:25:32.068126","2024-04-29 10:25:32.068126",1,0e8aa152-dc91-4126-b47b-014e161bc5e3
c0eadaec-9931-41d1-8955-f1a2e3164e0c,"2024-02-20 16:24:47.449682","2024-02-20 16:24:47.449682",1,3cc1149c-fd28-43ba-ae07-72116206d538
c287c22a-469a-4d13-9a23-571d80e38cbb,"2024-05-31 06:39:06.697569","2024-05-31 06:39:06.697569",1,edaec87e-6a3e-4fdb-adf7-cd2529c431eb
c3f3514a-7ae2-44cb-b7d4-0941272cf9be,"2024-05-28 13:04:58.678429","2024-05-28 13:04:58.678429",1,5b71141d-e139-458e-8aa3-efc290082622
c441d35f-8d3d-4a63-b18a-5ca60bbc2266,"2023-05-23 21:04:26.695500","2023-05-23 21:04:26.695500",1,c6526184-f3bf-4532-b667-eba831e3d699
c51bb380-b696-4c6d-8491-729068903c2b,"2024-08-14 06:43:57.079858","2024-08-14 06:43:57.079858",1,e5a52309-7139-4766-a598-50a57ab622e8
c628500e-1736-4ade-8b50-7ed447ca18f1,"2022-07-11 14:53:05.596902","2022-11-14 09:38:53.070486",1,1d646c7d-43c6-46a7-8243-f0b6e0ff8081
c92455af-f942-4d21-b299-1eda4ffb053e,"2023-02-10 12:38:45.280067","2023-02-10 12:38:45.280067",1,7cd6b66b-2148-46cd-8564-fa8b01b416bf
c94f82ec-b6eb-4e6a-97b6-a5c71f6dc1ff,"2023-10-11 11:06:16.976000","2023-10-11 11:06:16.976000",1,6f063dfa-cd1c-4417-aeaf-592baeaf507b
ca0b0128-decb-412e-9088-c97b1f2d5574,"2024-07-05 14:04:45.418206","2024-07-05 14:04:45.418206",1,58100f35-c925-4d31-abfa-70dc4db9a18d
ca12d067-f28b-4fb0-bac5-d3e99e90ba1f,"2023-10-10 13:03:31.182195","2023-10-10 13:03:31.182195",1,856da6a7-7ee2-4718-9170-4762f18032bc
cb7db5db-a024-48c1-be7b-8f1ffde26960,"2022-10-27 15:15:25.281618","2022-11-14 09:38:53.330718",1,77e5276c-5dbf-4642-9922-9fc7ee9a3fa9
cc748715-1f7e-45d8-8d31-7b1f8f7cb504,"2024-08-14 06:39:47.218238","2024-08-14 06:39:47.218238",1,d117e389-e635-4a0e-bb5c-59cb895a1c6e
ccbdbb91-d881-485b-9bdd-2b3e80dda2e3,"2023-12-18 14:36:21.140643","2023-12-18 14:36:21.140643",1,f6f69bdd-e932-466a-8f92-db8aac8f18e3
cd4e8d9b-0716-4278-b150-9c3d2dbf94e4,"2024-08-07 08:58:39.058740","2024-08-07 08:58:39.058740",1,eb700465-1ae2-455f-a996-85710d519752
ce6dc328-3f85-448d-baa7-17aa562b76d8,"2023-05-17 15:46:05.325087","2023-05-17 15:46:05.325087",1,bdb6c13e-06a3-4f83-b9bc-4d760ffe9281
ce6fe083-d431-4953-a262-53a9bddadec2,"2024-09-02 11:23:36.481643","2024-09-02 11:23:36.481643",1,cdaf5274-dc0c-4e78-976a-56db8292d8e8
d033ae65-3111-459e-ab2e-ae7fdb97b168,"2024-06-25 12:40:06.529155","2024-06-25 12:40:06.529155",1,c5779988-4e3e-4895-a8f6-52e050410ba5
d22f15d8-ae29-4189-8c73-2a95327332ef,"2023-02-21 08:33:13.102736","2023-02-21 08:33:13.102736",1,7806c8c3-0746-48ce-b585-a5851677854f
d2b60fd9-13ea-4270-89aa-93eb7b40dfc5,"2024-08-07 09:23:21.431315","2024-08-07 09:23:21.431315",1,18065252-12f6-490a-85f8-3ddb7a8dbf2f
d3acc455-88f2-4c69-8639-6a87c4fa75d9,"2023-03-28 13:06:00.609956","2023-03-28 13:06:00.609956",1,37f364c1-0961-41b2-91ac-80e1c7b81211
d543a79a-a0eb-4141-8bc7-2f80e6c6e082,"2024-05-28 10:24:18.901508","2024-05-28 10:24:18.901508",1,1e3df67b-62a3-4694-83bb-be565623662f
d6094b05-76a7-4f8d-a855-5da3b19f18d0,"2024-05-07 12:49:07.057467","2024-05-07 12:49:07.057467",1,e58c56a4-639b-462e-9906-a7997dac9c29
d78ce381-9969-4e01-8fcc-96e05d02ee7e,"2024-03-12 15:52:40.437365","2024-03-12 15:52:40.437365",1,f36d6586-9e6f-449f-9976-b9d4e71b0116
df8cdc6d-e16b-4496-baab-2b65625d86e5,"2024-07-01 08:22:07.129846","2024-07-01 08:22:07.129846",1,4ebe1430-c054-4d77-834c-1979904b6fb5
e381dcad-0b33-4b2e-84eb-ba0b59e9c41a,"2024-03-11 09:44:11.343640","2024-03-11 09:44:11.343640",1,a787c8f5-1ca7-45ea-b89d-7346f853a15a
e3af8a54-8a43-471f-8c72-a22d9f3468ce,"2023-05-15 10:59:50.304445","2023-05-15 10:59:50.304445",1,fe03257c-834a-41e2-af92-1a5741e4044d
e3c5adff-8da4-4067-950b-8fa6a05e183b,"2024-06-03 11:31:01.094451","2024-06-03 11:31:01.094451",1,ff5ee99b-6366-4fab-9aae-5811d17c9b50
e3efcaea-a332-4eb4-8be7-9b8aca3565b3,"2023-06-02 10:11:57.114328","2023-06-02 10:11:57.114328",1,d803a953-cec0-49f7-922f-97e40877f899
e46abace-fe5f-4a54-b76d-80969b3e2748,"2024-07-05 14:09:51.688547","2024-07-05 14:09:51.688547",1,907a0c28-113d-470f-9d28-9766c01adbb0
e4f1b96d-ef0b-435a-958c-edf8139718d9,"2023-06-01 09:37:57.237465","2023-06-01 09:37:57.237465",1,ce570031-bc2e-4584-9368-16e3ab70ab40
e59c3972-0a40-4934-9933-5f1e5d346227,"2024-05-08 08:02:49.139291","2024-05-08 08:02:49.139291",1,27a81d48-9675-4646-85da-ee1ed48619ed
e5fecb3e-3776-462f-802c-69279dabc933,"2022-12-13 15:09:01.552328","2022-12-13 15:09:01.552328",1,59ce95db-6566-4736-923b-4ba8ccdbb05e
e7ad7523-5eec-44b0-8dfd-eb465c833537,"2024-08-29 07:16:14.969968","2024-08-29 07:16:14.969968",1,f4c54a6c-2768-499f-8141-be930fe97344
e8ccd6a2-fbb9-41aa-9da2-8057594219ae,"2024-07-01 10:35:35.307801","2024-07-01 10:35:35.307801",1,87a60b86-438e-4fee-9d62-286d48eae56e
ea457f52-d2ab-4835-86ca-2a083ec09ffb,"2024-08-12 14:08:05.337013","2024-08-12 14:08:05.337013",1,663173bd-2f9e-4672-beeb-4488004b434a
eb0d9faa-b230-41e9-b589-76a0ddf36ead,"2024-03-12 12:33:52.214961","2024-03-12 12:33:52.214961",1,77a56940-ea51-4c8a-8668-99de8ee52ac8
eb29a65e-f28e-4529-8e65-65e8d3a71d41,"2024-04-12 07:37:23.670587","2024-04-12 07:37:23.670587",1,961676b6-fc57-465d-b481-02f5e792e211
eb3c5bb4-2c2e-46ab-8467-ec3faf1afd93,"2024-02-20 15:56:28.176760","2024-02-20 15:56:28.176760",1,a5b70338-f595-4eed-8f99-0de1c26c6335
eb47e6e3-072a-47cd-9638-8e63c66e395e,"2023-07-11 09:49:50.399200","2023-07-11 09:49:50.399200",1,27ddf390-ad57-441f-b2d5-585a4fc1ebd9
eb875216-2455-4ea0-8df1-fa84332fd137,"2024-06-06 07:50:21.511528","2024-06-06 07:50:21.511528",1,8214baaf-f523-48a9-81c3-967a0d1a5093
ebd458b7-bc56-4538-9319-96690f1a1a6c,"2024-02-09 12:47:21.159924","2024-02-09 12:47:21.159924",1,38fb2edc-4a7f-468a-bc9c-67354ad89217
ec6d8d19-5b33-43ee-8426-48e02e372d84,"2024-03-11 09:47:48.179756","2024-03-11 09:47:48.179756",1,7852abc4-53a3-4f89-942a-5a908c34853f
ece3363f-cb4f-42e0-aaf0-5e99b9df8d5b,"2023-12-18 12:59:07.024706","2023-12-18 12:59:07.024706",1,95709af9-c3c6-4368-8c94-2822b14acc11
eeac2cd8-7d5c-4c19-9b67-6b1303937d62,"2024-03-11 12:59:57.185008","2024-03-11 12:59:57.185008",1,c9dc31e7-966d-4e4e-a67c-fda8aa142bdf
f047d35b-5935-41cc-b73e-ae0f22f629e3,"2023-07-11 14:37:11.476114","2023-07-11 14:37:11.476114",1,9583564a-8ec0-4637-9713-91e175127408
f096e500-de1b-4c43-b5c4-6d2d0bce671a,"2023-07-28 12:32:25.650301","2023-07-28 12:32:25.650301",1,b60072c2-8f04-4b27-bfe7-3ca5d06a6a81
f18ffae3-f8c2-4cc8-b5c5-272d723e8056,"2024-06-03 09:08:24.762861","2024-06-03 09:08:24.762861",1,86d15d01-22d8-4708-9fd1-664c8c82bb12
f25b5743-c65f-4acb-89c0-6a849d7422c5,"2024-06-05 08:53:02.494967","2024-06-05 08:53:02.494967",1,a43cd4e0-ab01-4c01-be4e-93f57bce70d9
f3417c04-3f57-4a88-a0d3-7606673cb80f,"2023-03-01 14:28:20.257345","2023-03-01 14:28:20.257345",1,359178e8-0fa6-4d80-838a-cfaff0056ef0
f3d5d3a0-5ac7-4597-aa04-75d84a17f5d0,"2023-02-16 14:25:16.340404","2023-02-16 14:25:16.340404",1,6d80690b-672c-4eb3-b81c-540c878f1326
f4041f93-b44a-40cd-a31b-95e6ab9ae3bf,"2024-06-18 11:03:38.560648","2024-06-18 11:03:38.560648",1,9e096b22-6f53-4194-86ed-8187b41a5a9b
f4e77859-c49e-410d-9f3f-9d85baef17c3,"2024-05-30 10:49:00.307690","2024-05-30 10:49:00.307690",1,f197ac67-615b-475b-9453-bf26a5d510d4
f56f78c1-04f0-4d4b-99c3-82e2e20e55c9,"2024-04-30 18:58:40.669282","2024-04-30 18:58:40.669282",1,29da485c-bbbc-406a-a80b-b9b28728f3b9
f5a3b36a-c6ed-4cb5-a121-2c43457b4edb,"2024-08-28 15:20:11.650058","2024-08-28 15:20:11.650058",1,05c468dd-b659-4aac-a488-f655d903c45e
f616eebe-17d0-403e-a69c-efcde29316d3,"2024-07-18 12:26:59.855032","2024-07-18 12:26:59.855032",1,fb7dec75-1321-4fd2-8c3a-2d974c7ef130
f63a15cb-7eba-4cc5-b413-97d351fd2971,"2024-06-25 13:57:42.343627","2024-06-25 13:57:42.343627",1,c7840d7b-2a98-44a1-9bb1-f86960002d7f
f6d01c97-d4c8-43b7-9dfa-1f8ba381fc6f,"2024-06-28 22:12:54.848975","2024-06-28 22:12:54.848975",1,65c84bee-8e49-4a55-b9d2-449a3f64614d
f7ea1981-efe7-429f-8fe6-7312b8c5c1f8,"2023-10-10 13:07:17.653142","2023-10-10 13:07:17.653142",1,b670cd8e-a973-471c-a347-bf95e7888113
f80a0a91-0acd-4059-a702-611054cdd9a6,"2024-01-11 10:06:01.175646","2024-01-11 10:06:01.175646",1,8dc73e16-c406-46d1-bbaf-c8e2bd5d5dc1
fa60b700-644b-47d4-b6be-884c054a5389,"2023-09-01 08:52:08.314464","2023-09-01 08:52:08.314464",1,c496705b-b436-4e48-8816-cc163143829a
fbc8f4f9-2498-45d7-a38d-5525d2249d7a,"2024-07-01 07:47:24.292768","2024-07-01 07:47:24.292768",1,9e8ae9ec-5975-4f99-8d20-a37c96ac7caf
fcba180d-aed7-46e4-a538-07848ceac629,"2023-12-05 13:21:49.764817","2023-12-05 13:21:49.764817",1,d4897493-5332-4b48-b0ef-106ef336c73d
fd7d79c6-b064-4fa6-bf98-fe9832c171b8,"2024-06-05 10:23:17.492879","2024-06-05 10:23:17.492879",1,724739e5-0932-4e36-b098-d624489723ee
ff653686-a34a-49f1-82ca-84b731956ba2,"2023-09-08 13:30:01.488898","2023-09-08 13:30:01.488898",1,733f518d-4d99-4450-bedf-b0c356108b7a
