id,createdDate,updatedDate,version,threadID,virtualContributorID,roomId
01ae9ba1-a9ec-4323-ae17-19b2bfb2058e,"2024-08-30 06:55:49.949273","2024-08-30 06:55:49.949273",1,$s5PIu9-AgAVNzPKjayO1RK6upsJ8vibZXjGffdeI6MI,e3337011-2ddc-42d4-a485-38edc9180e3f,24dcdde9-54a4-46d3-a127-1855c312bd7a
09822540-6cf9-4e66-a360-3625e8894bae,"2024-07-22 10:30:21.101274","2024-07-22 10:30:21.101274",1,$O4uzmXP8zKoXg-rWoOlHreP_Fm7y9dyykI-dUizGYBs,mountains,da2d1543-9eb8-4dca-a10e-879be513abb6
09dc267b-38e1-468c-a180-db0077624e03,"2024-08-20 14:31:42.568877","2024-08-20 14:31:42.568877",1,$CjqVajPO-ILV4wtG9BIdakRYiJkFyNQeOA-ajhFF37E,237b121c-865d-45c1-8590-d083fe657e45,4ac3b330-43c4-480d-95cc-005fb5cd2693
0c15d232-a47d-48f9-a99b-6380965d0482,"2024-07-25 15:05:36.445298","2024-07-25 15:05:36.445298",1,$9wnFJzAWh86W-_Z27uwWFQeMMnurZ1jL7OQThJToQP8,j25-admin,8713df1f-d182-4343-9e64-e4304d369b65
0f5044ad-4793-427e-9971-32b2fbdb7b2a,"2024-08-12 14:13:00.925408","2024-08-12 14:13:00.925408",1,$KLGkET9WI6tSIloyjufSsvLyK5l0TLkl5-Y7eBHd1ZE,1dc062b5-117c-41d7-bc86-f5e3fa658a83,81f6aa7c-016e-483d-b0ae-5b369a1579dc
1045be92-ac7f-4fb1-8320-3a98e927f32d,"2024-08-20 13:39:09.728652","2024-08-20 13:39:09.728652",1,$A5IQpDQI4vmhcG1_6egdkKZvOyvSOThfB__ckuqsA64,237b121c-865d-45c1-8590-d083fe657e45,0f2e8559-ff48-4b4f-9cba-5d4a57ca8a2f
129ef08b-c2e0-41cd-9359-1cc4559dc24f,"2024-07-18 10:58:26.491385","2024-07-18 10:58:26.491385",1,$FY5K5_J4HNb8jod0C1nUZzcCE139p2RR4lM7L3G4-t4,music,b3080ea7-419f-4af5-b794-08c0d3972e1e
137a40d4-55a2-4703-a8a7-8581552c07b0,"2024-08-20 12:18:41.137684","2024-08-20 12:18:41.137684",1,$pOHWF0Vr_7YbIBir-QJRBHJyxmT5f5FzqHkSF6Ra1FQ,237b121c-865d-45c1-8590-d083fe657e45,673656b0-1a4c-41fc-804e-8beacfacd199
1442538b-6340-4b35-928f-5555882e798a,"2024-08-20 12:49:13.662601","2024-08-20 12:49:13.662601",1,$RFhd9KaCrYLiWfgHenGfd0Q6liCMYt4N6y6uCwcio1I,237b121c-865d-45c1-8590-d083fe657e45,673656b0-1a4c-41fc-804e-8beacfacd199
1865c6e0-eb9a-4147-b69e-f5b9b1afe377,"2024-07-18 10:14:04.782232","2024-07-18 10:14:04.782232",1,$-MxqJngYEneGXd7XgrWyicKqALFJAKuFPaLrSx6Ty7Q,music,4e24905a-951b-4076-8643-299083251f68
18db2a94-9dfb-471b-a630-dcf5c4f2d6f9,"2024-07-25 15:04:34.417117","2024-07-25 15:04:34.417117",1,$sxjNKCSoYhpg6IDijRJeHIJjGmW3SDegfyUQ9PC5U6E,music-docs,7b91cf57-f241-4783-8520-160e5194aace
18f52e38-671e-461e-b663-48d93bc3485d,"2024-08-20 15:07:51.603098","2024-08-20 15:07:51.603098",1,$zxgf7V04P_4kJvSA-PeEg_TfzikpGlwvK0mw3Q78xeM,237b121c-865d-45c1-8590-d083fe657e45,5ce05b94-09fb-4aee-a559-f6e2c980dea7
1c53ca83-be75-43cb-9cfe-224f29bbd071,"2024-08-29 08:29:47.294580","2024-08-29 08:29:47.294580",1,$pk4CxANyWWmKJa-zO3bGCfItfG5KaXJnFVvaDQb0mWc,eb60d506-e725-4fff-b03e-7ce830d512b7,42ac8fc6-1d40-4355-bca8-f1363be16615
1e600bd0-1e1f-4c26-b67b-7d2ce413834b,"2024-08-29 08:10:23.861615","2024-08-29 08:10:23.861615",1,$pKloxZTTR_LiOT6_XKkDSaIhHNvxHSJscrmnvgRRb9I,1380a18a-d857-40ee-8bb4-62c1c91f04f2,c4bc7758-3a64-47a7-ab75-a4c81da174c4
1fa54df8-22ad-42b6-a85b-f588cd2d8f9c,"2024-08-20 14:56:04.737087","2024-08-20 14:56:04.737087",1,$2niyGEYLW8RiCP3ZOhmONNEwSgsD6EoJJ8YX8RMEsvI,237b121c-865d-45c1-8590-d083fe657e45,4ac3b330-43c4-480d-95cc-005fb5cd2693
21061a08-6ea5-473d-bb64-3e5229bceec8,"2024-08-13 14:29:13.106292","2024-08-13 14:29:13.106292",1,$jiS2J84nutdIIAYPzsF9s--ra8quedrdiNeF-6wBq2E,49a01a72-5202-4456-9a52-8e5ee5e34abd,7374e64c-0af8-46b1-a2e2-76515f940767
2587f375-d90b-4dd6-a3a0-d0d721574bf2,"2024-07-26 12:09:03.635571","2024-07-26 12:09:03.635571",1,$9m0p7q06BbVF2Kb-AiASr6tmzsZ_hN_3iSdAi-hgsdU,vc-26july2024,5fbb0d49-5039-493e-a8b0-ae19cb8671ce
27b7b5fe-2aa8-43e1-b35e-f9065c58e195,"2024-08-12 13:16:08.918400","2024-08-12 13:16:08.918400",1,$G3qfzc7-l_mk0w7IhlMZaVPxPiSvgBqW6P7bmKkGBe4,035e79b0-b84e-4497-a856-33ebba158279,20fa4752-780b-45d9-b733-b6f6b637c2b7
2e2c7c8b-b5f2-4755-95af-727220a36085,"2024-08-20 12:27:02.348774","2024-08-20 12:27:02.348774",1,$r7e20PgyNVnIwvt1CZDYYD0RGsb1mJgipV3AFqrHb6U,237b121c-865d-45c1-8590-d083fe657e45,673656b0-1a4c-41fc-804e-8beacfacd199
307f0715-1e32-43fa-8364-eaf069c1c6ed,"2024-07-23 10:22:21.899061","2024-07-23 10:22:21.899061",1,$_vO9kxmUncdwd91gRotUV015imaENXj8xBQjGUqdQlk,music-docs,82e54bc1-5d12-4471-8a7d-7f215297b014
32610827-1082-4573-9ae9-1c20f1c5db1d,"2024-07-22 11:09:40.003114","2024-07-22 11:09:40.003114",1,$dpS7lBhyzpslHRiBWdWZ7xaHgjdxWUknq6ZdDE2NVFc,music-docs,97099e87-8ca6-4162-b2dd-8f00cd3119ed
33edbc2d-d371-47c0-8e2b-9b211d4e9ee1,"2024-08-20 11:22:52.831217","2024-08-20 11:22:52.831217",1,$jaNyOnpF7YM0Ys7Rn5P0CrZ7LpSx2POcTLjixL7LT-Q,311f05ca-3223-4dd3-95c3-bac5969a7aff,f993d3f4-fd52-4b0e-b58e-9416c26375ba
34f24286-b6cc-475b-a8b9-68f463afcf6d,"2024-08-14 09:04:39.889458","2024-08-14 09:04:39.889458",1,$v9wirsnn3IvduC0qZiy2OeWgpK8uZ6YkA-6CEKFwr2Y,61069c2a-f9c0-4187-8aa0-009b64772bc7,a203ddfe-05fa-4385-992a-f7bee06174fe
35f95747-726e-4dcf-ac40-7e1aefd1c14b,"2024-07-29 14:05:53.361646","2024-07-29 14:05:53.361646",1,$_PTrPDOSIKC0koBIYL0ZU9FGCqcn_Y3KDNc2nGW_HLY,music-docs,a34f7eec-660d-48a4-9466-238a3c253e91
39e6e8a5-7656-41a2-a305-c4038e53d4a5,"2024-08-20 11:31:25.435468","2024-08-20 11:31:25.435468",1,$fUmnVBsMDdWlpdomq12LfTcz1tmbLdJdZXanGSqnCfY,311f05ca-3223-4dd3-95c3-bac5969a7aff,f993d3f4-fd52-4b0e-b58e-9416c26375ba
3a2d1a0c-3e0a-43a9-bbdf-a92110f1cf7c,"2024-08-30 09:07:49.535649","2024-08-30 09:07:49.535649",1,$EYRpsnRmqNoHtK9za4vQn4k7OmXv3dLBToesFBmh5Io,311f05ca-3223-4dd3-95c3-bac5969a7aff,f993d3f4-fd52-4b0e-b58e-9416c26375ba
3c036107-fbd2-40c5-b1e8-6a53d440e8fc,"2024-07-18 10:13:39.329363","2024-07-18 10:13:39.329363",1,$g5AhhDao9bGo_Dq1aP9_g7V7YJyC82_YB9J3gS8Ts6s,music,4e24905a-951b-4076-8643-299083251f68
3d4798df-4b7c-4fb2-9d09-715417bd2daa,"2024-07-22 14:34:59.064116","2024-07-22 14:34:59.064116",1,$ZT7hG9zKNP8J01KyxzWK9lyARS6R5DW-FYc2i1O0pNY,mountains,90565b87-1ca3-46dc-a58c-460197cae2b9
3edf00c7-1e0b-447c-9f2d-dd7904089ac4,"2024-08-14 08:34:33.129004","2024-08-14 08:34:33.129004",1,$sWZzfMzvmU5-zvrExhX9uXbvRZFl4z62j99lCpFG7ZU,1196a624-6ffe-4ce6-8d6e-26732337558d,bc909494-3c7f-438b-9260-6b5df61fa311
3f44a0c2-e678-4fa0-bce1-f316d592399a,"2024-08-21 07:47:18.845906","2024-08-21 07:47:18.845906",1,$z29AphxLPVnhKz9f3KRIjklOrseg-vpUxY6O9C1Wx9g,036e57ef-cdde-48f2-a9a7-724ab4e2a8f7,da3fdd60-8d8b-423a-bac9-88cc92bdd2cf
453ad518-8c1b-4e13-a82b-44231ce9a92f,"2024-08-21 06:45:27.260754","2024-08-21 06:45:27.260754",1,$Q-9de7zCCt13NxpMh0mw1w5ew2TsrwajpKGuak6s8PM,87e14a3f-e18d-4d57-8a16-a4628c5439c9,23e7a100-4563-4afd-b2c6-38a10cfadb65
48543231-d5f3-457d-a16a-980e8e9487a7,"2024-07-18 10:16:01.278488","2024-07-18 10:16:01.278488",1,$1a-hZvEl7BplPsKRhrJliDATmyOwo1E6Y0wR8PgObCA,music,4e24905a-951b-4076-8643-299083251f68
4c5a8ee8-0a80-446a-834c-55e7e015ac72,"2024-08-29 08:31:25.660264","2024-08-29 08:31:25.660264",1,$64dPrDkpRjz0vefn-z4GrMtlH-l0dL_SPXMZGSauEJo,1380a18a-d857-40ee-8bb4-62c1c91f04f2,23bd87aa-953c-4809-b202-767f947f766f
4d725b6a-4fac-4be4-8bef-d038d15f6262,"2024-07-19 07:45:37.732081","2024-07-19 07:45:37.732081",1,$pCYHBaqbSHeWAgdjgX2T9lXEKSvYGjns90fXKu4TPWo,mountains,19a7b4b7-cfc3-4a5c-bf3e-cdb7a049568f
4e1f720f-3b3e-45fc-9584-96db87df60c9,"2024-08-09 08:38:23.501151","2024-08-09 08:38:23.501151",1,$dOSEkqmx65VPc6IbXUOGuWy7rr4t4YPaMxl7TpLWbZc,311f05ca-3223-4dd3-95c3-bac5969a7aff,f993d3f4-fd52-4b0e-b58e-9416c26375ba
4f24bbd1-a1ee-4aeb-8830-3a9e85cb72ca,"2024-08-21 07:43:43.388238","2024-08-21 07:43:43.388238",1,$RpB23iApnsOcCKHPFutdG0xAvS07K3wLICx6kZdfwOU,bcc94acf-9148-434d-a2cf-314d60f7a4e3,825dbd83-db33-407d-a6a5-b84fcdd5b6d7
50e8c07e-92be-49aa-8c6b-62f4035fa24d,"2024-07-23 09:53:22.027614","2024-07-23 09:53:22.027614",1,$XybVtKN5kxHTxShfl4RDpphsxJ20nAGh7VrPFnl-SE8,mountains,0e94a356-7c5f-433c-b4d8-a3cc943cde1e
52f4ca77-a902-4b65-8fa1-8c26e14f6c40,"2024-07-22 11:15:50.316316","2024-07-22 11:15:50.316316",1,$C5exkh5UvudB8IuF_GoeafA5OlLGZ1O6CiNV3vI1CfU,music-docs,7afdd6b3-0130-42d2-ba38-d2219fcfe5d4
54920309-2e66-44ef-82c0-50313ac1f8b4,"2024-07-18 11:10:35.872069","2024-07-18 11:10:35.872069",1,$Z0ib2kxFdRMEIOc3eyRgpX1ySvhOuDqL4_1zUvy_2ys,music,b3080ea7-419f-4af5-b794-08c0d3972e1e
5503ae0a-7473-45ff-857a-c98b95e000b5,"2024-08-20 14:59:22.770600","2024-08-20 14:59:22.770600",1,$obv1jiOggad7AeWVUBzeOCTNVSuj_fitKGG0eKGiFNA,237b121c-865d-45c1-8590-d083fe657e45,5ce05b94-09fb-4aee-a559-f6e2c980dea7
566e218a-75a5-45ca-86f3-b61adeba8c93,"2024-08-20 13:29:07.309381","2024-08-20 13:29:07.309381",1,$twTiGVJp3PquY7EMB63wuX4Gf1om3HPbrtpm19YB5N4,237b121c-865d-45c1-8590-d083fe657e45,673656b0-1a4c-41fc-804e-8beacfacd199
5a79dbc3-e6ad-40c1-8de7-3223ea5258a9,"2024-07-22 10:19:44.312102","2024-07-22 10:19:44.312102",1,$wxZ8-UJ4ehVtyY4Ev_AysamhfFHWASf6YtPKnjxr9Vs,music-docs,da2d1543-9eb8-4dca-a10e-879be513abb6
5b88d359-6216-4fb9-ab42-b46b86493b37,"2024-07-18 13:43:23.571633","2024-07-18 13:43:23.571633",1,$rdtFTwXTpBTAgwMbT2cagKpEfZDduhYUw4OEIJrmZH8,mountains,da2d1543-9eb8-4dca-a10e-879be513abb6
5c148e55-6120-478d-b1dd-c76940e8bd34,"2024-08-29 08:09:33.515828","2024-08-29 08:09:33.515828",1,$BbItlvQUUQw0-glPo4MhALwP5SD7Js31ayg1pLAuaZA,e3337011-2ddc-42d4-a485-38edc9180e3f,24dcdde9-54a4-46d3-a127-1855c312bd7a
5d5ff27e-d63d-4354-afa9-7e562cead7a9,"2024-08-21 07:47:47.391526","2024-08-21 07:47:47.391526",1,$6Ir1IKiDAyzEqFUNC0GyAPkdJ_HqLnHjTZTMghjP8hQ,26c1a06a-0766-4963-b3dd-07816b8abb40,23e7a100-4563-4afd-b2c6-38a10cfadb65
5f4a9ea7-7e83-4bfb-a1ae-fb21e3df6b5d,"2024-08-29 08:13:26.058215","2024-08-29 08:13:26.058215",1,$iDeDx29LZUXTE6l7D9zfyovyYoiT40qR39voa9aul5Q,e3337011-2ddc-42d4-a485-38edc9180e3f,24dcdde9-54a4-46d3-a127-1855c312bd7a
610387f2-967e-4ecc-9ad1-1466a3aeef5a,"2024-08-21 07:42:29.319790","2024-08-21 07:42:29.319790",1,$CrEX66W8Kowuj7huLM05gFqcb07GZ9WfgWYRWRvV0CA,bcc94acf-9148-434d-a2cf-314d60f7a4e3,825dbd83-db33-407d-a6a5-b84fcdd5b6d7
676bceab-da9a-4108-a611-0d81fcce63d0,"2024-08-14 08:49:37.191034","2024-08-14 08:49:37.191034",1,$2to-Vcs0C9_hhO5QJDWom_uAKF3K6D29l5rC-t1USFo,64bbafe7-c56c-4c8e-a085-99e087ba2e9d,a203ddfe-05fa-4385-992a-f7bee06174fe
6c749120-d6a6-4b18-9312-d6dd71ea76e2,"2024-08-29 08:30:13.515635","2024-08-29 08:30:13.515635",1,$a6XuFL8tTwnja3ubjBAGfjrbTRbzYRvLYE8SYQHVnRs,e3337011-2ddc-42d4-a485-38edc9180e3f,24dcdde9-54a4-46d3-a127-1855c312bd7a
6e58ac2f-718f-41b0-978c-0b0e171f0ce6,"2024-08-14 08:11:37.154936","2024-08-14 08:11:37.154936",1,$33elDd96qfO0jfc5ilY55zxCIpwOS5S2lpsECAejv_Q,24d3fb91-7c05-4994-8cbf-1ff89de9b7d9,03aeee20-cf02-42eb-a650-eb374c6311b2
6fa20b98-95e8-4e4d-b37f-de20ed36fe20,"2024-07-22 10:44:46.223789","2024-07-22 10:44:46.223789",1,$nNUqISvfNcFV7gXICEFDnzA2DtueZjdet-BkszktoJk,mountains,3d8444d2-02c4-4426-a62c-829de27d3013
702f5150-f7b6-49a8-91b5-fd8428227cf5,"2024-07-23 09:39:43.983334","2024-07-23 09:39:43.983334",1,$ULlO8DMlhDzAdwArk8NiHdIgjlI6kZtknthGFmWMqV8,mountains,da2d1543-9eb8-4dca-a10e-879be513abb6
71137d63-a1a9-402e-883a-130cc01f9f3c,"2024-08-29 08:26:49.178980","2024-08-29 08:26:49.178980",1,$88ooZgc6HPo5iGt7PAJVYZU6BRaF7wJkpDcqgComGVw,eb60d506-e725-4fff-b03e-7ce830d512b7,42ac8fc6-1d40-4355-bca8-f1363be16615
77a96c1c-c81d-47e7-b8af-baecaff767ed,"2024-07-29 14:08:45.104719","2024-07-29 14:08:45.104719",1,$gpXbDbwlHSuCOzplMtORsmV7pdC4JN7srP_XeCzcSe8,music,cccd6aac-4e58-4995-8582-d3c1d229b254
7855f0b9-6f0c-4725-b9e3-caf9d1b6ad6f,"2024-08-09 08:32:47.224140","2024-08-09 08:32:47.224140",1,$4qA0tlUvZwJ4hiOyt0qUU6vHKg2SH0CfuWqRwUvwL8g,311f05ca-3223-4dd3-95c3-bac5969a7aff,f993d3f4-fd52-4b0e-b58e-9416c26375ba
7c5a1d88-e10b-4600-b53b-e2caef8a033b,"2024-07-18 10:15:33.392405","2024-07-18 10:15:33.392405",1,$GzrjRfQgTqbVUkNeuM-PWyumirUzgIqBvQYvBNzz5j8,music,4e24905a-951b-4076-8643-299083251f68
7dac242d-01ae-42c3-b9ee-29281792df6b,"2024-07-25 13:25:58.160742","2024-07-25 13:25:58.160742",1,$x8Bl73TeQG-C8n56uYTpqv6EhQ4Z_MV0hpMSaGLr6ro,music-docs,b3080ea7-419f-4af5-b794-08c0d3972e1e
7df2c5d6-eb7c-4f73-8b0c-9354a6e23726,"2024-08-14 08:49:56.408358","2024-08-14 08:49:56.408358",1,$DW4SBSF7zO24mKpy3FJPAimfcIM5kM3xro-Qpb_nDxA,64bbafe7-c56c-4c8e-a085-99e087ba2e9d,579e8dfb-b0fe-472a-a662-14c1ef8d181f
80ee95fc-9039-403e-84f8-34db93b82a16,"2024-08-29 08:29:55.886682","2024-08-29 08:29:55.886682",1,$axI7m8Gkz7ofgV5tj5LUp45vfF3P7L4xzRtBaZOSc_8,e3337011-2ddc-42d4-a485-38edc9180e3f,24dcdde9-54a4-46d3-a127-1855c312bd7a
8366534d-6eaa-4908-bec0-e4444e636adb,"2024-07-22 10:29:05.652038","2024-07-22 10:29:05.652038",1,$ZuQ8ew3rOjhQwINsEPFc0AphTLOVqS3fmhpAtaqUZ9g,mountains,da2d1543-9eb8-4dca-a10e-879be513abb6
86054de6-55a2-4701-92d8-2bf2fcb058e3,"2024-08-20 15:09:53.629562","2024-08-20 15:09:53.629562",1,$oaeThcBG9ncAqcssoVO3LlItda4VUSS2GVkWft-HzFU,237b121c-865d-45c1-8590-d083fe657e45,5ce05b94-09fb-4aee-a559-f6e2c980dea7
888adfee-8b99-4e50-8370-d6ab0a830bd0,"2024-07-26 12:10:20.724938","2024-07-26 12:10:20.724938",1,$YhHicLwYQhMWQbgMGx2Ncm0RK8LMazqjUE6W5bhIWCY,vc-26july2024,5fbb0d49-5039-493e-a8b0-ae19cb8671ce
8d16ae26-0fe8-47b9-a3ee-7bdaf96f67ca,"2024-08-29 08:12:37.292505","2024-08-29 08:12:37.292505",1,$bldV5r1yLhSmMWbiZUHXnGxH2xng0tKbZEB1WBtppxs,e3337011-2ddc-42d4-a485-38edc9180e3f,24dcdde9-54a4-46d3-a127-1855c312bd7a
91be501f-a507-4bc9-95be-81e723c905fb,"2024-08-12 13:21:13.164589","2024-08-12 13:21:13.164589",1,$NS4jOpeDKef-UuF9YG-pTB68kw8V2F9I6lgJWOowpV8,ccc59b56-5d17-494a-8c42-6a08cc4a0d34,49096449-d11b-4b60-99ba-3074edba8a27
958aa675-6330-4639-a202-fd9d118a4cca,"2024-07-18 12:41:17.214662","2024-07-18 12:41:17.214662",1,$BUo3nKJtE5TAYFafRkUZzgvfpIgIJaB7rdZlfuSYRKI,mountains,da2d1543-9eb8-4dca-a10e-879be513abb6
9f8bc102-4fed-4ff8-a3c8-531223dcd51f,"2024-08-29 07:40:04.639243","2024-08-29 07:40:04.639243",1,$-7d6PB0MzPcvKeidDCecUCmqe1kI2wNCXgh6OQqssvQ,af690b2a-ab11-4c5a-9b8c-6cd2d8700ebb,62347a6b-7cbf-4ca8-b64d-266d3b02b9bd
a002b6fc-4f7b-4b8f-8bea-7fc9cfe008a4,"2024-08-29 08:13:36.378575","2024-08-29 08:13:36.378575",1,$cZU75tslIamwWKxRRS_7oQFXwF2jrMPVGGJAEWh3kto,e3337011-2ddc-42d4-a485-38edc9180e3f,24dcdde9-54a4-46d3-a127-1855c312bd7a
a092f69e-9af2-4244-9140-bb3acdf47e63,"2024-07-18 10:20:14.365524","2024-07-18 10:20:14.365524",1,$cc8dfxPAdgcwuI3wuOJVAIquVVOjXPQmeDc5MJkVy4w,music,b3080ea7-419f-4af5-b794-08c0d3972e1e
a277656a-e5b9-4e06-a42b-402d3365103d,"2024-08-29 08:11:16.360959","2024-08-29 08:11:16.360959",1,$bBPy_D6UaAFvEn5HfkNxtMoSn72NXYa1N1HKQqXDpfc,e3337011-2ddc-42d4-a485-38edc9180e3f,24dcdde9-54a4-46d3-a127-1855c312bd7a
a4e5356e-3f8a-4d7e-abe8-d462f08bd55e,"2024-08-29 11:23:15.786381","2024-08-29 11:23:15.786381",1,$N6fRpQcsawD1c7Gu9jbzWyqxc9atb9EqAUmwXiX06j8,e3337011-2ddc-42d4-a485-38edc9180e3f,24dcdde9-54a4-46d3-a127-1855c312bd7a
a7d7489e-ff17-4709-97d7-0cd059be07ce,"2024-07-24 08:09:14.438424","2024-07-24 08:09:14.438424",1,$sGFWrP563na2MUgwuvQ4vQrdIIBj8A89xFg-atnja9E,music-docs,b3080ea7-419f-4af5-b794-08c0d3972e1e
a8980592-2d75-458c-b3ab-81c941f7183f,"2024-08-20 15:31:32.622308","2024-08-20 15:31:32.622308",1,$ctVj6R9uKKpjNDO3fJgwJxWmAv7e5Qbv3qbZFHb49Uo,237b121c-865d-45c1-8590-d083fe657e45,5ce05b94-09fb-4aee-a559-f6e2c980dea7
a97827ea-8e0a-4fe6-a0d1-7c97cc50b09e,"2024-08-20 12:09:44.120107","2024-08-20 12:09:44.120107",1,$vkqMNevwrZJpXCiUHoeaNed51mXZcKrh1IS7axWyyrk,237b121c-865d-45c1-8590-d083fe657e45,673656b0-1a4c-41fc-804e-8beacfacd199
a9add215-7eba-4fba-95f7-9503dad77499,"2024-07-23 09:48:14.821003","2024-07-23 09:48:14.821003",1,$flKabmbpiWS0ot7XhjGozE9PRno99813GNLqmm_LvOQ,mountains,644292bd-efe2-4e80-ac6e-3a2af503b2d0
ac04ecd1-d9e2-4eb9-84ac-c04e8987443e,"2024-07-18 12:41:37.762091","2024-07-18 12:41:37.762091",1,$dgK7R-U0VA8ZYbcPuKhxn4HZKbs_4K50426szHg8ZJQ,mountains,da2d1543-9eb8-4dca-a10e-879be513abb6
ad677fc8-bf07-45bf-af3a-25f865acb7ff,"2024-08-29 08:14:04.268752","2024-08-29 08:14:04.268752",1,$mKv0C8_XlQWUOPEEJ7QkUQdfG82U16z1ON9gE4z0Rjs,e3337011-2ddc-42d4-a485-38edc9180e3f,24dcdde9-54a4-46d3-a127-1855c312bd7a
b03b7218-9823-48e7-a09b-c72e24cddad1,"2024-07-22 10:56:14.963843","2024-07-22 10:56:14.963843",1,$-AY0R1v0DqbduXTlO8MGeTrFh3aP37jy9kd7dqeoHdo,music-docs,3d8444d2-02c4-4426-a62c-829de27d3013
b1f6e07c-ecaa-4f42-b731-895979b02672,"2024-08-21 07:43:13.883172","2024-08-21 07:43:13.883172",1,$A2aSp44EtU1IGBUovykmawdth3Qk4JbF9z58RUywIu0,bcc94acf-9148-434d-a2cf-314d60f7a4e3,825dbd83-db33-407d-a6a5-b84fcdd5b6d7
b384dc08-1f54-434c-be47-6c5c86fe1970,"2024-08-21 07:52:57.419714","2024-08-21 07:52:57.419714",1,$uiAo5jZ9V_u8KKHGUMMETxnV6C0S_toSIEl6BBL0syQ,bcc94acf-9148-434d-a2cf-314d60f7a4e3,825dbd83-db33-407d-a6a5-b84fcdd5b6d7
b428b18f-a487-4ae7-a10a-13ccfda3bace,"2024-08-14 08:14:23.282301","2024-08-14 08:14:23.282301",1,$JC2Kif-oI0hBp3tlOo47RAToEHdVnvVdObhPNJ7ezmE,3b3f81e3-defd-424e-becc-9571d780c1ee,0291e587-a8d8-4951-9f44-499216aed251
b4b54183-83fa-445c-88ce-e7ab58bd89b7,"2024-07-18 13:13:28.449773","2024-07-18 13:13:28.449773",1,$3HyqgF9fSWrjM2lwobHcB-6ENcb4jzX6EeIdruFufw8,mountains,da2d1543-9eb8-4dca-a10e-879be513abb6
b77f0848-4db3-4f78-9d1f-cfc6b4b9188a,"2024-08-20 12:50:10.444807","2024-08-20 12:50:10.444807",1,$psP2CUbHgNByDtIXV1cOskhgG89CKgLZQdrXuwnaU9Q,237b121c-865d-45c1-8590-d083fe657e45,673656b0-1a4c-41fc-804e-8beacfacd199
b9382b32-da6a-4be1-a90a-880133177bd7,"2024-08-29 08:24:42.194500","2024-08-29 08:24:42.194500",1,$yMPuZxxRYLGXzzzOAHiX91GlSHiN0dgrUdwHOJyYgMY,eb60d506-e725-4fff-b03e-7ce830d512b7,42ac8fc6-1d40-4355-bca8-f1363be16615
bb6335d8-01f9-4999-a7b0-0be1349d8dca,"2024-08-29 08:08:04.069136","2024-08-29 08:08:04.069136",1,$kfx4YupDRDI7KgGG45y_vXsq9KOl03y6UmV9BG_wdGs,311f05ca-3223-4dd3-95c3-bac5969a7aff,f993d3f4-fd52-4b0e-b58e-9416c26375ba
bc433c22-f545-4099-8a35-c70f5987e3b1,"2024-08-21 07:47:36.778372","2024-08-21 07:47:36.778372",1,$mEgdca_KSIcwh1FMqppqFm4aEPjx9twFag1GFdicnlU,036e57ef-cdde-48f2-a9a7-724ab4e2a8f7,da3fdd60-8d8b-423a-bac9-88cc92bdd2cf
bc6a9a08-bf3c-4418-af1a-596e6359da3c,"2024-08-20 14:33:53.416026","2024-08-20 14:33:53.416026",1,$U-FAKNEyROte9F0T9ifQqmbAtS0QGQbiDkJpn8AVX0s,237b121c-865d-45c1-8590-d083fe657e45,4ac3b330-43c4-480d-95cc-005fb5cd2693
c0fbbf59-6379-4f58-ab30-abeb673089b5,"2024-08-14 08:15:27.321819","2024-08-14 08:15:27.321819",1,$luaeUW2tQ2Y1OSP8g9FUSXB0o5AaKSDMJiIh7rtyoMg,24d3fb91-7c05-4994-8cbf-1ff89de9b7d9,03aeee20-cf02-42eb-a650-eb374c6311b2
c3c6ce72-b22d-48f7-8594-5f68c9fc7f6b,"2024-08-20 14:57:09.623874","2024-08-20 14:57:09.623874",1,$ts3l56krAgPtnxVT8jkBo--Yo1wZDSorLFTHwnfDhfs,237b121c-865d-45c1-8590-d083fe657e45,4ac3b330-43c4-480d-95cc-005fb5cd2693
c3fffbaf-058a-4018-9917-3861c4344a58,"2024-08-20 15:28:09.420152","2024-08-20 15:28:09.420152",1,$ZlZ5peyecB7pu0E3LpZ8E8_Cq4ARxs_c6QzFVgkgAP0,237b121c-865d-45c1-8590-d083fe657e45,5ce05b94-09fb-4aee-a559-f6e2c980dea7
c558d03f-9afa-4e7c-ade2-0351c854d4eb,"2024-08-19 09:01:53.114360","2024-08-19 09:01:53.114360",1,$zBsdGsjLUL7Vx-6795OMHyhT3ddpSt7pZil-IIs3XQs,1380a18a-d857-40ee-8bb4-62c1c91f04f2,71f61b16-1b3f-4a2b-9a48-46b3446b0060
c72100a1-cf3a-4301-b0df-726287696e1e,"2024-07-23 09:34:01.307423","2024-07-23 09:34:01.307423",1,$F5ZVCXQxPElT0CJTrmYZNRZhv4EMt2G62YFcykRjYQU,mountains,da2d1543-9eb8-4dca-a10e-879be513abb6
c7420365-5d45-4772-8e85-26f801a9e584,"2024-08-20 15:32:41.930176","2024-08-20 15:32:41.930176",1,$85jXyvKq38Zw9878oIfHS6wofUNm0yCSx4bde1A9X3A,237b121c-865d-45c1-8590-d083fe657e45,5ce05b94-09fb-4aee-a559-f6e2c980dea7
c828d3f0-c2f8-421a-a29f-0dd76abc99f7,"2024-07-23 09:43:56.337411","2024-07-23 09:43:56.337411",1,$NtwuFcutV6XwDmic28q4l7wGKfCKQYKViPGtaOWlpsA,mountains,d9a5426b-4b0c-4772-964c-6a35c7286497
c8514448-885b-4ae7-a939-3941e4e59ed7,"2024-08-14 08:37:07.171087","2024-08-14 08:37:07.171087",1,$N5A_mfQk8-XV0lB4bscCZ3IfOwLxJxMkDTlM1A4c-IA,06605106-b5cd-4dad-8cab-50cd9a0be853,0291e587-a8d8-4951-9f44-499216aed251
c90dfbfe-621a-4c52-b8fe-102007493d81,"2024-07-29 14:10:20.564731","2024-07-29 14:10:20.564731",1,$J7we0HCXZkPUFuzPifKzvOFmegcktCJl1JrfbjdZ_8g,music-docs,a34f7eec-660d-48a4-9466-238a3c253e91
c96398bf-2290-4e93-adda-35587abd3d4a,"2024-08-20 13:43:06.185010","2024-08-20 13:43:06.185010",1,$TipudcB-K8y5aZtEmaADKGxrLCv8HL9VUc9UW25lpq0,237b121c-865d-45c1-8590-d083fe657e45,0f2e8559-ff48-4b4f-9cba-5d4a57ca8a2f
d080e4d1-0dfb-4496-8d20-c0c7fb828b43,"2024-07-25 13:26:37.645544","2024-07-25 13:26:37.645544",1,$hkIEGVU9_WCZxpS-4RelOCfaeHjgjktZyrXDeIftar8,music-docs,b3080ea7-419f-4af5-b794-08c0d3972e1e
d0a9265f-5a2c-489b-8911-23d33e7fcf85,"2024-08-28 20:01:34.373815","2024-08-28 20:01:34.373815",1,$Y3E6NdBG_y4Nqwpwvl5UhGeahnb5BQmGvzMBEcaQd3M,f7e3631e-5841-4499-b3e4-918930aaa92a,98f309aa-fa47-42d7-9354-32433f888051
d491a9c6-079f-4ca8-be1b-e08ed5b5b0d6,"2024-08-20 14:12:46.407906","2024-08-20 14:12:46.407906",1,$k83C3Zm-lChcxKw8_1ZsrB_iv_1dNDf0hHba0fFNydY,237b121c-865d-45c1-8590-d083fe657e45,4ac3b330-43c4-480d-95cc-005fb5cd2693
d4b22b91-c3ec-484e-91b8-68469630aef8,"2024-08-12 13:08:38.390734","2024-08-12 13:08:38.390734",1,$TNa0KSgU0jTa0Q5_SeSeRrVKBT043_XUK-MtkBji49Y,035e79b0-b84e-4497-a856-33ebba158279,276622dd-5c1a-4f6d-ab70-07b531693f5f
db40c788-80d2-4c97-b83b-465afd48a0df,"2024-08-20 15:02:26.707798","2024-08-20 15:02:26.707798",1,$yFyZ_nJeSwdQ3AvoXT9Gr1h5FyW3KJYC-HPp9_Qw7Kk,237b121c-865d-45c1-8590-d083fe657e45,5ce05b94-09fb-4aee-a559-f6e2c980dea7
dc787fd9-8de0-4121-b7be-7f10ed2371cb,"2024-08-21 06:43:48.821702","2024-08-21 06:43:48.821702",1,$tVPGe3IyZD6tVOMvB1VMg_OTURfKrIY4mdkK_aRt3gA,036e57ef-cdde-48f2-a9a7-724ab4e2a8f7,23e7a100-4563-4afd-b2c6-38a10cfadb65
de95749a-4e77-4edd-a17a-44845f59213b,"2024-08-29 08:09:54.917416","2024-08-29 08:09:54.917416",1,$Gxr-yUvmKhfDie7wZCRB7gUSGoConJgtlT1GlfPPDJo,e3337011-2ddc-42d4-a485-38edc9180e3f,24dcdde9-54a4-46d3-a127-1855c312bd7a
e255b007-c163-458a-bbac-ec04cfcb62a4,"2024-08-20 13:43:56.177527","2024-08-20 13:43:56.177527",1,$8g7mGOR6Y9rq0BicLnOuexvvSGMdqIv4bjxN5gUvjdc,237b121c-865d-45c1-8590-d083fe657e45,0f2e8559-ff48-4b4f-9cba-5d4a57ca8a2f
e487422f-1cf3-463d-900e-67db9066d1c2,"2024-08-12 13:20:08.886688","2024-08-12 13:20:08.886688",1,$cMg900tqDyzwQf8ZppH0SRIpEoEbms6b0f7v32I_Trc,b4129518-acfe-46a0-b93a-da56e266d510,49096449-d11b-4b60-99ba-3074edba8a27
e7488f78-45b4-4b18-bf19-435494d170f0,"2024-08-20 15:07:55.460553","2024-08-20 15:07:55.460553",1,$wR6D5FlzMzghNsGWebLitlZFOHk7J6pjiI0U8pRN2wI,237b121c-865d-45c1-8590-d083fe657e45,5ce05b94-09fb-4aee-a559-f6e2c980dea7
ef073701-bf78-4c23-9067-4f78f550ac93,"2024-07-18 11:04:24.103514","2024-07-18 11:04:24.103514",1,$oRdUZR5V1QegSEsr2ZqLcxHUB1b3VkltqV8dVpQV8is,music,b3080ea7-419f-4af5-b794-08c0d3972e1e
efee7af4-4f64-4861-9cd3-80b951a7713e,"2024-08-20 14:54:47.528641","2024-08-20 14:54:47.528641",1,$jN4w6rrhSdY1GwQDGu0mCvd52BxIRGwJhR19DAPy7f4,237b121c-865d-45c1-8590-d083fe657e45,4ac3b330-43c4-480d-95cc-005fb5cd2693
f0ca73fa-8a79-4f8f-9e5e-97bcf8d649d0,"2024-08-09 08:41:45.576191","2024-08-09 08:41:45.576191",1,$5utjiqgXtlxiPE63C_xegnZURdMTESYcRlIINDX1LYI,311f05ca-3223-4dd3-95c3-bac5969a7aff,f993d3f4-fd52-4b0e-b58e-9416c26375ba
f362c219-9ab8-41cb-b458-6c7681c68ae0,"2024-08-29 07:41:51.840231","2024-08-29 07:41:51.840231",1,$15Ay0L77Yl6y798iD8M8KrTNq1on2A1XEcYm_a1On7Q,af690b2a-ab11-4c5a-9b8c-6cd2d8700ebb,f12cc09a-f65a-4955-8ba6-86b712422ba7
f462b891-d51d-4c48-8b91-1fdf917c7978,"2024-08-21 07:32:54.074824","2024-08-21 07:32:54.074824",1,$Ca09Ut9ughToJeWrKOL3Mmj2cbOBKqXwyPyC-xMeOTo,00724d82-4f6f-427e-ae05-7054591da820,8ae1c5b2-cd9d-4ed6-afb3-c54a416e0f52
f7093566-47df-4609-b734-7838873b03ae,"2024-08-14 08:15:28.667139","2024-08-14 08:15:28.667139",1,$UnsjP7a-dpKElitY0NzHjUI41iqeuNpKy88B0Qg_UNE,3b3f81e3-defd-424e-becc-9571d780c1ee,0291e587-a8d8-4951-9f44-499216aed251
fbba0794-c997-4e3f-baf1-3d63ceee8bf2,"2024-07-23 09:51:26.072963","2024-07-23 09:51:26.072963",1,$DBmw54lRD_lih56AC_Vu8wEJylRgx7WAeDIuuD9AITs,music-docs,b66a3f6e-0873-4397-bf00-1b8440c627f1
fbdbca84-3f6b-45f3-9721-29bfed685cf2,"2024-07-23 09:53:23.808741","2024-07-23 09:53:23.808741",1,$hxuEMLUYa9nFMyzUxaajlkIYWfm-CuDL8Q8sb_F6_M0,mountains,0e94a356-7c5f-433c-b4d8-a3cc943cde1e
ff43c3a5-c1bb-44a8-a03a-38bd4f3b4c54,"2024-07-22 11:13:04.230423","2024-07-22 11:13:04.230423",1,$EIIgaAfiUHwDiGBdnQwyBctdDJxOiWlsQyHPsrvQwT0,mountains,97099e87-8ca6-4162-b2dd-8f00cd3119ed
