id,createdDate,updatedDate,version,nameID,authorizationId,profileId,agentId,communicationID,accountId,listedInStore,searchVisibility,aiPersonaId
00724d82-4f6f-427e-ae05-7054591da820,"2024-08-21 07:32:24.592910","2024-08-21 07:32:24.000000",2,joeroganpodcast,477fe490-983f-41bf-aa43-d208c314e630,3a203381-8715-45e8-850a-e5f6be001cf7,e882c37b-75bd-4a91-b36d-a2b5432b0886,@virtualcontributorjoeroganpodcast=alkem.io:matrix-acc.alkem.io,a0d57196-f710-41c6-b43d-64c6ccc453a6,1,account,6b5e1b6e-2398-4cb4-a68e-de094a917f9a
01f98aaf-eee9-4262-9ee0-7383a5b4ff29,"2024-04-10 12:24:40.188641","2024-08-27 14:18:54.378281",1,v-p-c5b450d2-faea-4d48-9e,ad869b10-05e4-4720-9af6-4d544e33429a,a13ec723-6cfc-4943-9411-ab977ad1f6ca,0ba2dcb3-676a-407c-a4f0-2028b6d07454,@virtualcontributorvpc5b450d2faea4d489e=alkem.io:matrix-acc.alkem.io,fa7550c2-78b1-402d-9b22-e8733aa48137,0,account,ad8e0dbb-6e93-43ad-93bf-7c7b320dbaed
035e79b0-b84e-4497-a856-33ebba158279,"2024-08-12 13:08:20.399538","2024-08-12 13:08:20.000000",2,inv-1,cc840202-c4fd-4010-a8ac-1f401214e4b0,09ea6b05-e7c0-406d-899c-534f648df1f0,9d6487f3-f1cb-4b09-bf71-b347c431764a,@virtualcontributorinv1=alkem.io:matrix-acc.alkem.io,292e155a-9023-4495-a821-47861e2fa0c0,1,account,699237ff-885f-4519-8556-22a0789f90c5
036e57ef-cdde-48f2-a9a7-724ab4e2a8f7,"2024-06-28 11:50:45.190173","2024-07-01 07:02:23.000000",3,vc-campaign-manager,366e1062-9259-4198-b69d-711d04b5360e,1e6d09eb-1285-4bdf-805f-f56db60f7810,3fc89a9a-7266-49df-be2d-e4e03174494c,@virtualcontributorvccampaignmanager=alkem.io:matrix-acc.alkem.io,a0d57196-f710-41c6-b43d-64c6ccc453a6,1,public,5dee0111-dd1e-44a5-aad4-398e56ea04c4
06605106-b5cd-4dad-8cab-50cd9a0be853,"2024-08-14 08:36:43.447829","2024-08-14 08:36:43.000000",2,555,061ddf3d-9b0d-4544-9c68-9cadcf9cc941,7c23b457-06c2-4810-9a46-1b709f6a5c62,694bb025-3adb-4281-9cdb-58b74298b56f,@virtualcontributor555=alkem.io:matrix-acc.alkem.io,e2453bf2-5cb9-4a71-83b7-7380dcaa09b8,1,account,8432cc07-66a4-4129-818c-ac64c751863e
0a7ed351-8fd2-4bd8-9690-f5671411e593,"2024-04-10 11:36:18.786084","2024-08-27 14:18:54.407751",1,v-p-f7f2f575-d476-4989-ad,06aa1da9-c4ff-406a-9af1-a402259b9df2,cb28e804-e6c3-43f1-a8bb-c96d095bbf42,566d6ce9-e666-449e-bc45-a5e9098df9ba,@virtualcontributorvpf7f2f575d4764989ad=alkem.io:matrix-acc.alkem.io,fa7550c2-78b1-402d-9b22-e8733aa48137,0,account,8864edde-441a-4e5d-84b1-22cbf6d1a602
0f21ef1f-932c-4111-b83b-5cb111dde859,"2024-06-10 13:19:31.990861","2024-08-27 14:18:49.410019",2,space-vc,467b8081-8129-4e21-93ce-a9be8e4b7cb4,cf65ef01-cd13-49f5-b7ec-99e023663db8,72520e70-addc-4afa-bc9f-d1fd6a6aa7f4,@virtualcontributorspacevc=alkem.io:matrix-acc.alkem.io,89b950ad-9cbb-4499-9b4e-ca10e3b631d8,0,account,b01606ee-acf4-4cc6-a48b-7b37d014f287
1196a624-6ffe-4ce6-8d6e-26732337558d,"2024-08-14 08:33:57.167432","2024-08-14 08:33:57.000000",2,777-1,61593f37-aacc-449a-bae4-4e2270b70ccc,395756d6-a19a-4034-8760-ac0125200104,da83ed4f-9ff2-4d78-866f-ffb7d659fe3d,@virtualcontributor7771=alkem.io:matrix-acc.alkem.io,e2453bf2-5cb9-4a71-83b7-7380dcaa09b8,1,account,60d60b0d-83c8-43d7-a375-4887f14fa58d
11a1761a-5a71-4510-9fb6-d7cc77837ad4,"2024-06-18 13:15:26.204424","2024-08-27 14:18:14.646456",2,dsfsd,58c243ec-2122-4404-a658-299f3699fb9e,acd65181-a6f4-4b0c-b4f9-0f70bcd4e6c2,f6b11533-6c79-4af2-ba9b-d2216c2bf7ea,@virtualcontributordsfsd=alkem.io:matrix-acc.alkem.io,bc4e75af-756f-41e6-8516-891e0c4687d5,0,account,fdfd3a43-5a47-45b1-a543-616f706764b5
1380a18a-d857-40ee-8bb4-62c1c91f04f2,"2024-06-28 09:20:44.098811","2024-08-27 14:18:45.591466",5,music-docs,f21f1b6c-2f64-43ec-86b1-99b1a97b97cf,659a0a34-f967-4179-a6db-4bce054884db,eccf645e-c051-4b9f-9125-15cbb1897e92,@virtualcontributormusicdocs=alkem.io:matrix-acc.alkem.io,c6b8bdfb-6706-472f-8652-d673c637420d,1,public,f00b37a6-5cf7-4257-9c3f-34847d1ed06a
162b7606-3dee-4541-8601-95f95f491155,"2024-05-17 11:00:07.021451","2024-08-27 14:18:54.438704",1,v-p-76635148-2722-419d-a4,dfc8f148-4a24-4b19-bc13-b42ded64e599,e695951e-5242-489a-9908-9be83f46027d,c159a3e7-179b-4a12-b946-a0b7e3b3a2f2,@virtualcontributorvp766351482722419da4=alkem.io:matrix-acc.alkem.io,fa7550c2-78b1-402d-9b22-e8733aa48137,0,account,687baa77-a829-456b-af58-009039099c45
1aa3435a-b014-4700-95b9-fc0a8bc5a724,"2024-07-19 10:27:43.410573","2024-07-19 10:27:43.000000",2,523454245,c022c9e2-14e9-433d-acb9-6407c72ed2c5,08b0c02e-0942-488e-a131-2c63b7fc6780,35e5964d-3f6b-4e5a-aa41-a2f0d6b78566,@virtualcontributor523454245=alkem.io:matrix-acc.alkem.io,8b6edec0-af1b-4732-ba1c-dd8c51f6dd3c,1,account,188bcc5f-25d6-4ca5-a37d-5a69cfd60021
1b22b1f9-82dd-4157-8650-55da4dbe5551,"2024-07-19 12:33:46.009993","2024-08-27 14:19:00.503730",2,dfhgh,6666a0aa-373d-4235-a089-39ea0de25e96,92b3dc58-d27b-4b84-a552-6287d4a2f4f1,6b6b9587-a5c9-4ff1-9105-38e15248095b,@virtualcontributordfhgh=alkem.io:matrix-acc.alkem.io,5ab4e4dc-cd6c-4c51-9b9c-a22480f5df6d,1,account,56fa9be6-c87c-4e7e-9093-b690e9917b55
1c217a1a-eef2-4cd5-85db-d779873bf524,"2024-06-28 11:55:02.400719","2024-06-28 11:55:02.000000",2,campaign-manager,2df056fa-c251-4f8a-a35a-b6f8e4eef8c5,ab2bb85d-4e6e-4870-828b-2d58cb1d174d,28de2622-3870-4114-a6db-ed19fad9142b,@virtualcontributorcampaignmanager=alkem.io:matrix-acc.alkem.io,a0d57196-f710-41c6-b43d-64c6ccc453a6,1,account,24f3273e-f81a-4e19-a10c-a5e4d6715954
1dc062b5-117c-41d7-bc86-f5e3fa658a83,"2024-08-12 14:11:02.162197","2024-08-12 14:11:02.000000",2,test,2bb7e908-93d1-4a35-ad18-d8d60ce08e36,76e34c49-d176-4a89-adc9-e72ff09caa37,14523571-74d2-4be5-8c2c-b4b9c92ed503,@virtualcontributortest=alkem.io:matrix-acc.alkem.io,d83c35b4-3913-44e9-9080-9cc22a2912a8,1,account,eb2809e7-6358-444f-9e60-1279f94b3ca8
237b121c-865d-45c1-8590-d083fe657e45,"2024-08-20 08:37:09.349774","2024-08-20 09:00:22.000000",6,2227j,d5c72ba2-df5b-412a-8dd5-360678488524,626e609e-3d07-499a-ad40-cc71235a01fb,aa4283dd-28bd-4257-b56d-dc56a8517888,@virtualcontributor2227j=alkem.io:matrix-acc.alkem.io,d6f1e961-178b-47a8-9e23-0ab9b5a59782,1,account,e7b7d7ae-71cc-4891-880b-5afe73ff65f4
244faa90-217f-43cf-99de-98bd98562819,"2024-08-13 14:26:32.409341","2024-08-13 14:26:32.000000",2,createsubspace,9b32ae83-01e7-4ce6-8dfd-3255dc98475e,a0bdc9dc-7f47-4a35-9c08-b5889547262e,28d6c00b-8c4c-4537-a557-2db30343bf2c,@virtualcontributorcreatesubspace=alkem.io:matrix-acc.alkem.io,5ef687e6-caf6-4010-9b79-4a27cd4ddb6f,1,account,7ea11109-a3cd-45a8-b1ef-64bb2eebd949
24d3fb91-7c05-4994-8cbf-1ff89de9b7d9,"2024-08-14 08:10:53.222126","2024-08-14 08:10:53.000000",2,ewrwer,2cf5663f-2484-472f-9e85-f79550028e9a,06d51bcc-7c1e-4541-8c60-0ca59d102808,e7108990-ea58-4f9b-862f-af885ee1ac7e,@virtualcontributorewrwer=alkem.io:matrix-acc.alkem.io,7f708aca-b187-4542-9fc1-a73f3f7b87a4,1,account,6045db6a-cf25-4e82-9e04-049301a420e6
26c1a06a-0766-4963-b3dd-07816b8abb40,"2024-06-28 12:28:23.855222","2024-07-01 07:31:49.000000",3,marketingvctest002,0e410c2f-f496-44cb-bd14-daa2490a32cf,1f9c4828-ed63-44ad-87ef-7ff63a48bf40,ecf2363b-32b4-491a-8129-54e8137a58b9,@virtualcontributormarketingvctest002=alkem.io:matrix-acc.alkem.io,94fafbe6-95c1-4ece-9475-9898e94f0267,1,public,6953b757-398a-4f73-b653-a1cbddbc82ff
2757154b-fcb9-46a8-bb9c-c4a9681381d2,"2024-08-09 10:41:27.072239","2024-08-27 14:18:49.757318",2,expert,96497079-f018-4c2c-b9bc-e85f26d27c01,30769880-c064-482e-aa1b-798b4404ed64,6418d323-4b35-4ccd-96d3-13586935a83a,@virtualcontributorexpert=alkem.io:matrix-acc.alkem.io,89b950ad-9cbb-4499-9b4e-ca10e3b631d8,1,account,b2c44846-1cd7-4f83-b1c4-b44159e7bf3c
27c15312-612b-47a2-8e55-32db82bf3851,"2024-04-10 10:57:39.388804","2024-08-27 14:18:54.466219",1,v-p-ec2db2b3-ef3f-452c-bd,db04885c-86da-44f2-86e1-305eedb5c163,b8f0f8cb-2edb-4854-a0f2-101ef8808ac2,4b43b673-da28-4222-a588-4afa22e191e5,@virtualcontributorvpec2db2b3ef3f452cbd=alkem.io:matrix-acc.alkem.io,fa7550c2-78b1-402d-9b22-e8733aa48137,0,account,b855e5a8-e1f8-4183-8a2e-3d04449e8ffe
2a20f462-f651-4e51-a998-6f3fe6d93a27,"2024-07-05 14:04:55.535874","2024-07-05 14:04:55.000000",2,uniquenameforsure333,ce3766aa-ff96-4d24-8914-c3fd757adf44,b685c8aa-cca9-49b6-920c-21f7643f4f4f,935cc423-4891-40c5-86e9-39420b8d7be7,@virtualcontributoruniquenameforsure333=alkem.io:matrix-acc.alkem.io,d5bcb662-9192-4ed9-be39-3f7c6de43029,1,account,f09324df-edba-43a5-9602-4619a219df54
2ea3e5fa-26db-40a3-a57c-ceb8b1b5d814,"2024-06-06 08:07:25.477097","2024-06-24 14:32:07.083955",2,vc4r,8bc9bcde-4b4d-431a-9974-043f1ac01a0e,58353579-b2c5-46bc-b91c-b2cd22d0226c,7e3eb034-be0c-4961-beb2-27ab1e086540,@virtualcontributorvc4r=alkem.io:matrix-acc.alkem.io,c3d8de28-5fe5-4610-9401-e70218778ab9,0,account,03ceb88a-0763-4d26-849d-c29354316c16
311f05ca-3223-4dd3-95c3-bac5969a7aff,"2024-08-09 08:32:08.267126","2024-08-09 08:32:08.000000",2,test-vc-flow-001,8b4cbf91-be1c-4e6f-a65a-847d570d8add,2ba444a0-355b-4f8d-b458-498b6a9a096d,ace1a1bc-9ba0-4a96-a44d-01bc393ef503,@virtualcontributortestvcflow001=alkem.io:matrix-acc.alkem.io,cc104c9b-3d2c-4258-8c28-b395cd41cdc8,1,account,2e77c177-0d47-487e-b6be-c0c52351204d
32d77a23-09d6-4e63-a1a6-ba352ab1596d,"2024-06-04 11:41:44.143680","2024-06-24 14:32:07.250053",2,v-c-aacd5206-2834-4735-b5,df61e586-19be-4868-8350-3e239463291d,7e2a741d-560c-4c84-8031-e62b3db7ce3e,df23a902-6bf9-4ca1-9426-139ffd95c797,@virtualcontributorvcaacd520628344735b5=alkem.io:matrix-acc.alkem.io,5ef687e6-caf6-4010-9b79-4a27cd4ddb6f,0,account,945dd396-f5de-47cf-9077-50f4131d88c6
32f0bd83-589a-4c69-baa4-ccbdc1467f29,"2024-04-10 11:21:14.287704","2024-08-27 14:18:54.493955",1,v-p-8f9ed60d-9d54-41fa-b0,6c7a630d-7986-4751-8a13-29114d2e7a9c,4e4c8e93-9b37-4a9e-9a05-94047293c5ba,2d4d42d5-ec87-4205-817d-3e78318b518a,@virtualcontributorvp8f9ed60d9d5441fab0=alkem.io:matrix-acc.alkem.io,fa7550c2-78b1-402d-9b22-e8733aa48137,0,account,51a8fc17-19df-4fe3-bd0e-8ad872bf5522
3630d0ab-9f35-4abb-a39f-a20f5b66dac5,"2024-06-05 15:18:32.155302","2024-06-24 14:32:07.569950",2,v-c-a193af1c-9be6-4e1f-9f,f521970d-39c9-4c53-b26e-11558a3a14f0,7448ee30-b84b-4e0d-bb65-1901de203bca,31db8c44-0ddc-4eb1-b04c-7d9bc39fc9aa,@virtualcontributorvca193af1c9be64e1f9f=alkem.io:matrix-acc.alkem.io,67399e24-5c42-4578-931f-758d3dc2a136,0,account,2bd4582d-c1fd-475a-bfb8-ce46118a0b63
3868f4f8-d7f2-41b9-be24-672d48ae1c91,"2024-07-08 11:42:51.951627","2024-07-08 11:44:28.000000",3,ssl1vc,9406e903-48e9-4598-a2b6-a9cc6a01e5ba,70a26945-3cd1-47a5-bc41-facaf15aa1b2,24ffc502-1083-4533-961a-6a1ee8736007,@virtualcontributorssl1vc=alkem.io:matrix-acc.alkem.io,2cabf609-2714-4d45-ab71-fb02be2b3b17,1,hidden,34bf3b49-7d6f-4ba6-baef-7eef6ac79b4d
392ca4d8-cffe-400a-a3f2-b6f35ef7d382,"2024-08-23 10:54:32.322912","2024-08-23 10:54:32.000000",2,vc9l4,d4d6ef6a-bee8-4013-82a6-b62df0b53247,38f523c2-c2cc-434d-987e-a29347b3824a,c7803661-4819-4ee0-8755-b2a1e58a90f8,@virtualcontributorvc9l4=alkem.io:matrix-acc.alkem.io,e88eae38-7948-4490-9eb2-a015e568e782,1,account,6bf8662b-2df4-4d78-b2d7-fa088b844470
3aecdc7d-1325-4a59-b2e9-e1a257a7bdf9,"2024-06-05 09:44:59.302975","2024-06-24 14:32:07.851737",2,v-c-5b5785fa-b203-47da-9d,387d3419-f4f9-40be-a205-dc19a561b6ea,e0021368-6ba1-42a4-b4a5-ff63bdb039f1,56147513-9de3-44aa-a6fa-df2c413e9e06,@virtualcontributorvc5b5785fab20347da9d=alkem.io:matrix-acc.alkem.io,0e7b9791-7496-4671-b392-ec90931c6804,0,account,1c0a9ed1-c2b2-45cb-bcb8-7dc758282a5b
3c73cac1-0ea2-44b4-970e-7b62693966c9,"2024-08-12 07:27:40.638976","2024-08-12 07:27:40.000000",2,test-vc-flow-004,e144297f-388a-4e5f-a4ed-ebca943916b0,fcad9c1f-7a73-43ac-a1e2-602df9e4e611,c6fb31c8-6a46-4d8a-a3ad-b807592f7a66,@virtualcontributortestvcflow004=alkem.io:matrix-acc.alkem.io,cc104c9b-3d2c-4258-8c28-b395cd41cdc8,1,account,159e5b3e-43cc-4db6-a24f-053cefec7c6e
3c807d5b-7806-42a5-aa0d-7df1cfd4cc99,"2024-09-02 11:12:59.014794","2024-09-02 11:12:59.000000",2,test-vc-003,37ee54ef-b246-497c-8389-b156a67cd10f,0504a526-4e39-4d0f-845d-84c3f2133c99,22dadf80-9e84-418d-8785-18f2756ba266,@virtualcontributortestvc003=alkem.io:matrix-acc.alkem.io,ed0580e1-7559-4c0c-9e5b-2f7b51190224,1,account,58571a92-5a13-4020-bb66-cf62b4a6876f
3e48eba5-2a04-4205-835b-f6f19631e1b1,"2024-06-10 13:20:43.288032","2024-08-27 14:18:49.442794",2,space-vc2,faa9f850-cad7-4879-85e1-0f1eb5c4088a,43701413-23fd-4f79-a55a-5cd0dd5cce3c,5a0a907d-d378-4bc6-a30d-912556ed56a5,@virtualcontributorspacevc2=alkem.io:matrix-acc.alkem.io,89b950ad-9cbb-4499-9b4e-ca10e3b631d8,0,account,7eabf2eb-901f-4ff1-acfb-3045a87b490c
3e7d3850-8aa2-4ffc-9ed9-556689f90059,"2024-07-18 12:33:13.276251","2024-07-18 12:33:13.000000",2,jul18-2024,322b418e-ab4d-4d7f-8382-d749ccd48613,b07f3ecf-d9cf-4259-8011-4ab7366a3e3b,d05f298c-083c-42b8-8861-6b68d5dcdc49,@virtualcontributorjul182024=alkem.io:matrix-acc.alkem.io,47e3d41a-6b65-4592-ab36-f3da0f322cb2,1,account,0d624a93-982c-46df-9f7f-523a598dad3e
41819b96-4fa0-487a-ade0-02922a1ece89,"2024-06-25 14:04:16.849695","2024-06-25 14:04:16.000000",2,test-pedestrian-vc,61700490-7be8-4f37-a4c6-ec03cf4525ec,ef38e954-b19f-40be-8e2e-2f5d2a2087de,770d2c2a-0617-4573-9604-defbfda324e6,@virtualcontributortestpedestrianvc=alkem.io:matrix-acc.alkem.io,b666b710-ad7c-45d1-af51-9aa63ac810c3,1,account,585c0607-d6bd-4e9d-bf5a-ea49c726b1e0
41e18bf7-bde4-44b5-abbb-cdd80d8709c8,"2024-07-05 14:00:15.072325","2024-07-05 14:00:15.000000",2,vc1222carlos,44940104-35d5-45a7-b60f-2653826d7ea9,302c278a-870c-4dcc-9bc8-112e53eb8801,7ea84408-7c5d-4f81-90d9-e22f852f0877,@virtualcontributorvc1222carlos=alkem.io:matrix-acc.alkem.io,d5bcb662-9192-4ed9-be39-3f7c6de43029,1,account,8f0881c9-560d-4bf4-9cdb-944b374e935c
42debd29-49a4-4df6-8ff5-dd7dbf92c0e2,"2024-07-05 14:07:56.275576","2024-07-05 14:07:56.000000",2,andrewsvc1,45d7697b-b0f4-4c97-98e1-345c04dd2cb2,4b7e1e9f-e808-4cc2-b3c3-faa0b5d532da,37cb362e-0ec2-4b41-9447-4a74b754bc28,@virtualcontributorandrewsvc1=alkem.io:matrix-acc.alkem.io,75c8d87c-4339-4b00-a80e-df4786921720,1,account,597bc9d1-7821-4523-ad70-fd0da9dcc62d
44651760-f0f4-4fd8-b868-09d6cbe6c0e5,"2024-07-08 12:34:40.125028","2024-08-27 14:18:28.997827",2,1233,5a0b4386-a0c9-424d-8c42-325872c2838d,2cb62e3b-d502-4461-9bca-772600174469,12421f75-642a-49b1-afa1-77dcaa16833a,@virtualcontributor1233=alkem.io:matrix-acc.alkem.io,b0ade88f-19f8-4857-a6d5-460f0f52ed32,1,account,ab052a49-cff9-4b5f-abc9-dcabe6b3d865
460bafda-76dc-4caa-b976-86e0d5743ef2,"2024-08-12 14:13:54.008556","2024-08-12 14:13:54.000000",2,test2,7ac658d5-6edc-4f49-864c-468e7c68ad23,11692475-b1b7-4270-a4d3-0217ed795bea,e3daa77a-47f8-4323-acb6-fb6ce496d0eb,@virtualcontributortest2=alkem.io:matrix-acc.alkem.io,d83c35b4-3913-44e9-9080-9cc22a2912a8,1,account,02b92f34-d955-4f14-b4c4-25ff520763e7
49a01a72-5202-4456-9a52-8e5ee5e34abd,"2024-08-13 14:27:56.824357","2024-08-13 14:27:56.000000",2,4rth,31c24e02-26d9-4341-a317-f5417919842f,127110bb-46df-4cc8-915d-ef7eadf2a9ed,50a8d101-b3d7-4da7-91d2-2cbec468dccd,@virtualcontributor4rth=alkem.io:matrix-acc.alkem.io,5ef687e6-caf6-4010-9b79-4a27cd4ddb6f,1,account,0b6149a2-e92f-48c3-a140-1b6914a23130
4de11c31-2d2f-427f-9f75-feec94f0a916,"2024-06-03 20:21:14.972362","2024-06-24 14:32:08.173606",2,v-c-1d9c8171-1335-42ae-8d,a8d52852-aedb-4f4a-bd30-67d2c1a07743,ec702dbc-5dd9-4772-8ca8-3729237440bd,fc6456e8-27df-4bdb-85f0-5483599ef74b,@virtualcontributorvc1d9c8171133542ae8d=alkem.io:matrix-acc.alkem.io,a06964b0-2308-4702-9d23-792f70c3f4de,0,account,6fe47bb6-fa3b-4567-afd4-678c3f82586a
523d55c3-6c5a-45cb-b626-4b3a3f8fc401,"2024-05-20 10:13:19.001714","2024-08-27 14:18:54.520779",1,v-p-3948b5ec-d624-4c35-8a,8ad65a91-712e-498e-a3dd-40fab199cec0,7d5af6ea-939c-4292-ba5f-197922b4ef58,e9b783d9-650f-43c3-a5b7-ee542836323b,@virtualcontributorvp3948b5ecd6244c358a=alkem.io:matrix-acc.alkem.io,fa7550c2-78b1-402d-9b22-e8733aa48137,0,account,34822083-60fa-48f7-9499-bc2ca66104ba
54727d5f-5dec-4197-b0e5-7e28e5919e4d,"2024-06-19 10:47:09.516977","2024-08-27 14:18:18.212465",2,chvc,4e3903e1-98b5-47e5-a1b0-233acc593132,12537b70-71c3-477e-ab71-96d4451a4b86,bb433b50-03fa-475d-bfc7-13b5955c777b,@virtualcontributorchvc=alkem.io:matrix-acc.alkem.io,16651281-9212-4d25-8d2b-7e9b314185fe,0,account,5b033d77-fb85-47e7-a539-5d63b4df18d9
54d3b3a4-b37e-4cfb-84c6-7632367ae6af,"2024-06-28 11:42:33.307506","2024-06-28 11:42:33.000000",2,campaignmanager,0dfa4ec2-6359-4d96-b879-91567c5ff55a,638cb6d1-c58d-488a-ae38-4bda2749cbfb,a05ba6c1-e723-4fa4-9aca-3d743c174e03,@virtualcontributorcampaignmanager=alkem.io:matrix-acc.alkem.io,a0d57196-f710-41c6-b43d-64c6ccc453a6,1,account,aa0e698d-86ef-44ec-8d70-ad8ea7dffb09
55abde36-5628-4305-a8a2-c6faf7a81663,"2024-07-05 14:05:47.490738","2024-07-05 14:05:47.000000",2,misho,1f5e8ca6-e813-4bcc-b5f3-1560a02c42e9,cc9826d9-7674-4cb4-b549-8e710edb0cc9,3fb6daf9-f28e-42c8-a398-b68b60acfb1c,@virtualcontributormisho=alkem.io:matrix-acc.alkem.io,2cffd3b5-95ba-48f4-949a-b279d8d2eb96,1,account,f85318f1-3794-47a6-8407-c910c2083b93
5859882b-9aa5-4203-ba0e-e29fef22fa76,"2024-07-01 10:47:23.404079","2024-07-01 10:47:23.000000",2,vccreationflowleadtes,80b8ac09-ef2f-4471-ab4e-80002a46d66f,25240b26-ff6e-4ac6-8e7e-3599d6c12911,59eccff7-7954-4297-a5b8-9b211b7e6c16,@virtualcontributorvccreationflowleadtes=alkem.io:matrix-acc.alkem.io,f4612a42-5079-46fc-97a2-f1cdeea1cb0e,1,account,113ce774-7c2b-46de-b071-0f1e08a4a775
594e71dd-b9ec-491b-9eb0-ae30c3bf754e,"2024-07-01 12:34:21.269802","2024-07-01 12:34:41.000000",3,vc-test-create-flow-002,a0a9e21b-c60a-4a3a-ae4b-3173f0dae364,9efa5aa9-fb6e-470d-a26c-cedd26770a8b,2e993de1-8ca4-4a30-a956-e0b137f4ebd8,@virtualcontributorvctestcreateflow002=alkem.io:matrix-acc.alkem.io,ac898f94-3010-4a62-bc4a-10105fbc64f4,1,public,10ee84d3-da82-4777-8149-7f53737c3894
5c61bc70-49b9-4b96-9810-af28e0fefd0e,"2024-07-01 10:36:31.467581","2024-07-01 10:55:01.000000",3,vc-test-create-flow,8b71045c-89fd-4bfb-abbf-3cfbe7ccd8af,a8ef33fd-0662-407c-b745-53fbca9d6d29,62d6fdc8-f820-4042-8bc1-fcab7dabc243,@virtualcontributorvctestcreateflow=alkem.io:matrix-acc.alkem.io,974984ac-f2c7-4ae5-9f4b-a1086fcdc4a7,1,public,26758b86-71d5-4df5-bc64-686b8ea30ae2
61069c2a-f9c0-4187-8aa0-009b64772bc7,"2024-08-14 09:04:08.320469","2024-08-14 09:04:08.000000",2,555-1,784b512e-7b51-4bdc-b1bd-eee9f10397ad,b6a4fe6f-e7b9-4b05-8992-4254a30d2089,f180e4ab-4bf9-41d9-bcaa-22c8d72aa332,@virtualcontributor5551=alkem.io:matrix-acc.alkem.io,f7824289-29f7-4947-9c59-35f290757213,1,account,6bd11489-4e3b-4b44-b10f-6c29d0e68218
64bbafe7-c56c-4c8e-a085-99e087ba2e9d,"2024-08-14 08:49:07.994086","2024-08-14 08:49:08.000000",2,111-2,cd7afc54-9c9a-410a-b81d-1545fba52dc3,7f186c90-3053-4e7d-8775-60f6603a7e88,c8bbe2de-63f4-49a3-88b1-25718d090525,@virtualcontributor1112=alkem.io:matrix-acc.alkem.io,f7824289-29f7-4947-9c59-35f290757213,1,account,f401644f-7ef2-43f9-90a0-2a63d737b8fa
6842e147-46f8-4b1d-89fc-d9a8c143fec8,"2024-08-23 10:52:24.229858","2024-08-23 10:52:24.000000",2,simoneistesting,05d191be-c845-43cb-99b7-a4cfc416d520,fb40cbc0-3a97-4f1f-baec-f1704a7e36f1,7fd52a30-6d9e-4654-813e-e7595b1546f9,@virtualcontributorsimoneistesting=alkem.io:matrix-acc.alkem.io,e88eae38-7948-4490-9eb2-a015e568e782,1,account,63d94414-8aff-4073-9647-09a66ba02dbb
6ab2af67-0c58-4edf-b29a-59a990618cf2,"2024-08-20 09:41:49.948582","2024-08-20 09:42:22.000000",3,444fj,8ee05c8d-30a1-47f6-af9e-7d5b2886786f,1867a2aa-ef8a-421e-a933-dd6a71d277dd,5084bbd9-8df5-4640-81a3-b0ed5e359975,@virtualcontributor444fj=alkem.io:matrix-acc.alkem.io,d6f1e961-178b-47a8-9e23-0ab9b5a59782,1,public,9453b8f0-0e83-4f40-ac92-17abaf973d3b
6f864383-bbf6-4151-9cd1-2435825deda5,"2024-07-08 10:38:22.360136","2024-08-27 14:18:29.037096",11,l1-2,39040d47-1e56-41d4-95d0-3264aea3e51f,8bc35304-a436-46c5-8003-a254865761a7,2445e4b6-4ff6-40b9-8433-d3a932e23660,@virtualcontributorl12=alkem.io:matrix-acc.alkem.io,b0ade88f-19f8-4857-a6d5-460f0f52ed32,0,public,cf59e3fe-2083-4703-8ca6-80fb02eb439c
71629e0e-9069-4887-b721-618a0e377525,"2024-06-06 07:52:51.881695","2024-06-24 14:32:08.771598",2,vevc,f1d0702b-dfad-40c6-8b49-6bd83f0db86a,a884951b-93a0-4ef4-be1c-44bf3aabb4b9,f3f627f3-f970-430d-abfc-f32552328b17,@virtualcontributorvevc=alkem.io:matrix-acc.alkem.io,c3d8de28-5fe5-4610-9401-e70218778ab9,0,account,afeb5b33-07d3-4a85-bf64-9300f6c2bd8d
74f02165-cb1a-4a6d-87ae-fd1fcde084b4,"2024-08-13 14:25:33.965527","2024-08-13 15:37:05.000000",3,test-1,e84b4193-d213-4a92-8105-280c3b42043c,3f8025ac-c371-4f7c-aca6-8ffa9cc0e3b3,cc7e6d71-307e-4b0e-a002-84fa08ae442c,@virtualcontributortest1=alkem.io:matrix-acc.alkem.io,5ef687e6-caf6-4010-9b79-4a27cd4ddb6f,1,public,00937c9c-bccd-45ec-bbcc-380b6f32f71a
767a7ab1-cede-4d64-8648-9bfe55bbc4bc,"2024-06-25 12:46:49.423733","2024-06-25 12:46:49.000000",2,spacecontr2,5b78b7ed-ad22-4f01-b4d2-56a52581f13e,80fa96aa-9d3e-4dad-9011-5378b0f49b48,d617f1cb-543d-4a85-896a-e90575e92d2c,@virtualcontributorspacecontr2=alkem.io:matrix-acc.alkem.io,0b5e4cd2-1cbe-4ea1-93bd-0498e3568330,1,account,77a39fbe-4986-4200-9091-748d7eb83e34
76ca2a7c-4749-4523-87a7-933e03fdb238,"2024-06-19 10:57:24.145203","2024-08-27 14:18:18.975577",2,gavc2,faee2826-1143-4e19-b824-95d0592bce41,dfe6e3e8-e503-4f9d-a43f-821833e52d73,bcecb937-2085-4f4b-b239-286ec095db2d,@virtualcontributorgavc2=alkem.io:matrix-acc.alkem.io,16651281-9212-4d25-8d2b-7e9b314185fe,0,account,607f24e1-31c2-47f7-98d4-d8e27f202bb5
791a7672-f0ef-4e26-beed-9dc0db04890f,"2024-06-25 10:47:57.555161","2024-08-27 14:18:45.626223",5,j25-2,fc671bd3-ca0f-4b8f-9984-c20f43a69a87,83f895a1-dbc9-4062-8be2-08c7917013d5,01a5e6c9-7d6b-4e72-803e-d1762367de0c,@virtualcontributorj252=alkem.io:matrix-acc.alkem.io,c6b8bdfb-6706-472f-8652-d673c637420d,1,public,b3006d36-5dae-4d5a-9570-e76ea60f36a2
79b7255b-556c-464d-9fe6-f298f4b9addb,"2024-07-08 11:41:34.397531","2024-08-27 14:18:29.067401",2,l1-1,bf71479c-5303-4471-b11b-f522ded38cba,9044b2da-58a5-4cc7-b712-844275bc4bc0,e727ccb0-bcb0-42e9-9bd2-8516e7644964,@virtualcontributorl11=alkem.io:matrix-acc.alkem.io,b0ade88f-19f8-4857-a6d5-460f0f52ed32,1,account,6242586c-bfbd-4eef-a383-a7aee225b852
7b85b460-a8f1-4f1d-9586-07f6114a7f57,"2024-06-05 08:57:48.589128","2024-06-24 14:32:09.074002",2,v-c-ea8ef0dd-49fe-4086-91,e62d2d2f-cebf-499d-bb90-2dc49b3e55a2,48b737a1-0801-4da1-bb90-93ea920757cf,1751e8e6-7cf5-4493-8a30-d6e09efdcef5,@virtualcontributorvcea8ef0dd49fe408691=alkem.io:matrix-acc.alkem.io,a6e3b064-56fc-4caa-8ff1-f08a3ad7b6a6,0,account,a52d06f5-2e36-4e4f-8890-20167cabfa03
7f396a86-2842-4b6e-aa5b-4cafb5d5891e,"2024-07-26 12:04:13.077778","2024-07-26 12:05:04.000000",3,vc-26july2024,35d07832-380a-4163-948d-716e94b232bf,1963dfbf-6d0c-4548-99ad-16bd6944fdfb,6091ea2a-58d1-49e2-9367-21966f4664b1,@virtualcontributorvc26july2024=alkem.io:matrix-acc.alkem.io,05b83616-5306-43f6-a38e-f7246b270681,1,public,4fe5bd28-4f33-412f-9fb4-f976957c3e7b
810c020b-13b2-4252-b071-1e8935100899,"2024-04-10 12:56:34.101512","2024-08-27 14:18:54.561094",1,v-p-37465f1b-021a-4134-bb,62f62177-51d4-48f9-9899-9dbccf54de0b,e4619771-925d-4bb5-b7b9-974167a92348,fb502e13-811f-4b9d-8c47-21b2e674d6f6,@virtualcontributorvp37465f1b021a4134bb=alkem.io:matrix-acc.alkem.io,fa7550c2-78b1-402d-9b22-e8733aa48137,0,account,d0c66be2-6068-4712-abae-478ddcd66002
82a85226-4881-4979-9251-444a7bf5f998,"2024-08-12 07:25:28.986619","2024-08-12 07:25:29.000000",2,test-vc-flow-003,c72d610c-4546-44d5-aa1e-f7bc715c54bf,b710c660-7f04-4c3e-8601-9697f49357b7,c2dd0467-acf2-4bcb-abc1-84a408bacd3d,@virtualcontributortestvcflow003=alkem.io:matrix-acc.alkem.io,cc104c9b-3d2c-4258-8c28-b395cd41cdc8,1,account,863d4c6f-7275-486c-b12b-29763dc632e1
84b45e40-4698-4d30-a966-6b22a25cbbf0,"2024-05-20 07:36:40.515812","2024-08-27 14:18:54.592161",1,v-p-605983b0-71a7-4be7-b6,9fcab6f5-654b-4731-a981-65c89ced2797,835e9773-8f34-495e-9306-c33f35f71cf3,e632d4ba-59ba-4b6e-909b-2b100e3a63ff,@virtualcontributorvp605983b071a74be7b6=alkem.io:matrix-acc.alkem.io,fa7550c2-78b1-402d-9b22-e8733aa48137,0,account,9c3714f8-bb70-4c35-97b2-8b9165815175
84bad521-77f7-4286-9b57-dd596dee823f,"2024-04-10 12:47:17.650179","2024-08-27 14:18:54.625370",1,v-p-b6e1bb8c-72b1-4dc7-9c,46cff00a-0cd8-45bd-85e1-3335f38cfeb6,4567fcfc-d690-4e1f-97fa-5501b1183ab3,9c85f9cf-06ed-4890-8693-7fcff1978764,@virtualcontributorvpb6e1bb8c72b14dc79c=alkem.io:matrix-acc.alkem.io,fa7550c2-78b1-402d-9b22-e8733aa48137,0,account,cd9aa585-de8d-4c80-b47a-21defb3555e3
857aaaaf-2576-4fe4-9f85-4eebecf478ce,"2024-07-01 07:27:46.382427","2024-07-01 07:27:46.000000",2,neil-vc,7e09e886-968f-4ea6-8020-bed6dbb8cf7e,7e595ab8-1efe-4b2c-b151-3e6074450bb9,97a0bd26-64f3-4d4a-bc7f-745b0eabffaf,@virtualcontributorneilvc=alkem.io:matrix-acc.alkem.io,0e089d76-519f-422e-b3b2-ea2ffa9ac6af,1,account,2d1af4f7-017c-4d92-abcc-e9a84d66628d
864d435b-ddf9-4a42-8e41-f28cbe6d0ad9,"2024-06-05 10:20:58.436359","2024-08-27 14:18:51.992215",2,v-c-fbc97f39-cfb2-4824-80,ba07de65-4b7c-413b-8ed6-8167061b0851,ec5e4f7a-ba2e-4eff-b1e9-8b421fc13f67,ba8713bc-d1b8-4237-b9d7-cb157412c2f0,@virtualcontributorvcfbc97f39cfb2482480=alkem.io:matrix-acc.alkem.io,a4d38e19-c3ef-459e-bdba-1ef299f7e891,0,account,bf62e43c-13ab-4031-aa4d-c44495acf516
87e14a3f-e18d-4d57-8a16-a4628c5439c9,"2024-06-28 11:42:52.499575","2024-06-28 11:42:52.000000",2,vccampaignmanager,74fe5a3c-8f16-471a-8a30-b46c790ef2c3,6055da9a-66b9-45f4-af9f-dc71d47f3999,de8e7e76-c032-4dc1-8f60-4d2623f94081,@virtualcontributorvccampaignmanager=alkem.io:matrix-acc.alkem.io,a0d57196-f710-41c6-b43d-64c6ccc453a6,1,account,7b9569e5-b8a9-4710-8b3e-12db4afb971d
8a302004-0ed3-4790-b287-281f66126cd5,"2024-08-12 13:05:22.067095","2024-08-12 13:05:22.000000",2,inv,93203ebe-473f-4929-94b7-1d9cdd0e9482,08e456ea-a178-491d-9d8f-5832275c5ca7,88b117cb-766a-4f5c-a847-058dfc6953ff,@virtualcontributorinv=alkem.io:matrix-acc.alkem.io,c2f3e930-59fd-40d4-9112-2067243956c2,1,account,7e6e6cca-076c-490d-8113-d223880fd6d1
8c765e5c-0266-4625-a855-38cba5d21512,"2024-07-05 14:05:04.498261","2024-07-05 14:05:04.000000",2,pesho,532afa24-ce49-4ee4-8d3e-94c3ac4fcc0a,822aa316-ab95-4d85-a354-1ed59971b246,5e4c4f09-6990-49f8-9ae7-8404c7d76e46,@virtualcontributorpesho=alkem.io:matrix-acc.alkem.io,2cffd3b5-95ba-48f4-949a-b279d8d2eb96,1,account,283594b5-6ca8-4afc-ad17-66793acd053d
8ea5d44a-5289-4f11-9ca4-da90ded6197d,"2024-08-09 10:40:52.360418","2024-08-27 14:18:49.787055",2,111,91442524-79ac-4492-9085-6e909aafddd7,ed7e7bb9-5af9-48f7-8f66-8313d6b7cea5,236b7e81-67dc-49ed-9896-4dcdf5d69e07,@virtualcontributor111=alkem.io:matrix-acc.alkem.io,89b950ad-9cbb-4499-9b4e-ca10e3b631d8,1,account,ad464add-5cb9-4a6f-ab67-78e7e1a7eb8f
9079d4c8-d701-41e2-9eae-57ed1f224ed5,"2024-06-25 11:06:19.965938","2024-08-27 14:18:45.655367",6,j25-3-private,f8777878-eb29-4c7c-b06b-2bf43b896a55,de3cd3b3-a5d5-4b24-936b-aa6fd44ea297,4d032d9c-b232-4952-a71c-bff956d8aefd,@virtualcontributorj253private=alkem.io:matrix-acc.alkem.io,c6b8bdfb-6706-472f-8652-d673c637420d,0,account,2fab49dd-bd95-46bf-9d26-c41039045ac5
908c9999-3dfe-44ac-aa25-8264c46a5fda,"2024-07-08 10:46:03.656429","2024-08-27 14:18:29.096678",2,l1-22,f4d5146c-52e5-45e3-a78d-b040517a24eb,827629ff-e21a-4cb7-8fc6-636b895ecf0f,51028d6f-c1e2-4a77-a1d4-076ba87e9e7d,@virtualcontributorl122=alkem.io:matrix-acc.alkem.io,b0ade88f-19f8-4857-a6d5-460f0f52ed32,1,account,d090a4c6-4c4b-45e9-a081-a7eb5d9ea081
91fdd319-7d82-421e-baa9-7fa936652067,"2024-07-01 07:48:35.629309","2024-07-01 09:18:58.000000",3,vcrole,406737ac-7e1e-4b4d-b31e-2fb32516cc65,516a484c-3a9c-4b6d-bcfe-f4e5faec5de9,cf85eae2-107d-418e-adf3-19a5665eb024,@virtualcontributorvcrole=alkem.io:matrix-acc.alkem.io,ca3b0f98-1951-469b-9868-f0a4cb54266c,1,public,126a2d20-ef6b-457b-be4e-ba16cb6e453c
92361477-6e40-428d-84d3-728cdae4f3f6,"2024-06-25 11:06:57.818981","2024-08-27 14:18:45.681592",3,j25-5-hidden,f79bc72d-5778-4170-a61c-245dca4a7422,460fee77-9ff8-4b72-99d0-a85e88cdce7f,5d2aae81-ed13-4196-9681-9673f4973d22,@virtualcontributorj255hidden=alkem.io:matrix-acc.alkem.io,c6b8bdfb-6706-472f-8652-d673c637420d,1,hidden,22c550b6-13f1-47af-8c9d-5e4b1162e7e9
95216dbc-1011-4922-8e77-2d83902eac00,"2024-07-10 14:21:40.713053","2024-08-27 14:18:17.849098",2,123,f5cc53d3-7074-448e-9a35-073d588abda0,94697cc7-603d-445c-9a25-18169b005a52,67d3d74d-e1fe-4563-a9b1-eba991c40644,@virtualcontributor123=alkem.io:matrix-acc.alkem.io,16651281-9212-4d25-8d2b-7e9b314185fe,1,account,2d4d065b-a3cf-44f0-a5e3-3ae2d8805431
977c0a4f-64e4-4707-964e-ebeba30cd579,"2024-08-12 07:24:42.560888","2024-08-28 20:20:50.000000",3,test-vc-flow-002,6b52fd56-d3cf-4194-952c-b10c07746aaf,962c9b6e-2ed9-4579-a3ad-9589dd3968bc,a45e5740-058b-4b34-9f0b-cc29d35fc433,@virtualcontributortestvcflow002=alkem.io:matrix-acc.alkem.io,cc104c9b-3d2c-4258-8c28-b395cd41cdc8,1,public,e12e5420-fc80-42f3-aed2-54e3ade91e46
97bb4c3c-4373-4da8-9ecc-d940ed46b2b8,"2024-06-04 13:56:01.262879","2024-06-24 14:32:10.175590",2,v-c-e8cc514e-d57b-460c-a9,5487fed1-b110-4df0-bc23-83050ad2091c,9bbe0247-2c0b-4de8-aea5-0a944a541ed7,aef48ba5-8731-4e7e-9cad-068025c3c16f,@virtualcontributorvce8cc514ed57b460ca9=alkem.io:matrix-acc.alkem.io,16651281-9212-4d25-8d2b-7e9b314185fe,0,account,8678f077-620e-45aa-8177-be7cd1d1200a
99383430-9b80-410e-8edf-a2c7b76bcd07,"2024-08-13 15:39:48.098716","2024-08-13 15:39:48.000000",2,test-2,f48655ab-0364-4274-a582-3b1b0e15616e,469679e0-6c0b-4f18-bbfc-f116c02316aa,2ab22b35-264a-483c-af25-fc5bfde34f75,@virtualcontributortest2=alkem.io:matrix-acc.alkem.io,c7b07406-7000-402c-9476-74c1ce094b10,1,account,5f327a94-bd6b-4427-8b70-b87b972ae51d
9baa19d8-349a-4e36-8bd2-7cba00eb4e52,"2024-04-17 10:52:19.805473","2024-08-27 14:18:54.657651",1,v-p-f013fed2-054b-4d7d-99,3828cf4c-f3dc-4e54-9104-3a46ed08dd2e,54615ed9-5862-49be-821d-6ec980e87d90,9077b248-7a1c-4225-a3f3-27bc62e364de,@virtualcontributorvpf013fed2054b4d7d99=alkem.io:matrix-acc.alkem.io,fa7550c2-78b1-402d-9b22-e8733aa48137,0,account,3b299202-ab53-4af8-b5d0-fa624226a4e6
9dbd544b-a112-400e-829f-ccfb8fe8506c,"2024-04-10 11:54:50.940771","2024-08-27 14:18:54.683488",1,v-p-d9ee1ba2-69b4-4b08-98,ab2cc558-7690-4338-8eb2-12135a092cae,5e557db2-cd6f-43b9-9db1-f96150d2dbca,960ded6c-5794-4c8b-96d4-2cc901d05a54,@virtualcontributorvpd9ee1ba269b44b0898=alkem.io:matrix-acc.alkem.io,fa7550c2-78b1-402d-9b22-e8733aa48137,0,account,7d4f311f-3401-4d97-a9ec-b8250d6613a0
a5a0d132-fc4c-455f-a9ae-90c85fc4a167,"2024-06-25 12:46:37.117660","2024-06-25 12:46:37.000000",2,spacecontr1,92fcbcd6-12ad-41c6-aef0-d4f86cafc7b1,9801f500-ee76-4dd4-b9e9-f5bdbe17aba7,28ae1d95-c742-41aa-9afb-fc68a36ee038,@virtualcontributorspacecontr1=alkem.io:matrix-acc.alkem.io,0b5e4cd2-1cbe-4ea1-93bd-0498e3568330,1,account,8f5629c9-1932-4b3b-b1a9-8c8127a74a0f
a7066bcc-270a-4962-9341-03defc6d557e,"2024-08-21 09:12:04.756922","2024-08-27 14:18:17.878259",2,11104,85445e72-e876-45d5-901c-7f8b4841d7fc,a1fdfb38-ec36-4467-b086-8a964078e409,705d4d94-b2b6-46be-b4c1-bed8fbe6c6ff,@virtualcontributor11104=alkem.io:matrix-acc.alkem.io,16651281-9212-4d25-8d2b-7e9b314185fe,1,account,6f854835-2774-497a-87af-dc645cf0205b
a74aaa14-c56d-4519-95ed-7836dbe215c7,"2024-06-26 15:28:50.988837","2024-08-27 14:18:45.707535",5,music,dd410240-1fde-4349-b105-3fda3b0d6099,19cbd0cb-0980-4e8c-9b9f-5bead06e6092,35e9ccc9-29dd-4468-9393-1f1a4c32d4e3,@virtualcontributormusic=alkem.io:matrix-acc.alkem.io,c6b8bdfb-6706-472f-8652-d673c637420d,1,account,a5e4aa3b-4ee1-443d-a73e-734ad910574c
a7595cf4-8f01-4261-9beb-b0819269c1a0,"2024-08-12 09:43:27.935511","2024-08-12 13:01:37.000000",3,111-1,4f6a0bd3-d5ee-432b-93bc-b978857480ff,38fb2883-0fb5-4cf8-905e-5331904853c5,157aedbf-9ecf-49f1-8d90-273f845c6784,@virtualcontributor1111=alkem.io:matrix-acc.alkem.io,c2f3e930-59fd-40d4-9112-2067243956c2,1,public,54b24a6a-fda4-44b2-900d-3572227a5b71
a7e18d01-f04b-428e-b9e7-ab25e317014a,"2024-06-11 07:29:14.518730","2024-08-27 14:18:49.472331",9,sp-vs-n-ole,12f049a6-85cc-451f-9357-89e881b76781,0085115c-0622-41e1-8d55-d9ca29a12121,ee4b7d47-6c30-4e6a-bb1a-ac69f1b3410c,@virtualcontributorspvsnole=alkem.io:matrix-acc.alkem.io,89b950ad-9cbb-4499-9b4e-ca10e3b631d8,0,public,fade86ed-91c8-4cfa-9602-88bbe6e27c0e
aa8f3588-a6eb-4797-b73f-20033b870c1c,"2024-08-13 15:38:49.431424","2024-08-13 15:38:49.000000",2,august13vc,a4326d6c-d6c2-47f2-91fb-77ed92cc2150,67f789e6-8a52-4740-86d4-36340b447a89,9e135205-adbf-406e-923a-33afa5b8ba43,@virtualcontributoraugust13vc=alkem.io:matrix-acc.alkem.io,c7b07406-7000-402c-9476-74c1ce094b10,1,account,3dd5fe2c-9c09-4b4e-bc91-dffcf206c5de
aebf5832-d3df-48e6-99d7-266ffa9a1d74,"2024-09-02 11:23:58.633707","2024-09-02 11:23:59.000000",2,vcbobt1,2d06509c-03c8-4e90-b1fe-47374ba20368,c168f8d0-f6c4-462b-aadc-8d8343e51e58,97a901f6-8c97-499d-91cd-fddfc34b11be,@virtualcontributorvcbobt1=alkem.io:matrix-acc.alkem.io,5bfc4164-f720-4047-803c-c1551e112f44,1,account,a07af779-f6d3-4f88-abd2-809dbb4ca243
af690b2a-ab11-4c5a-9b8c-6cd2d8700ebb,"2024-08-29 07:39:32.418576","2024-08-29 07:39:33.000000",2,testwrittenknowledge,6a5300fb-4e3c-416e-98c8-038447fcd114,ce252210-273f-46f6-a47a-9a16d417cdb0,79c07b9d-1130-4d13-a700-eb1c975e62c1,@virtualcontributortestwrittenknowledge=alkem.io:matrix-acc.alkem.io,bf15fb43-80e7-4817-8463-c4917d15cee5,1,account,8ea4ae49-ed63-43b8-b9d9-03ed239ade7a
b15b307c-c8cf-4229-bcb7-cf9d10808cbf,"2024-06-26 07:39:26.318082","2024-06-26 07:39:26.000000",2,sdghelper,7fce334a-c882-47ce-918b-749a9b55cd13,3d69745e-6fa1-46e8-9c05-2c1fda26922f,a0d4e691-4f84-4c9a-8af0-b1241f3d333d,@virtualcontributorsdghelper=alkem.io:matrix-acc.alkem.io,5ab4e4dc-cd6c-4c51-9b9c-a22480f5df6d,1,account,5bc55c93-5b6f-4fcd-8331-f668b863e026
b4129518-acfe-46a0-b93a-da56e266d510,"2024-08-12 13:18:37.404131","2024-08-12 13:18:37.000000",2,777,27d76038-37b8-4dac-98bc-d04c87e4157c,45a5cf91-8259-4b9e-95e0-2157530ab585,98cef95b-a4cc-4a14-a6b2-faf21075d8da,@virtualcontributor777=alkem.io:matrix-acc.alkem.io,292e155a-9023-4495-a821-47861e2fa0c0,1,account,0ad6f32a-530d-445c-b2a1-0e82af1eaa73
b474a953-4e58-4e95-8292-d24a28be8ef7,"2024-06-28 11:31:40.732290","2024-06-28 12:29:06.000000",3,kolio,d7928ec1-ed0c-4e13-a9ec-994574d7d805,3f1906e7-f4ee-4253-8cbc-37d79995d887,86176e24-95be-447f-aebb-d519e18bcd8f,@virtualcontributorkolio=alkem.io:matrix-acc.alkem.io,b666fd38-ce1b-4e31-bf74-2729604a1943,1,public,63f555f0-d9e4-4cd8-9033-dcc1c20a37d2
b833c2d1-8353-42ac-a9b7-063f78ef3717,"2024-08-12 07:35:09.729304","2024-08-12 07:35:09.000000",2,test-vc-flow-dd-002,5bffda2e-889e-4f6e-828c-c6e083b4efb2,7bd20983-84ad-4752-a580-02c605419910,395e00da-14b5-4ccd-b169-bcd5edee0fa8,@virtualcontributortestvcflowdd002=alkem.io:matrix-acc.alkem.io,4ada08fb-d1f4-4d1f-9ded-c55635c2f6f8,1,account,8b1e3308-437d-4aa8-9ed4-75f0c3c63dbc
bc825cec-10e2-40d4-9b61-25966ed661d3,"2024-06-11 07:30:02.220866","2024-08-27 14:18:49.496754",2,onen,82e2b190-1412-483b-8967-bbdc5b2a5f48,c2cded30-7216-4242-ac63-d303005ab90c,440ef5f7-58b3-4aaa-b67d-481fdc627686,@virtualcontributoronen=alkem.io:matrix-acc.alkem.io,89b950ad-9cbb-4499-9b4e-ca10e3b631d8,0,account,5044275c-601c-4f46-ae0a-bf38577f88fb
bcc94acf-9148-434d-a2cf-314d60f7a4e3,"2024-08-21 07:40:51.539136","2024-08-21 07:40:51.000000",2,alkemiocommunityexpert,2a9794cc-8330-412a-a973-288dc44f1a1b,ae2f7d03-2cf6-41a3-9535-3a849bf6eafa,fd9a58b3-ce19-4769-9fa1-4484637e8c76,@virtualcontributoralkemiocommunityexpert=alkem.io:matrix-acc.alkem.io,c980ab0d-eccc-42ed-978c-5eecf9dbe0e0,1,account,60d2f77c-877a-4e86-9aa6-442637d9fbc0
c1fa541c-f25c-4af7-b6e2-bc76c77c615d,"2024-06-11 08:17:08.750894","2024-06-24 14:32:11.260156",2,3rd-vc-space-myspaceve1f,e2d420a2-861e-4264-907b-f692d64f3818,5ca07ae7-792d-4967-bbb5-2065528c88e4,6bfa1dab-8895-4937-bce4-8037eab43403,@virtualcontributor3rdvcspacemyspaceve1f=alkem.io:matrix-acc.alkem.io,c3d8de28-5fe5-4610-9401-e70218778ab9,0,account,8575532f-c08f-4933-a0f5-b847fa4855a1
c2d3037b-3823-4e33-895f-4dc9c8bb83b6,"2024-04-10 12:43:47.019485","2024-08-27 14:18:54.715785",1,v-p-2ae1bdb2-f695-4308-9f,1140fa65-17c3-412b-82a7-2be3a78da809,827d8192-bb7a-4f58-bc91-717def73c0ed,988689c4-51ef-46d8-a08e-a65cb72c90a6,@virtualcontributorvp2ae1bdb2f69543089f=alkem.io:matrix-acc.alkem.io,fa7550c2-78b1-402d-9b22-e8733aa48137,0,account,b410736c-8c5d-49a6-ae1e-9c9a15e47ed4
c863bc5a-98fd-4464-95f1-22a7eb5fe846,"2024-06-03 12:52:18.430004","2024-08-27 14:19:03.417986",3,v-c-0f867e42-45e8-4dbb-99,7d59af92-8921-48f6-86e4-9b6fe0063311,b4d62bf2-6409-4481-9b20-e8a7228a6045,a0ebf28f-df66-46e5-a467-b152b776b741,@virtualcontributorvc0f867e4245e84dbb99=alkem.io:matrix-acc.alkem.io,5ab4e4dc-cd6c-4c51-9b9c-a22480f5df6d,0,public,e1ea649b-554a-4605-8ee3-a6aa90da6369
ca982254-4833-419f-aaf7-73e3d81cd3e7,"2024-04-10 13:34:47.374747","2024-08-27 14:18:54.741926",1,v-p-f4302792-ea9c-48b4-a8,6826db67-f548-450b-8422-1a65229be4c4,07b0bfe0-bd60-42a2-9f3e-3d38645567b5,a477b1a0-bd9b-4216-b4fe-13fee6909e6e,@virtualcontributorvpf4302792ea9c48b4a8=alkem.io:matrix-acc.alkem.io,fa7550c2-78b1-402d-9b22-e8733aa48137,0,account,5ba72250-f352-44ab-bcdc-a816137249a4
ccc59b56-5d17-494a-8c42-6a08cc4a0d34,"2024-08-12 13:20:52.505586","2024-08-12 13:20:52.000000",2,778,074409b2-4545-4e57-af03-b0f30e7134dc,0a59dccc-9a4a-4a62-847d-ed4d32d5422c,6fabc241-d874-4b8d-900d-df3e1a4ecd2d,@virtualcontributor778=alkem.io:matrix-acc.alkem.io,292e155a-9023-4495-a821-47861e2fa0c0,1,account,bebeec42-f1d4-4bd4-9b4b-d6d81220e91e
cd4b721a-92f4-43e2-820f-0d88263de3e8,"2024-06-28 09:03:50.028376","2024-08-27 14:18:45.738500",2,botev,9879b1a5-b456-4b0a-9956-8ee399709c55,02e16653-551d-47ca-8a25-91c20474e4e2,14e979e4-1bda-4a21-adb7-5b931db094d1,@virtualcontributorbotev=alkem.io:matrix-acc.alkem.io,c6b8bdfb-6706-472f-8652-d673c637420d,1,account,e6ea3d9b-491c-4282-a35d-2c7b525cf4a9
cef28354-1f17-4954-9e58-ebf421bd0664,"2024-06-25 11:05:34.955461","2024-08-27 14:18:45.765060",8,j25-3-publicnotinlibra,393056d9-36ed-4c90-ad5a-aafb9d62f693,5d55f2af-5ff1-4d3a-b6e6-46fe7ea8050a,f2059c01-da7a-4f9d-925f-12e5756bc18a,@virtualcontributorj253publicnotinlibra=alkem.io:matrix-acc.alkem.io,c6b8bdfb-6706-472f-8652-d673c637420d,0,public,121ae91b-e387-4394-bd82-5639e10e72c5
d1b1b362-86ef-4706-af1f-b5614ac0bb0d,"2024-06-05 10:27:57.704349","2024-07-08 12:36:05.000000",4,v-c-ec979e1c-087d-4b32-93,d0c9f23b-f455-4388-bde6-40bd7333ada7,454c6646-9b8d-4890-b772-040d1a6f954f,d5f29d99-d2e6-4fc9-bef7-3405bcbd187f,@virtualcontributorvcec979e1c087d4b3293=alkem.io:matrix-acc.alkem.io,7f708aca-b187-4542-9fc1-a73f3f7b87a4,1,public,a0b7d2ae-6962-46e3-874f-6cf6a3624073
d1d842bb-495e-4075-ad7b-68570ca760ff,"2024-06-26 10:35:20.513101","2024-08-27 14:18:45.789796",2,j25-admin,536b6383-77f4-439b-bd4e-eab088a19b24,629adf79-568e-4605-a1f2-92f555de84f1,e6be3f13-9013-4481-b7ce-3285826c0d95,@virtualcontributorj25admin=alkem.io:matrix-acc.alkem.io,c6b8bdfb-6706-472f-8652-d673c637420d,1,account,ebc0d91d-9b7c-4023-867f-5c5d73cd2993
d1eb15fa-ae1a-4ba0-8160-1e5931a09497,"2024-06-28 23:09:59.280004","2024-08-27 14:18:17.903407",3,mymyvc,1086bbce-4010-4ec1-bd4c-9729ac18e259,0db8b695-ceeb-4a62-95c3-a27e792ca341,2a83d79a-b745-4621-9164-e65d28a83105,@virtualcontributormymyvc=alkem.io:matrix-acc.alkem.io,16651281-9212-4d25-8d2b-7e9b314185fe,1,public,7b74bb9a-e6ef-48c3-bf6b-daea728db031
d242537d-fe97-4903-8734-c04bbead2032,"2024-07-05 13:59:55.400129","2024-07-05 13:59:55.000000",2,vc1222,81948690-d134-4c63-ad8d-2ac03c5cd04d,208af94f-e4a6-48fd-8bdd-efb5d867f451,40aa9cea-e1ef-4f74-bf92-7d1a92f68035,@virtualcontributorvc1222=alkem.io:matrix-acc.alkem.io,d5bcb662-9192-4ed9-be39-3f7c6de43029,1,account,c5866d98-2f6b-4795-8aca-51605af985c3
d5afef5f-c261-49f7-8da2-e356a0375743,"2024-08-12 10:53:10.657384","2024-08-12 10:53:10.000000",2,222-1,295733b6-d094-4266-805f-d75eb8dc5412,218d0e64-5692-4079-83fb-23c327db912e,cddf9c3c-48a2-489f-ad54-6e8298483c64,@virtualcontributor2221=alkem.io:matrix-acc.alkem.io,c2f3e930-59fd-40d4-9112-2067243956c2,1,account,2c008af5-b0aa-483a-9265-794a1eb68968
d7331bdd-64f1-43b6-9a5c-3b7f30479646,"2024-04-10 11:47:20.802960","2024-08-27 14:18:54.769126",1,v-p-81c69682-52fd-4d91-ad,2379ba16-f67b-41ed-a699-60c486b4fb93,dfb72314-14f2-4ddd-a5c0-71de24ed3f0c,916dc51f-db9b-44a9-83e1-5bedcdef169e,@virtualcontributorvp81c6968252fd4d91ad=alkem.io:matrix-acc.alkem.io,fa7550c2-78b1-402d-9b22-e8733aa48137,0,account,7135d11c-59d1-41e4-b116-7d5abc59bf4e
db70703c-048e-4c0b-a4e4-1a9f4b772153,"2024-04-10 12:41:31.173659","2024-08-27 14:18:54.795589",1,v-p-d60b8a12-ceee-4dad-a6,a817cd98-c65d-4eab-be66-a42bbf81c352,d72c9c65-25e8-4ddd-99a0-99faa71ee1f4,2c7dbd44-c7d8-4fc6-a1e9-01ddc21508ce,@virtualcontributorvpd60b8a12ceee4dada6=alkem.io:matrix-acc.alkem.io,fa7550c2-78b1-402d-9b22-e8733aa48137,0,account,826ba61a-2e25-438e-a2a8-485e925b60a5
dd1818c0-96ab-49d8-b7ad-a10018f6d2bf,"2024-08-28 15:23:26.912222","2024-08-28 15:23:27.000000",2,evgeniadminvc,44996b12-0048-48f7-8940-738d28a0883e,7ffc0198-0c2e-4ea9-95f7-a0b778636044,a5439542-036a-48d9-9c6e-9e4a8fe656b6,@virtualcontributorevgeniadminvc=alkem.io:matrix-acc.alkem.io,fe5933a6-ad54-460c-a383-b1cbd6a383ab,1,account,343d203c-fe39-4e9a-9631-132ec3e7d0c0
df420d8d-1eaa-42e2-9891-dd8cbfed73f6,"2024-07-18 12:40:17.474783","2024-07-18 12:40:17.000000",2,mountains,dbf30a17-a384-4719-a21a-f798ae76b7ec,658d19c2-cd42-4005-8ba2-42911fd2e853,abcd24a9-7066-4b4d-817e-298b2c59358e,@virtualcontributormountains=alkem.io:matrix-acc.alkem.io,47e3d41a-6b65-4592-ab36-f3da0f322cb2,1,account,cf1311cb-0e9b-4d59-a305-88fe0ba72f96
e104cc7a-4601-4f95-af97-f0d4f0192e7b,"2024-07-01 09:22:24.926502","2024-07-01 09:22:24.000000",2,test-vc,076480f3-6d9d-4983-8956-41bd1f18b647,8ee27e1f-3667-4b37-bce2-58869b2bcd2e,35f665e3-dc0c-45dc-97d8-7f1fe8f7dece,@virtualcontributortestvc=alkem.io:matrix-acc.alkem.io,cc104c9b-3d2c-4258-8c28-b395cd41cdc8,1,account,66723d12-ae4b-4a72-b250-f45110878655
e3337011-2ddc-42d4-a485-38edc9180e3f,"2024-07-01 10:19:21.875509","2024-07-01 10:20:02.000000",3,test-vc-002,cf451a4a-49a0-45c0-9c26-c9339b9babdc,1655abd9-0da7-4354-b86e-057e06851db6,02b39514-32c0-4883-aafe-1b32e6d20af1,@virtualcontributortestvc002=alkem.io:matrix-acc.alkem.io,ed0580e1-7559-4c0c-9e5b-2f7b51190224,1,public,ee9c8966-051c-416b-86fc-47c49937f667
e3d44f30-c997-45e7-bccc-f41e5e3c524b,"2024-06-18 11:45:17.396540","2024-06-24 14:32:12.301709",2,423141,cbcd8437-907d-4325-95e6-7ec1a3948259,953c1fe0-6af1-44c4-a98f-84f2094b4b5e,e9d042bb-fdd3-4c8f-b909-476a199c3eba,@virtualcontributor423141=alkem.io:matrix-acc.alkem.io,754ada46-3dbf-426a-b783-b0ace8d3ee90,0,account,ee2a8b5d-48ac-4829-a382-0c3c76a4a3e2
e6972952-dab6-46ac-9bee-8b5eff791528,"2024-04-10 12:46:04.971748","2024-08-27 14:18:54.829651",1,v-p-4ba8d0f0-436c-44db-9a,3b21b8e7-3241-4ada-817f-da6d0aba5198,977b876d-7342-4eef-ac5e-ab37be46edfc,b46563c7-ddb6-44bb-b136-5dd8b63b6387,@virtualcontributorvp4ba8d0f0436c44db9a=alkem.io:matrix-acc.alkem.io,fa7550c2-78b1-402d-9b22-e8733aa48137,0,account,dbc20f86-3eee-4ed6-a921-a4c12dcf1499
e6c723f1-24c2-4557-a21b-38b64dd083fe,"2024-04-10 12:32:40.821257","2024-08-27 14:18:54.867220",1,v-p-5ea97168-a3c8-4c36-82,9a824c8a-e9f1-4a57-b37f-55786d45e63f,aefe7eaa-891c-47c9-8377-bc4d70077f58,6f2d54b9-ea4d-4d8b-b353-923669f832a7,@virtualcontributorvp5ea97168a3c84c3682=alkem.io:matrix-acc.alkem.io,fa7550c2-78b1-402d-9b22-e8733aa48137,0,account,0f99c9e9-bcac-4fe1-beef-ff1b5b6375bc
e7e6b1ca-cf50-4f8d-b02a-a7e2836f5798,"2024-07-05 14:29:36.770624","2024-07-05 14:29:36.000000",2,extravc1,8e5ab7b2-5f29-4f9b-a6c3-d94d9e0f4373,de9d20d8-0e4f-4098-8f1c-76e2525a0fb7,6dbd81cf-f20b-45f3-9e28-83d16a904f54,@virtualcontributorextravc1=alkem.io:matrix-acc.alkem.io,d5bcb662-9192-4ed9-be39-3f7c6de43029,1,account,bf92fc82-8a72-4310-a66c-df6aa134e1b4
eb60d506-e725-4fff-b03e-7ce830d512b7,"2024-08-29 08:22:11.568709","2024-08-29 08:24:21.000000",3,73august29,d3efdca9-7efc-465a-b745-db6d2d2d3a6e,fb6ae191-e627-4a58-a0c4-f32c171aff26,e2013040-ce90-4065-b1b7-23c2a70b592f,@virtualcontributor73august29=alkem.io:matrix-acc.alkem.io,1a2b11a6-cd7f-4b67-8d6e-aa00caf9b8da,1,public,aab86332-aa96-4b30-b173-f145996b3845
ec73e3e8-19aa-4cef-9273-16cf627fc8ed,"2024-06-17 15:45:13.885603","2024-08-27 14:18:17.578684",2,ch1,56172957-1893-4f13-89d5-f226b5dbc0c1,ae3bf9de-34b0-4dac-9e5a-f594be21c220,c5152c99-4911-40dd-8f7f-fea76eb6ff14,@virtualcontributorch1=alkem.io:matrix-acc.alkem.io,16651281-9212-4d25-8d2b-7e9b314185fe,0,account,976011bd-70a7-4fb9-857f-d4569c62ed95
f29ae872-c89f-4a57-8299-1dd82a62c872,"2024-06-25 13:30:37.479260","2024-08-27 14:19:07.035450",3,1122,b856f899-a13f-4941-8a4f-8a5fc2b6c719,55bba3ee-ab61-4e9c-8a2d-205f0c9c9a75,916c6bd4-0ea9-4374-b2ad-5127383beb39,@virtualcontributor1122=alkem.io:matrix-acc.alkem.io,d2fd58ee-7214-41e4-a1fb-c4c6efe16d55,1,hidden,e7616751-fa1a-49de-9576-fe526a7a0265
f77ef61f-bb50-40dd-86c6-185bf617965c,"2024-08-14 06:48:28.443528","2024-08-27 14:18:32.277543",2,2314,4b056f29-a097-4392-a42b-dcc88f94110f,39d6e0c7-2b03-44e2-8867-349d2a232f49,66095fd2-8977-455a-9def-130e69f96927,@virtualcontributor2314=alkem.io:matrix-acc.alkem.io,9671d5e7-770b-495c-9bdf-65a8f7d4ac09,1,account,4515fb85-0adb-47cc-9b77-5143fa5e9cfe
f7e3631e-5841-4499-b3e4-918930aaa92a,"2024-08-28 20:01:02.543010","2024-08-28 20:01:03.000000",2,123r8,b65984e9-ca91-49f0-b93c-1078b1cc3a0c,7f4cc583-b696-4b86-83b1-04bebed1b667,583dff46-2cfb-46a8-be65-70446e07757a,@virtualcontributor123r8=alkem.io:matrix-acc.alkem.io,bf15fb43-80e7-4817-8463-c4917d15cee5,1,account,36a4fdc6-81cd-4419-b40f-c3c0096dc2ca
fb6a8a39-9df4-461e-a9e0-0d10a957841c,"2024-08-12 13:22:00.205542","2024-08-27 14:18:17.930988",2,776,d70e48d0-5469-4212-ba7b-3303b313d8c8,441b57ee-b836-495a-80ad-40fa2baa327c,0ed4fc87-5274-4308-badd-3aa74a861d18,@virtualcontributor776=alkem.io:matrix-acc.alkem.io,16651281-9212-4d25-8d2b-7e9b314185fe,1,account,65778df8-f46d-4d1a-aff7-918252fb8e9a
fbb5c0fd-2e1a-42bb-ae38-430bd016c48a,"2024-08-28 11:33:43.669012","2024-08-28 20:09:29.000000",3,august27vc,17374b70-918d-41b1-aa39-89c7719cbbe4,3973472f-42ea-4838-9494-c4740f9f515b,427aee01-a155-417a-863f-563effca0db3,@virtualcontributoraugust27vc=alkem.io:matrix-acc.alkem.io,bf15fb43-80e7-4817-8463-c4917d15cee5,1,public,53229611-c2af-4668-bef6-946beca3bd81
fbc9ec5c-c2e6-412c-83c2-60c8f740874d,"2024-06-05 08:27:30.222387","2024-08-27 14:18:51.658023",2,v-c-c41a0075-d143-4176-9f,19c2c0bf-b277-4340-9b15-45025ca65e9a,557fc181-10a4-4022-bcbc-4f30289c117f,9a9a43d8-0a7b-499e-9380-1058fb1bfa7e,@virtualcontributorvcc41a0075d14341769f=alkem.io:matrix-acc.alkem.io,5b5c47b0-2b44-4d38-9ca9-4b23d06072db,0,account,3122b221-9ee9-4d91-abe3-61cfb24716b7
